{
	"format_version": "1.8.0",
	"animations": {
		"idle": {
			"loop": "hold_on_last_frame",
			"animation_length": 30,
			"bones": {
				"Head": {
					"rotation": {
						"0.0": {
							"vector": [5, 0, 0]
						},
						"1.0": {
							"vector": [7.83177, 11.18756, -18.88369]
						}
					}
				},
				"Head2": {
					"rotation": {
						"0.0": {
							"vector": [-30, 0, 0]
						},
						"0.25": {
							"vector": [5, 0, 0]
						}
					}
				},
				"LeftArm": {
					"rotation": {
						"0.0": {
							"vector": [-78.7894, -40.22527, -13.15984]
						},
						"0.5": {
							"vector": [-84.33375, -21.49769, "-15.5017+math.sin(query.anim_time*1440)*-1"]
						}
					}
				},
				"RightLeg": {
					"rotation": {
						"0.0": {
							"vector": [6.55423, 4.626, 2.82647]
						},
						"0.5": {
							"vector": [43.59538, -3.02453, 4.84254]
						},
						"1.0": {
							"vector": ["21.0954+math.sin(query.anim_time*720)*3", -3.02453, 4.84254]
						}
					},
					"position": {
						"0.0": {
							"vector": [-1, -0.08724, -1.9981]
						},
						"1.0": {
							"vector": [-1, 0.87593, -1.74118]
						}
					}
				},
				"LeftLeg": {
					"rotation": {
						"0.0": {
							"vector": [4.04868, -4.74483, -2.62177]
						},
						"0.5": {
							"vector": [41.1112, 2.80677, -4.7512]
						},
						"1.0": {
							"vector": ["18.6112+math.sin(query.anim_time*720)*3", 2.80677, -4.7512]
						}
					},
					"position": {
						"0.0": {
							"vector": [1, -0.08724, -1.9981]
						},
						"1.0": {
							"vector": [1, 0.87593, -1.74118]
						}
					}
				},
				"Tail": {
					"rotation": {
						"0.0": {
							"vector": [0, 0, 0]
						},
						"1.0": {
							"vector": [27.5, 0, 0]
						}
					}
				},
				"Body": {
					"rotation": {
						"0.0": {
							"vector": [0, 0, 0]
						},
						"0.5": {
							"vector": ["15+math.sin(query.anim_time*1440)*0.1", 0, 0]
						}
					},
					"position": {
						"vector": [0, -7, 4]
					}
				},
				"LeftArm2": {
					"rotation": {
						"0.0": {
							"vector": [6.30874, -3.68864, 47.61485]
						},
						"0.5": {
							"vector": [9.61771, -13.34855, 24.26701]
						},
						"1.0": {
							"vector": [43.97111, -47.67671, 16.08459]
						}
					},
					"position": {
						"vector": [0.44829, -0.1889, 0.11555]
					}
				},
				"RightArm": {
					"rotation": {
						"0.0": {
							"vector": [-78.7894, 40.22527, 13.15984]
						},
						"0.5": {
							"vector": [-84.33375, 21.49769, "15.5017+math.sin(query.anim_time*1440)*1"]
						}
					}
				},
				"RightArm2": {
					"rotation": {
						"0.0": {
							"vector": [6.30874, 3.68864, -47.61485]
						},
						"0.5": {
							"vector": [9.61771, 13.34855, -24.26701]
						},
						"1.0": {
							"vector": [41.47111, 47.67671, -16.08459]
						}
					},
					"position": {
						"vector": [-0.44829, -0.1889, 0.11555]
					}
				},
				"RightArm3": {
					"rotation": {
						"vector": [40.89339, 20.70481, -22.20765]
					}
				},
				"LeftArm3": {
					"rotation": {
						"vector": [40.89339, -20.70481, 22.20765]
					}
				},
				"LeftLeg2": {
					"rotation": {
						"0.0": {
							"vector": [67.5, 0, 0]
						},
						"1.0": {
							"vector": [90, 0, 0]
						}
					}
				},
				"RightLeg2": {
					"rotation": {
						"0.0": {
							"vector": [67.5, 0, 0]
						},
						"1.0": {
							"vector": [90, 0, 0]
						}
					}
				},
				"Torso2": {
					"rotation": {
						"0.0": {
							"vector": [-30, 0, 0]
						},
						"0.5": {
							"vector": [0, 0, 0]
						}
					}
				}
			}
		}
	},
	"geckolib_format_version": 2
}