{
	"format_version": "1.8.0",
	"animations": {
		"clap": {
			"animation_length": 0.75,
			"bones": {
				"right_arm": {
					"rotation": {
						"0.0": {
							"vector": [-120, 40, 0]
						},
						"0.125": {
							"vector": [-120, 40, 0]
						},
						"0.1667": {
							"vector": [-113.08641, -12.36555, 25.57619]
						},
						"0.25": {
							"vector": [-120, 40, 0]
						},
						"0.2917": {
							"vector": [-120, 40, 0]
						},
						"0.3333": {
							"vector": [-113.08641, -12.36555, 25.57619]
						},
						"0.4167": {
							"vector": [-120, 40, 0]
						},
						"0.625": {
							"vector": [-120, 40, 0]
						},
						"0.6667": {
							"vector": [-113.08641, -12.36555, 25.57619]
						},
						"0.75": {
							"vector": [-120, 40, 0]
						}
					},
					"position": {
						"0.0": {
							"vector": [0, 0, 0]
						},
						"0.125": {
							"vector": [0, 0, 0]
						}
					}
				},
				"left_arm": {
					"rotation": {
						"0.0": {
							"vector": [-120, 30, 0]
						},
						"0.125": {
							"vector": [-120, 30, 0]
						},
						"0.1667": {
							"vector": [-113.76575, 49.83368, -13.77237]
						},
						"0.25": {
							"vector": [-120, 30, 0]
						},
						"0.2917": {
							"vector": [-120, 30, 0]
						},
						"0.3333": {
							"vector": [-113.76575, 49.83368, -13.77237]
						},
						"0.4167": {
							"vector": [-120, 30, 0]
						},
						"0.625": {
							"vector": [-120, 30, 0]
						},
						"0.6667": {
							"vector": [-113.76575, 49.83368, -13.77237]
						},
						"0.75": {
							"vector": [-120, 30, 0]
						}
					},
					"position": {
						"0.0": {
							"vector": [-1, 0, -2]
						},
						"0.125": {
							"vector": [-1, 0, -2]
						}
					}
				}
			}
		}
	},
	"geckolib_format_version": 2
}