{
	"format_version": "1.8.0",
	"animations": {
		"idle": {
			"loop": true,
			"animation_length": 6,
			"bones": {
				"bone": {
					"rotation": {
						"0.0": {
							"vector": [0, -15, 0]
						},
						"1.0": {
							"vector": [0, -15, 0]
						},
						"2.0": {
							"vector": [0, -15, 0]
						},
						"3.0": {
							"vector": [0, -15, 0]
						},
						"4.0": {
							"vector": [0, -15, 0]
						},
						"5.0": {
							"vector": [0, -15, 0]
						},
						"6.0": {
							"vector": [0, -15, 0]
						}
					},
					"position": {
						"0.0": {
							"vector": [0, 0, 0]
						},
						"1.0": {
							"vector": [0, -1, 0]
						},
						"2.0": {
							"vector": [0, 0, 0]
						},
						"3.0": {
							"vector": [0, -1, 0]
						},
						"4.0": {
							"vector": [0, 0, 0]
						},
						"5.0": {
							"vector": [0, -1, 0]
						},
						"6.0": {
							"vector": [0, 0, 0]
						}
					}
				},
				"head": {
					"rotation": {
						"0.0": {
							"vector": [10, 22.5, 0]
						},
						"0.4167": {
							"vector": [6.96375, 22.5, 0]
						},
						"0.9167": {
							"vector": [4.63083, 22.5, 0]
						},
						"1.2083": {
							"vector": [12.89285, 22.5, 0]
						},
						"2.0": {
							"vector": [10, 22.5, 0]
						},
						"2.4167": {
							"vector": [6.96375, 22.5, 0]
						},
						"2.8333": {
							"vector": [5.01965, 22.5, 0]
						},
						"3.1667": {
							"vector": [7.76256, 39.8689, 2.51966]
						},
						"4.0": {
							"vector": [12.70923, 39.8689, 2.51966]
						},
						"4.4167": {
							"vector": [6.96375, 22.5, 0]
						},
						"4.9167": {
							"vector": [4.63083, 22.5, 0]
						},
						"5.2083": {
							"vector": [12.89285, 22.5, 0]
						},
						"6.0": {
							"vector": [10, 22.5, 0]
						}
					}
				},
				"Larm": {
					"rotation": {
						"0.0": {
							"vector": [0, -15, 0]
						},
						"1.0": {
							"vector": [-5, -15, 0]
						},
						"2.0": {
							"vector": [0, -15, 0]
						},
						"3.0": {
							"vector": [-5, -15, 0]
						},
						"4.0": {
							"vector": [0, -15, 0]
						},
						"5.0": {
							"vector": [-5, -15, 0]
						},
						"6.0": {
							"vector": [0, -15, 0]
						}
					},
					"position": {
						"0.0": {
							"vector": [0, 0, 0]
						},
						"1.0": {
							"vector": [0, -1, 0]
						},
						"2.0": {
							"vector": [0, 0, 0]
						},
						"3.0": {
							"vector": [0, -1, 0]
						},
						"4.0": {
							"vector": [0, 0, 0]
						},
						"5.0": {
							"vector": [0, -1, 0]
						},
						"6.0": {
							"vector": [0, 0, 0]
						}
					}
				},
				"Rarm": {
					"rotation": {
						"0.0": {
							"vector": [0, 22.5, 0]
						},
						"1.0": {
							"vector": [-5, 22.5, 0]
						},
						"2.0": {
							"vector": [0, 22.5, 0]
						},
						"3.0": {
							"vector": [-5, 22.5, 0]
						},
						"3.5": {
							"vector": [-0.18374, 22.899, 10.83343]
						},
						"3.625": {
							"vector": [-3.56566, 22.40566, -2.94802]
						},
						"4.0": {
							"vector": [0, 22.5, 0]
						},
						"5.0": {
							"vector": [-5, 22.5, 0]
						},
						"6.0": {
							"vector": [0, 22.5, 0]
						}
					},
					"position": {
						"0.0": {
							"vector": [0, 0, 0]
						},
						"1.0": {
							"vector": [0, -1, 0]
						},
						"2.0": {
							"vector": [0, 0, 0]
						},
						"3.0": {
							"vector": [0, -1, 0]
						},
						"4.0": {
							"vector": [0, 0, 0]
						},
						"5.0": {
							"vector": [0, -1, 0]
						},
						"6.0": {
							"vector": [0, 0, 0]
						}
					}
				},
				"Rfinger": {
					"rotation": {
						"2.875": {
							"vector": [0, 0, 0]
						},
						"3.4583": {
							"vector": [0, 0, 17.5]
						},
						"3.625": {
							"vector": [0, 0, -42.5]
						},
						"4.125": {
							"vector": [0, 0, 0]
						}
					}
				},
				"Rthumb": {
					"rotation": {
						"2.875": {
							"vector": [0, 0, 0]
						},
						"3.4583": {
							"vector": [0, 0, -22.5]
						},
						"3.625": {
							"vector": [37.5, 0, 10]
						},
						"4.125": {
							"vector": [0, 0, 0]
						}
					}
				},
				"Rleg": {
					"rotation": {
						"0.0": {
							"vector": [0, 22.5, 0]
						},
						"0.9583": {
							"vector": [0, 25, 0]
						},
						"2.0": {
							"vector": [0, 22.5, 0]
						},
						"2.9583": {
							"vector": [0, 25, 0]
						},
						"4.0": {
							"vector": [0, 22.5, 0]
						},
						"4.9583": {
							"vector": [0, 25, 0]
						},
						"6.0": {
							"vector": [0, 22.5, 0]
						}
					},
					"position": {
						"0.0": {
							"vector": [0, 0, 0]
						},
						"0.9583": {
							"vector": [0, 1, 0]
						},
						"2.0": {
							"vector": [0, 0, 0]
						},
						"2.9583": {
							"vector": [0, 1, 0]
						},
						"4.0": {
							"vector": [0, 0, 0]
						},
						"4.9583": {
							"vector": [0, 1, 0]
						},
						"6.0": {
							"vector": [0, 0, 0]
						}
					}
				},
				"Lleg": {
					"rotation": {
						"0.0": {
							"vector": [0, -2.5, 0]
						},
						"0.9583": {
							"vector": [0, -10, 0]
						},
						"2.0": {
							"vector": [0, -2.5, 0]
						},
						"2.9583": {
							"vector": [0, -10, 0]
						},
						"4.0": {
							"vector": [0, -2.5, 0]
						},
						"4.9583": {
							"vector": [0, -10, 0]
						},
						"6.0": {
							"vector": [0, -2.5, 0]
						}
					},
					"position": {
						"0.0": {
							"vector": [0, 0, 0]
						},
						"0.9583": {
							"vector": [0, 1, 0]
						},
						"2.0": {
							"vector": [0, 0, 0]
						},
						"2.9583": {
							"vector": [0, 1, 0]
						},
						"4.0": {
							"vector": [0, 0, 0]
						},
						"4.9583": {
							"vector": [0, 1, 0]
						},
						"6.0": {
							"vector": [0, 0, 0]
						}
					}
				},
				"Tail1": {
					"rotation": {
						"0.0": {
							"vector": [-32.89875, -8.42145, 5.41207]
						},
						"1.0": {
							"vector": [-33.40659, 12.60837, -8.19252]
						},
						"2.0": {
							"vector": [-32.89875, -8.42145, 5.41207]
						},
						"3.0": {
							"vector": [-33.40659, 12.60837, -8.19252]
						},
						"4.0": {
							"vector": [-32.89875, -8.42145, 5.41207]
						},
						"5.0": {
							"vector": [-33.40659, 12.60837, -8.19252]
						},
						"6.0": {
							"vector": [-32.89875, -8.42145, 5.41207]
						}
					}
				},
				"Tail2": {
					"rotation": {
						"0.0": {
							"vector": [17.75313, 9.53274, 3.03513]
						},
						"0.2917": {
							"vector": [18.01198, -10.49595, -3.38156]
						},
						"0.75": {
							"vector": [18.36844, -15.24121, -4.98045]
						},
						"1.125": {
							"vector": [17.98926, 6.25163, 2.00785]
						},
						"1.4583": {
							"vector": [18.22521, 11.00431, 3.57917]
						},
						"2.0": {
							"vector": [17.75313, 9.53274, 3.03513]
						},
						"2.2917": {
							"vector": [18.01198, -10.49595, -3.38156]
						},
						"2.75": {
							"vector": [18.36844, -15.24121, -4.98045]
						},
						"3.125": {
							"vector": [17.98926, 6.25163, 2.00785]
						},
						"3.4583": {
							"vector": [18.22521, 11.00431, 3.57917]
						},
						"4.0": {
							"vector": [17.75313, 9.53274, 3.03513]
						},
						"4.2917": {
							"vector": [18.01198, -10.49595, -3.38156]
						},
						"4.75": {
							"vector": [18.36844, -15.24121, -4.98045]
						},
						"5.125": {
							"vector": [17.98926, 6.25163, 2.00785]
						},
						"5.4583": {
							"vector": [18.22521, 11.00431, 3.57917]
						},
						"6.0": {
							"vector": [17.75313, 9.53274, 3.03513]
						}
					}
				}
			}
		},
		"run": {
			"loop": true,
			"animation_length": 1,
			"bones": {
				"bone": {
					"rotation": {
						"0.0": {
							"vector": [17.56274, -4.76804, -1.50701]
						},
						"0.5": {
							"vector": [17.64168, 7.15102, 2.26708]
						},
						"1.0": {
							"vector": [17.56274, -4.76804, -1.50701]
						}
					},
					"position": {
						"0.0": {
							"vector": [0, 0, 4]
						},
						"0.25": {
							"vector": [0, 1, 4]
						},
						"0.5": {
							"vector": [0, 0, 4]
						},