{
	"format_version": "1.8.0",
	"animations": {
		"idle": {
			"loop": true,
			"animation_length": 7.95833,
			"bones": {
				"bone": {
					"rotation": {
						"0.0": {
							"vector": [2.5, -15, 0]
						},
						"4.0": {
							"vector": [5, -15, 0]
						},
						"7.9583": {
							"vector": [2.5, -15, 0]
						}
					},
					"position": {
						"0.0": {
							"vector": [0, 0, 0]
						},
						"4.0": {
							"vector": [0, -1, 0]
						},
						"7.9583": {
							"vector": [0, 0, 0]
						}
					}
				},
				"head": {
					"rotation": {
						"0.0": {
							"vector": [2.5, 20, 0]
						},
						"2.0": {
							"vector": [-0.61938, 20, 0]
						},
						"4.625": {
							"vector": [2.15831, 20, 0]
						},
						"7.9583": {
							"vector": [2.5, 20, 0]
						}
					}
				},
				"rightarm": {
					"rotation": {
						"0.0": {
							"vector": [0, 20, 0]
						},
						"4.875": {
							"vector": [-2.5, 20, 0]
						},
						"7.9583": {
							"vector": [0, 20, 0]
						}
					},
					"position": {
						"0.0": {
							"vector": [0, 0, 0]
						},
						"3.3333": {
							"vector": [0, 0, 0]
						},
						"4.875": {
							"vector": [0, -1, 0]
						},
						"7.9583": {
							"vector": [0, 0, 0]
						}
					}
				},
				"left": {
					"rotation": {
						"0.0": {
							"vector": [0, -10, 0]
						},
						"4.875": {
							"vector": [-5, -10, 0]
						},
						"7.9583": {
							"vector": [0, -10, 0]
						}
					},
					"position": {
						"0.0": {
							"vector": [0, 0, 0]
						},
						"3.3333": {
							"vector": [0, 0, 0]
						},
						"4.875": {
							"vector": [0, -1, 0]
						},
						"7.9583": {
							"vector": [0, 0, 0]
						}
					}
				},
				"leftleg": {
					"rotation": {
						"0.0": {
							"vector": [1.5741, -17.43127, -5.24133]
						},
						"4.0": {
							"vector": [6.5741, -17.43127, -5.24133]
						},
						"7.9583": {
							"vector": [1.5741, -17.43127, -5.24133]
						}
					},
					"position": {
						"0.0": {
							"vector": [0, 0, 0]
						},
						"4.0": {
							"vector": [0, 0, -2]
						},
						"7.9583": {
							"vector": [0, 0, 0]
						}
					}
				},
				"rightleg": {
					"rotation": {
						"0.0": {
							"vector": [-1.0548, 30.07756, 2.88657]
						},
						"4.0": {
							"vector": [6.4452, 30.07756, 2.88657]
						},
						"7.9583": {
							"vector": [-1.0548, 30.07756, 2.88657]
						}
					},
					"position": {
						"0.0": {
							"vector": [0, 0, 0]
						},
						"4.0": {
							"vector": [0, 0, -2]
						},
						"7.9583": {
							"vector": [0, 0, 0]
						}
					}
				}
			}
		},
		"run": {
			"loop": true,
			"animation_length": 4,
			"bones": {
				"bone": {
					"rotation": {
						"0.0": {
							"vector": [0, -5, 0]
						},
						"2.0": {
							"vector": [0, 5, 0]
						},
						"4.0": {
							"vector": [0, -5, 0]
						}
					},
					"position": {
						"0.0": {
							"vector": [0, 0, 0]
						},
						"4.0": {
							"vector": [0, 0, 0]
						}
					}
				},
				"leftleg": {
					"rotation": {
						"0.0": {
							"vector": [-17.5, 0, 0]
						},
						"2.0": {
							"vector": [17.5, 0, 0]
						},
						"3.0": {
							"vector": [35, 0, 0]
						},
						"4.0": {
							"vector": [-17.5, 0, 0]
						}
					},
					"position": {
						"2.0": {
							"vector": [0, 0, 0]
						},
						"3.0": {
							"vector": [0, 1, -4]
						},
						"3.5": {
							"vector": [0, 0.5, -5]
						},
						"4.0": {
							"vector": [0, 0, 0]
						}
					}
				},
				"rightleg": {
					"rotation": {
						"0.0": {
							"vector": [17.5, 0, 0]
						},
						"1.0": {
							"vector": [20, 0, 0]
						},
						"2.0": {
							"vector": [-17.5, 0, 0]
						},
						"4.0": {
							"vector": [17.5, 0, 0]
						}
					},
					"position": {
						"0.0": {
							"vector": [0, 0, 0]
						},
						"1.0": {
							"vector": [0, 2, -2]
						},
						"1.5": {
							"vector": [0, 1, -3]
						},
						"2.0": {
							"vector": [0, 0, 0]
						}
					}
				}
			}
		},
		"shockwave": {
			"animation_length": 1.5,
			"bones": {
				"bone": {
					"rotation": {
						"0.0": {
							"vector": [0, -2.5, 0]
						},
						"0.4167": {
							"vector": [7.21902, -12.56159, 1.00014]
						},
						"0.75": {
							"vector": [10.00676, 18.01649, -3.0519]
						},
						"1.0833": {
							"vector": [7.07705, 27.57378, 1.71014]
						},
						"1.5": {
							"vector": [6.19224, 18.84713, 2.15045]
						}
					}
				},
				"left": {
					"rotation": {
						"0.0": {
							"vector": [0, 0, 0]
						},
						"0.25": {
							"vector": [-32.5, 0, 0]
						},
						"0.7083": {
							"vector": [-69.6313, -4.62463, -1.65299]
						},
						"0.9583": {
							"vector": [-68.37462, -18.76702, -7.22576]
						},
						"1.3333": {
							"vector": [-58.59324, 47.96268, 24.43563]
						},
						"1.5": {
							"vector": [-78.59324, 47.96268, 24.43563]
						}
					},
					"position": {
						"0.0": {
							"vector": [0, 0, 0]
						},
						"0.4167": {
							"vector": [0, -3, 4]
						},
						"0.7083": {
							"vector": [0, -3, 9]
						},
						"0.9583": {
							"vector": [0, -8, -8]
						},
						"1.5": {
							"vector": [2, -11, -8]
						}
					}
				},
				"rightarm": {
					"rotation": {
						"0.0": {
							"vector": [0, 0, 0]
						},
						"0.2917": {
							"vector": [0, 0, 30]
						},
						"0.7083": {
							"vector": [-52.5, 0, 30]
						},
						"1.5": {
							"vector": [-52.26633, 5.86912, 34.52433]
						}
					},
					"position": {
						"0.0": {
							"vector": [0, 0, 0]
						},
						"0.7083": {
							"vector": [0, -4, 7]
						},
						"1.5": {
							"vector": [0, -7, 15]
						}
					}
				},
				"head": {
					"rotation": {
						"0.0": {
							"vector": [0, 0, 0]
						},
						"0.4583": {
							"vector": [15, 0, 0]
						},
						"0.75": {
							"vector": [15.48592, -14.11047, -3.86458]
						},
						"1.4167": {
							"vector": [0.48592, -14.11047, -3.86458]
						}
					}
				}
			}
		},
		"attack": {
			"animation_length": 0.25,
			"bones": {
				"bone": {
					"rotation": {
						"0.0": {
							"vector": [-5, 0, 0]
						},
						"0.25": {
							"vector": [5, 0, 0]
						}
					},
					"position": {
						"0.0": {
							"vector": [0, 0, 0]
						},
						"0.25": {
							"vector": [0, -1, 1]
						}
					}
				},
				"leftleg": {
					"rotation": {
						"vector": [10, 0, 0]
					},
					"position": {
						"0.0": {
							"vector": [0, 0, 0]
						},
						"0.25": {
							"vector": [0, 0, -2]
						}
					}
				},
				"left": {
					"rotation": {
						"0.0": {
							"vector": [0, 0, -5]
						},
						"0.25": {
							"vector": [0, 0, -15]
						}
					}
				},
				"rightarm": {
					"rotation": {
						"0.0": {
							"vector": [0, 0, 10]
						},
						"0.25": {
							"vector": [0, 0, 22.5]
						}
					}
				},
				"rightleg": {
					"rotation": {
						"0.0": {
							"vector": [7.5, 0, 0]
						},
						"0.25": {
							"vector": [-15, 0, 0]
						}
					},
					"position": {
						"0.0": {
							"vector": [0, 2, -4]
						},
						"0.0833": {
							"vector": [0, 0.33, -8.67]
						},
						"0.25": {
							"vector": [0, 0, -6]
						}
					}
				},
				"head": {
					"rotation": {
						"0.0": {
							"vector": [10, 0, 0]
						},
						"0.125": {
							"vector": [2.5, 0, 0]
						},
						"0.25": {
							"vector": [12.5, 0, 0]
						}
					}
				}
			}
		},
		"palm": {
			"animation_length": 2.08333,
			"bones": {
				"bone": {
					"rotation": {
						"0.0": {
							"vector": [10, 0, 0]
						},
						"0.4583": {
							"vector": [15, 0, 0]
						},
						"0.75": {
							"vector": [7.85952, -17.34551, -2.35666]
						},
						"1.125": {
							"vector": [15.35952, -17.34551, -2.35666]
						},
						"1.375": {
							"vector": [16.08536, -24.10387, -4.39266]
						},
						"1.75": {
							"vector": [26.09325, 24.16498, 9.05946]
						},
						"2.0833": {
							"vector": [22.06238, 15.12123, 4.52173]
						}
					},