{
	"format_version": "1.8.0",
	"animations": {
		"idle": {
			"loop": true,
			"animation_length": 14.375,
			"bones": {
				"bone": {
					"rotation": {
						"0.0": {
							"vector": [0, -17.5, 0]
						},
						"0.5": {
							"vector": [2.88066, 29.8742, 5.76863]
						},
						"1.25": {
							"vector": [42.59259, 54.56304, 54.57375]
						},
						"1.5": {
							"vector": [-2.04031, -37.76063, 6.61153]
						},
						"1.6667": {
							"vector": [0, -92.36, 0]
						},
						"2.5417": {
							"vector": [0, -873.28, 0]
						},
						"8.375": {
							"vector": [0, -6290.28, 0],
							"easing": "linear"
						},
						"10.375": {
							"vector": [0, -6987.78, 0],
							"easing": "easeOutQuad"
						},
						"12.375": {
							"vector": [0, -6987.78, 0],
							"easing": "easeOutQuad"
						},
						"12.4167": {
							"vector": [0, -7170.28, 0]
						},
						"14.375": {
							"vector": [0, -7172.78, 0]
						}
					},
					"position": {
						"0.0": {
							"vector": [-4, -2, -1]
						},
						"0.5": {
							"vector": [-4, -2, 5]
						},
						"1.25": {
							"vector": [-4, -3, -2]
						},
						"1.3333": {
							"vector": [-6, -1, -6]
						}
					},
					"scale": {
						"0.0": {
							"vector": [1, 1, 1]
						},
						"11.875": {
							"vector": [1.7, 1, 1]
						},
						"12.375": {
							"vector": [0.1, 1, 1],
							"easing": "easeInQuad"
						},
						"12.4167": {
							"vector": [0.1, 1, 1],
							"easing": "easeInQuad"
						},
						"12.4583": {
							"vector": [1, 1, 1],
							"easing": "step",
							"easingArgs": [2]
						}
					}
				},
				"bone2": {
					"rotation": {
						"0.0": {
							"vector": [0, 0, -15]
						},
						"0.1667": {
							"vector": [0, 30, -15]
						},
						"0.25": {
							"vector": [0, -11.2645, -15]
						},
						"0.4583": {
							"vector": [0, -33.7645, -15]
						},
						"0.75": {
							"vector": [0, -26.36689, -15]
						},
						"1.0417": {
							"vector": [0, 3.63311, -15]
						},
						"1.375": {
							"vector": [0, 33.49273, -15]
						},
						"1.5417": {
							"vector": [4.93636, 33.16899, -6.02903]
						},
						"1.5833": {
							"vector": [5.7137, 22.59695, -6.85377]
						},
						"8.375": {
							"vector": [5.278, -2.2919, -9.26712]
						},
						"11.6667": {
							"vector": [4.80187, -3.1718, 0.6964]
						},
						"12.125": {
							"vector": [5.28012, -2.68186, -3.83241]
						},
						"12.375": {
							"vector": [5.06035, 2.29308, -3.3824]
						},
						"12.4167": {
							"vector": [5.09741, 7.27347, -2.93836]
						}
					},
					"scale": {
						"0.0": {
							"vector": [1, 1, 1]
						},
						"11.625": {
							"vector": [1, 1, 1]
						},
						"12.125": {
							"vector": [1, 1, 1]
						},
						"12.375": {
							"vector": [11.1, 1, 1],
							"easing": "easeInQuad"
						},
						"12.4167": {
							"vector": [11.1, 1, 1],
							"easing": "easeInQuad"
						},
						"12.4583": {
							"vector": [1, 1, 1],
							"easing": "step",
							"easingArgs": [2]
						}
					}
				},
				"bone3": {
					"rotation": {
						"0.0": {
							"vector": [0, -27.5, 0]
						},
						"0.2083": {
							"vector": [0, -50, 0]
						},
						"0.4167": {
							"vector": [0, -55, 0]
						},
						"0.6667": {
							"vector": [0, -35, 0]
						},
						"0.875": {
							"vector": [0, -25, 0]
						},
						"1.2083": {
							"vector": [0, -7.5, 0]
						},
						"1.375": {
							"vector": [0, 52.5, 0]
						},
						"1.5833": {
							"vector": [0, 47.5, 0]
						},
						"2.6667": {
							"vector": [0, 12.5, 0]
						},
						"8.375": {
							"vector": [0, 5, 0]
						},
						"10.0417": {
							"vector": [3.49226, 34.84748, 6.0963]
						},
						"10.5": {
							"vector": [-19.31877, -3.18673, -10.53878]
						},
						"10.7083": {
							"vector": [-21.35306, 2.98985, 19.18162]
						},
						"11.2083": {
							"vector": [-21.13422, -4.32141, 0.55195]
						},
						"11.4583": {
							"vector": [-20.29819, -2.32372, -8.22978]
						},
						"11.6667": {
							"vector": [-20.42272, 0.264, -1.26515]
						},
						"12.125": {
							"vector": [-20.39409, 1.13589, 1.07808]
						}
					}
				},
				"bone4": {
					"rotation": {
						"0.0": {
							"vector": [0, -30, 0]
						},
						"0.3333": {
							"vector": [0, -57.5, 0]
						},
						"0.6667": {
							"vector": [0, -35, 0]
						},
						"0.9167": {
							"vector": [0, -20, 0]
						},
						"1.125": {
							"vector": [0, 0, 0]
						},
						"1.3333": {
							"vector": [0, 50, 0]
						},
						"1.5417": {
							"vector": [0, 30, 0]
						},
						"1.6667": {
							"vector": [0, 45, 0]
						},
						"2.0833": {
							"vector": [0, 2.5, 0]
						},
						"8.375": {
							"vector": [0, 0, 0]
						},
						"9.8333": {
							"vector": [0, 37.5, 0]
						},
						"10.375": {
							"vector": [0, 15, 0]
						},
						"10.5": {
							"vector": [1.39031, 5.1741, 15.06282]
						},
						"10.8333": {
							"vector": [0, 0, 0]
						},
						"11.375": {
							"vector": [0, 0, 0]
						},
						"12.125": {
							"vector": [0, 0, 0]
						}
					}
				},
				"bone5": {
					"rotation": {
						"0.0": {
							"vector": [0, 0, 0]
						},
						"0.1667": {
							"vector": [0, -40, 0]
						},
						"0.3333": {
							"vector": [0, -27.5, 0]
						},
						"0.5833": {
							"vector": [0, -17.5, 0]
						},
						"0.75": {
							"vector": [0, -5, 0]
						},
						"0.9167": {
							"vector": [0, 12.5, 0]
						},
						"1.0833": {
							"vector": [0, 20, 0]
						},
						"1.25": {
							"vector": [0, 22.5, 0]
						},
						"1.4167": {
							"vector": [0, 37.5, 0]
						},
						"1.5833": {
							"vector": [0, 12.5, 0]
						},
						"1.7083": {
							"vector": [0, 10, 0]
						},
						"8.375": {
							"vector": [0, 7.5, 0]
						},
						"8.5417": {
							"vector": [0, 12.5, 0]
						},
						"10.0833": {
							"vector": [3.2414, -4.03577, 14.72202]
						},
						"10.2917": {
							"vector": [3.41643, -18.77319, 13.84961]
						},
						"10.5417": {
							"vector": [3.2796, -9.33541, 14.41727]
						},
						"10.7083": {
							"vector": [3.24545, -4.3435, 14.70377]
						},
						"11.375": {
							"vector": [4.10828, -3.53868, 2.19992]
						},
						"12.125": {
							"vector": [4.10828, -3.53868, 2.19992]
						},
						"12.4167": {
							"vector": [4.10112, -1.04509, 2.37899]
						}
					}
				},
				"bone6": {
					"rotation": {
						"0.0": {
							"vector": [0, 0, 0]
						},
						"10.0": {
							"vector": [0, 0, 0]
						},
						"11.0": {
							"vector": [-29.50251, 2.66653, -53.5034]
						},
						"12.0": {
							"vector": [-83.40377, -0.02421, -60.69486]
						},
						"13.75": {
							"vector": [-83.39742, -2.50765, -60.98222]
						}
					}
				}
			}
		}
	},
	"geckolib_format_version": 2
}