{
	"format_version": "1.8.0",
	"animations": {
		"idle2": {
			"animation_length": 3.0417,
			"bones": {
				"bone4": {
					"rotation": {
						"0.0": {
							"vector": [0, 0, 32.5]
						},
						"0.7083": {
							"vector": [-14.70516, -34.89321, 57.14445]
						},
						"1.8333": {
							"vector": [16.61801, -86.11275, 38.51333]
						},
						"2.9583": {
							"vector": [-82.87523, -58.41547, 139.0896]
						}
					},
					"scale": {
						"vector": [3, 3, 3]
					}
				},
				"bone3": {
					"rotation": {
						"0.0": {
							"vector": [42.5, 0, 0]
						},
						"0.375": {
							"vector": [66.5943, -14.98013, -12.79183]
						},
						"1.25": {
							"vector": [115.59926, 35.49026, 130.55155]
						},
						"1.8333": {
							"vector": [86.08582, 22.12343, 86.65941]
						},
						"2.4167": {
							"vector": [59.61436, 38.44868, 46.68086]
						},
						"2.9583": {
							"vector": [60.99069, -11.00072, -10.26078]
						}
					},
					"scale": {
						"vector": [7.3, 1, 8.3]
					}
				},
				"bone8": {
					"rotation": {
						"0.0": {
							"vector": [-35, 0, 0]
						},
						"1.0": {
							"vector": [-97.09519, -54.68982, 98.67258]
						},
						"2.0": {
							"vector": [-138.56862, 29.91193, 203.75529]
						},
						"2.6667": {
							"vector": [-72.82321, 53.10479, 291.13216]
						}
					},
					"position": {
						"vector": [0, 40, 0]
					},
					"scale": {
						"vector": [5.6, 1, 6.3]
					}
				}
			}
		},
		"idle": {
			"loop": true,
			"animation_length": 5,
			"bones": {
				"bone4": {
					"rotation": {
						"0.0": {
							"vector": [47.2539, -36.9934, -21.17119]
						},
						"2.25": {
							"vector": [118.33137, -48.21308, -113.97595]
						},
						"5.0": {
							"vector": [138.68669, -27.31892, -146.13772]
						}
					},
					"position": {
						"0.0": {
							"vector": [0, -30, 0]
						},
						"2.25": {
							"vector": [0, 68, 0]
						},
						"5.0": {
							"vector": [0, 60, -14]
						}
					},
					"scale": {
						"0.0": {
							"vector": [0.3, 0.3, 0.3]
						},
						"2.25": {
							"vector": [3, 3, 3]
						}
					}
				},
				"bone3": {
					"rotation": {
						"0.0": {
							"vector": [-22.25313, -1.37869, -0.65809]
						},
						"2.25": {
							"vector": [-149.5044, -41.75235, 157.36357]
						},
						"5.0": {
							"vector": [-146.69825, 46.40647, 204.22178]
						}
					},
					"position": {
						"0.0": {
							"vector": [0, -7, 0]
						},
						"2.25": {
							"vector": [0, 108, 0]
						},
						"5.0": {
							"vector": [0, 88, -13]
						}
					},
					"scale": {
						"0.0": {
							"vector": [1, 1, 1]
						},
						"2.25": {
							"vector": [6.3, 1, 4.8]
						}
					}
				},
				"bone8": {
					"rotation": {
						"0.0": {
							"vector": [-10, 0, 0]
						},
						"2.25": {
							"vector": [-126.51073, -77.52294, 127.16782]
						},
						"5.0": {
							"vector": [-170, 0, 180]
						}
					},
					"position": {
						"0.0": {
							"vector": [0, -4, 0]
						},
						"2.25": {
							"vector": [0, 91, -18]
						},
						"5.0": {
							"vector": [12, 91, -20]
						}
					},
					"scale": {
						"0.0": {
							"vector": [1, 1, 1]
						},
						"2.25": {
							"vector": [6.6, 1, 6.4]
						}
					}
				},
				"bone2": {
					"scale": {
						"0.0": {
							"vector": [1, 1, 1]
						},
						"2.0": {
							"vector": [1, 1, 1]
						},
						"2.2917": {
							"vector": [1, 1, 0]
						}
					}
				},
				"bone7": {
					"scale": {
						"0.0": {
							"vector": [1, 1, 1]
						},
						"2.0": {
							"vector": [1, 1, 1]
						},
						"2.2917": {
							"vector": [1, 1, 0]
						}
					}
				},
				"bone5": {
					"scale": {
						"0.0": {
							"vector": [1, 1, 1]
						},
						"2.0": {
							"vector": [1, 1, 1]
						},
						"2.2917": {
							"vector": [1, 1, 0]
						}
					}
				},
				"bone6": {
					"scale": {
						"0.0": {
							"vector": [1, 1, 1]
						},
						"2.0": {
							"vector": [1, 1, 1]
						},
						"2.2917": {
							"vector": [1, 1, 0]
						}
					}
				},
				"bone9": {
					"rotation": {
						"0.0": {
							"vector": [0, 70, 0]
						},
						"1.5": {
							"vector": [0, -122.5, 0]
						}
					},
					"position": {
						"0.0": {
							"vector": [0, 0, 0]
						},
						"2.0": {
							"vector": [0, -3, 0]
						}
					},
					"scale": {
						"0.0": {
							"vector": [0.3, 1, 0.3]
						},
						"1.5": {
							"vector": [1.8, 1, 1.8]
						},
						"2.0": {
							"vector": [1.8, 1, 1.8]
						},
						"2.2917": {
							"vector": [1.8, 0, 1.8]
						}
					}
				}
			}
		}
	},
	"geckolib_format_version": 2
}