{
	"format_version": "1.8.0",
	"animations": {
		"idle": {
			"loop": true,
			"animation_length": 0.5,
			"bones": {
				"firestring": {
					"rotation": {
						"0.125": {
							"vector": [15.6691, -22.23383, -2.09155]
						},
						"0.1667": {
							"vector": [-20, -22.5, 0]
						},
						"0.4167": {
							"vector": [-20, -22.5, 0]
						},
						"0.4583": {
							"vector": [15.96454, -24.63921, -2.83417]
						}
					},
					"position": {
						"0.0": {
							"vector": [-8, -18, 5]
						},
						"0.125": {
							"vector": [-8, -18, 5]
						},
						"0.1667": {
							"vector": [-8, -24, 5]
						},
						"0.4167": {
							"vector": [-8, -24, 5]
						},
						"0.4583": {
							"vector": [-8, -20, 5]
						}
					},
					"scale": {
						"0.0": {
							"vector": [1, 0.82, 1.1]
						},
						"0.125": {
							"vector": [1, 0.1, 1.5]
						},
						"0.1667": {
							"vector": [1, 1, 1]
						},
						"0.4167": {
							"vector": [1, 0.1, 1.5]
						},
						"0.4583": {
							"vector": [1, 1, 1]
						},
						"0.5": {
							"vector": [1, 0.82, 1.1]
						}
					}
				},
				"firestring2": {
					"rotation": {
						"0.0": {
							"vector": [20, 25, 85]
						},
						"0.25": {
							"vector": [20, 25, 85]
						},
						"0.2917": {
							"vector": [-17.5, 25, 85]
						}
					},
					"position": {
						"0.0": {
							"vector": [1, -28, 4]
						},
						"0.25": {
							"vector": [1, -28, 4]
						},
						"0.2917": {
							"vector": [-5, -28, 4]
						}
					},
					"scale": {
						"0.0": {
							"vector": [1, 1, 1]
						},
						"0.25": {
							"vector": [1, 0.1, 1.7]
						},
						"0.2917": {
							"vector": [1, 1, 1]
						},
						"0.5": {
							"vector": [1, 0.1, 1.7]
						}
					}
				},
				"firestring3": {
					"rotation": {
						"0.0": {
							"vector": [12.5, 22.5, -87.5]
						},
						"0.1667": {
							"vector": [12.5, 22.5, -87.5]
						},
						"0.2083": {
							"vector": [-2.5, 22.5, -87.5]
						}
					},
					"position": {
						"0.0": {
							"vector": [-9, -13, 0]
						},
						"0.1667": {
							"vector": [-10, -13, 0]
						},
						"0.2083": {
							"vector": [1, -13, 0]
						}
					},
					"scale": {
						"0.0": {
							"vector": [1, 0.7, 1.1667]
						},
						"0.1667": {
							"vector": [1, 0.1, 1.5]
						},
						"0.2083": {
							"vector": [1, 1, 1]
						},
						"0.4167": {
							"vector": [1, 0.1, 1.5]
						},
						"0.5": {
							"vector": [1, 0.7, 1.1667]
						}
					}
				},
				"firestring4": {
					"rotation": {
						"0.0": {
							"vector": [0, 27.5, 0]
						},
						"0.25": {
							"vector": [0, 27.5, 0]
						},
						"0.2917": {
							"vector": [-20, 27.5, 0]
						}
					},
					"position": {
						"0.0": {
							"vector": [0, -20, 4]
						},
						"0.25": {
							"vector": [0, -20, 4]
						},
						"0.2917": {
							"vector": [0, -27, 4]
						}
					},
					"scale": {
						"0.0": {
							"vector": [1, 1, 1]
						},
						"0.25": {
							"vector": [1, 0.1, 1.9]
						},
						"0.2917": {
							"vector": [1, 1, 1]
						},
						"0.5": {
							"vector": [1, 0.1, 1.9]
						}
					}
				},
				"bone4": {
					"position": {
						"0.0": {
							"vector": [0, 0, -74]
						},
						"0.5": {
							"vector": [0, 0, 2]
						}
					},
					"scale": {
						"0.0": {
							"vector": [0.9, 1, 1]
						},
						"0.25": {
							"vector": [2, 2, 1]
						},
						"0.5": {
							"vector": [0.1, 0.2, 1]
						}
					}
				},
				"bone2": {
					"position": {
						"0.0": {
							"vector": [0, 0, -26]
						},
						"0.25": {
							"vector": [0, 0, -8]
						},
						"0.5": {
							"vector": [0, 0, -28]
						}
					},
					"scale": {
						"0.0": {
							"vector": [1, 1, 0.1]
						},
						"0.25": {
							"vector": [1, 1.1, 1.8]
						},
						"0.5": {
							"vector": [0.5, 0.5, 0.2]
						}
					}
				},
				"bone3": {
					"position": {
						"0.0": {
							"vector": [0, 0, -5]
						},
						"0.25": {
							"vector": [0, 0, -27.5]
						},
						"0.5": {
							"vector": [0, 0, -5]
						}
					},
					"scale": {
						"0.0": {
							"vector": [0.8, 0.7, 4]
						},
						"0.25": {
							"vector": [0.45, 0.35, 0.5]
						},
						"0.5": {
							"vector": [0.8, 0.7, 4]
						}
					}
				}
			}
		}
	},
	"geckolib_format_version": 2
}