{
	"format_version": "1.8.0",
	"animations": {
		"idle": {
			"loop": true,
			"animation_length": 3,
			"bones": {
				"jaw": {
					"rotation": {
						"0.0": {
							"vector": [-20, 0, 0]
						},
						"0.25": {
							"vector": [50, 0, 0]
						},
						"1.0": {
							"vector": [32.5, 0, 0]
						},
						"1.5417": {
							"vector": [10, 0, 0]
						},
						"3.0": {
							"vector": [45, 0, 0]
						}
					}
				},
				"bone2": {
					"rotation": {
						"0.0": {
							"vector": [10, 0, 0]
						},
						"0.375": {
							"vector": [-12.5, 0, 0]
						},
						"0.6667": {
							"vector": [-5, 0, 0]
						},
						"0.875": {
							"vector": [7.5, 0, 0]
						},
						"1.5417": {
							"vector": [2.5, 0, 0]
						},
						"3.0": {
							"vector": [-4.36906, 5.26504, 2.8981]
						}
					}
				},
				"bone3": {
					"rotation": {
						"0.0": {
							"vector": [0, 0, 0]
						},
						"0.6667": {
							"vector": [35.51912, -0.30024, 22.40171]
						},
						"1.5417": {
							"vector": [18.01912, -0.30024, 22.40171]
						},
						"3.0": {
							"vector": [-34.6939, 5.68575, 17.87602]
						}
					}
				},
				"bone4": {
					"rotation": {
						"0.0": {
							"vector": [0, 0, 0]
						},
						"0.6667": {
							"vector": [-17.86411, -11.23691, 3.80017]
						},
						"1.5417": {
							"vector": [-37.86411, -11.23691, 3.80017]
						},
						"3.0": {
							"vector": [24.63589, -11.23691, 3.80017]
						}
					}
				},
				"bone5": {
					"rotation": {
						"0.0": {
							"vector": [0, 0, 0]
						},
						"0.6667": {
							"vector": [-21.81632, -16.83401, 7.27092]
						},
						"1.5417": {
							"vector": [5.68368, -16.83401, 7.27092]
						},
						"3.0": {
							"vector": [33.18368, -16.83401, 7.27092]
						}
					}
				},
				"bone6": {
					"rotation": {
						"0.0": {
							"vector": [0, 0, 0]
						},
						"0.6667": {
							"vector": [-40.81835, 7.11755, -6.46991]
						},
						"1.5417": {
							"vector": [26.68165, 7.11755, -6.46991]
						},
						"3.0": {
							"vector": [19.18165, 7.11755, -6.46991]
						}
					}
				},
				"bone7": {
					"rotation": {
						"0.0": {
							"vector": [0, 0, 0]
						},
						"0.6667": {
							"vector": [12.91266, 44.72923, 10.2281]
						},
						"1.5417": {
							"vector": [47.91266, 44.72923, 10.2281]
						},
						"3.0": {
							"vector": [-7.08734, 44.72923, 10.2281]
						}
					}
				},
				"bone8": {
					"rotation": {
						"0.0": {
							"vector": [0, 0, 0]
						},
						"0.6667": {
							"vector": [17.20421, 14.09767, -0.3775]
						},
						"1.5417": {
							"vector": [-17.79579, 14.09767, -0.3775]
						},
						"3.0": {
							"vector": [-42.79579, 14.09767, -0.3775]
						}
					}
				},
				"bone9": {
					"rotation": {
						"0.0": {
							"vector": [0, 0, 0]
						},
						"0.6667": {
							"vector": [17.02633, -17.34403, -5.73233]
						},
						"1.5417": {
							"vector": [-20.47367, -17.34403, -5.73233]
						},
						"3.0": {
							"vector": [7.02633, -17.34403, -5.73233]
						}
					}
				},
				"bone10": {
					"rotation": {
						"0.0": {
							"vector": [0, 0, 0]
						},
						"0.6667": {
							"vector": [22.52962, -29.06825, -13.40895]
						},
						"1.5417": {
							"vector": [-12.47038, -29.06825, -13.40895]
						},
						"3.0": {
							"vector": [15.02962, -29.06825, -13.40895]
						}
					}
				},
				"bone11": {
					"rotation": {
						"0.0": {
							"vector": [0, 0, 0]
						},
						"0.6667": {
							"vector": [23.23711, 6.6845, 2.94739]
						},
						"1.5417": {
							"vector": [-4.26289, 6.6845, 2.94739]
						},
						"3.0": {
							"vector": [-31.76289, 6.6845, 2.94739]
						}
					}
				},
				"bone12": {
					"rotation": {
						"0.0": {
							"vector": [0, 0, 0]
						},
						"0.6667": {
							"vector": [-21.23737, 16.84852, -7.08646]
						},
						"1.5417": {
							"vector": [21.26263, 16.84852, -7.08646]
						},
						"3.0": {
							"vector": [-31.23737, 16.84852, -7.08646]
						}
					}
				},
				"bone13": {
					"rotation": {
						"0.0": {
							"vector": [0, 0, 0]
						},
						"0.6667": {
							"vector": [-65, 0, 0]
						},
						"1.5417": {
							"vector": [15, 0, 0]
						},
						"3.0": {
							"vector": [95, 0, 0]
						}
					}
				},
				"head": {
					"rotation": {
						"0.0": {
							"vector": [7.5, 0, 0]
						},
						"0.25": {
							"vector": [-30, 0, 0]
						},
						"1.0": {
							"vector": [-30.73294, 2.68293, -10.24972]
						},
						"1.5417": {
							"vector": [7.5, 0, 0]
						},
						"3.0": {
							"vector": [-32.5, 0, 0]
						}
					}
				}
			}
		}
	},
	"geckolib_format_version": 2
}