{
	"format_version": "1.8.0",
	"animations": {
		"idle": {
			"loop": true,
			"animation_length": 2,
			"bones": {
				"Head": {
					"rotation": {
						"0.0": {
							"vector": [15.82512, 33.22325, -0.44984]
						},
						"1.0": {
							"vector": [20.82512, 33.22325, -0.44984],
							"easing": "easeInOutSine"
						},
						"2.0": {
							"vector": [15.82512, 33.22325, -0.44984],
							"easing": "easeInOutSine"
						}
					}
				},
				"RightArm": {
					"rotation": {
						"0.0": {
							"vector": [-128.48533, 26.06552, 3.91048]
						},
						"1.0": {
							"vector": [-139.26198, 42.45701, -14.92126],
							"easing": "easeInOutSine"
						},
						"2.0": {
							"vector": [-128.48533, 26.06552, 3.91048],
							"easing": "easeInOutSine"
						}
					},
					"position": {
						"vector": [0, -4, 0]
					}
				},
				"LeftArm": {
					"rotation": {
						"vector": [15, 0, 20]
					}
				},
				"RightLeg": {
					"rotation": {
						"vector": [4.75346, 32.18826, 8.87221]
					}
				},
				"LeftLeg": {
					"rotation": {
						"vector": [0, -12.5, 0]
					}
				},
				"bone": {
					"rotation": {
						"0.0": {
							"vector": [135.68718, -8.80348, -8.90928]
						},
						"0.2917": {
							"vector": [136.35707, 12.27659, 12.56853]
						},
						"0.5417": {
							"vector": [139.02416, 19.43247, 21.02626]
						},
						"0.75": {
							"vector": [135.43855, 7.05302, 7.10708]
						},
						"1.0417": {
							"vector": [135.10527, -2.51202, -2.51339]
						},
						"1.25": {
							"vector": [136.18969, -11.26854, -11.50796]
						},
						"1.5417": {
							"vector": [139.99547, -22.38035, -24.40445]
						},
						"1.6667": {
							"vector": [143.88368, -28.49764, -33.21323]
						},
						"1.7917": {
							"vector": [139.99547, -22.38035, -24.40445]
						},
						"2.0": {
							"vector": [135.68718, -8.80348, -8.90928]
						}
					},
					"position": {
						"vector": [0, 0, 2]
					}
				},
				"body": {
					"rotation": {
						"vector": [0, -40, 0]
					}
				}
			}
		},
		"walk": {
			"loop": true,
			"animation_length": 1,
			"bones": {
				"Head": {
					"rotation": {
						"vector": [12.5, 0, 0]
					}
				},
				"RightArm": {
					"rotation": {
						"0.0": {
							"vector": [-134.31241, 18.3915, -5.95072]
						},
						"0.2083": {
							"vector": [-133.30528, 14.87204, -2.43012]
						},
						"0.5": {
							"vector": [-134.31681, 18.39502, -5.95685]
						},
						"0.7083": {
							"vector": [-136.37131, 23.67104, -11.67101]
						},
						"1.0": {
							"vector": [-134.31241, 18.3915, -5.95072]
						}
					},
					"position": {
						"vector": [0, -6, 0]
					}
				},
				"LeftArm": {
					"rotation": {
						"vector": [22.5, 0, 17.5]
					}
				},
				"RightLeg": {
					"rotation": {
						"0.0": {
							"vector": [-17.5, 0, 0]
						},
						"0.5": {
							"vector": [10, 0, 0],
							"easing": "easeInOutSine"
						},
						"1.0": {
							"vector": [-17.5, 0, 0],
							"easing": "easeInOutSine"
						}
					}
				},
				"LeftLeg": {
					"rotation": {
						"0.0": {
							"vector": [12.5, 0, 0]
						},
						"0.5": {
							"vector": [-20, 0, 0],
							"easing": "easeInOutSine"
						},
						"1.0": {
							"vector": [12.5, 0, 0],
							"easing": "easeInOutSine"
						}
					}
				},
				"bone": {
					"rotation": {
						"0.0": {
							"vector": [145.02718, -1.84293, -1.68956]
						},
						"0.125": {
							"vector": [146.00345, -8.93963, -12.03233]
						},
						"0.4583": {
							"vector": [146.17771, 6.52102, 10.49014]
						},
						"0.7083": {
							"vector": [145.70506, 2.40654, 4.39315]
						},
						"1.0": {
							"vector": [145.02718, -1.84293, -1.68956]
						}
					},
					"position": {
						"vector": [0, 0, 2]
					}
				},
				"body": {
					"rotation": {
						"0.0": {
							"vector": [2.50238, -2.49762, -0.10912]
						},
						"0.5": {
							"vector": [2.50238, 2.49762, 0.10912],
							"easing": "easeInOutSine"
						},
						"1.0": {
							"vector": [2.50238, -2.49762, -0.10912],
							"easing": "easeInOutSine"
						}
					}
				}
			}
		},
		"run": {
			"loop": true,
			"animation_length": 0.5,
			"bones": {
				"Head": {
					"rotation": {
						"vector": [-27.5, 0, 0]
					}
				},
				"RightArm": {
					"rotation": {
						"0.0": {
							"vector": [-5, 75, 37.5]
						},
						"0.125": {
							"vector": [-10, 75, 37.5]
						},
						"0.25": {
							"vector": [-5, 75, 37.5]
						},
						"0.375": {
							"vector": [-10, 75, 37.5]
						},
						"0.5": {
							"vector": [-5, 75, 37.5]
						}
					}
				},
				"LeftArm": {
					"rotation": {
						"vector": [35, 0, 0]
					}
				},
				"RightLeg": {
					"rotation": {
						"0.0": {
							"vector": [27.5, 0, 0]
						},
						"0.25": {
							"vector": [-75, 0, 0],
							"easing": "easeInOutSine"
						},
						"0.5": {
							"vector": [27.5, 0, 0],
							"easing": "easeInOutSine"
						}
					},
					"position": {
						"0.0": {
							"vector": [0, 0, 0]
						},
						"0.125": {
							"vector": [0, 5, -3]
						},
						"0.25": {
							"vector": [0, 0, 0]
						}
					}
				},
				"LeftLeg": {
					"rotation": {
						"0.0": {
							"vector": [-70, 0, 0]
						},
						"0.25": {
							"vector": [27.5, 0, 0],
							"easing": "easeInOutSine"
						},
						"0.5": {
							"vector": [-70, 0, 0],
							"easing": "easeInOutSine"
						}
					},
					"position": {
						"0.0": {
							"vector": [0, 0, 0]
						},
						"0.25": {
							"vector": [0, 0, 0]
						},
						"0.375": {
							"vector": [0, 3, -3]
						},
						"0.5": {
							"vector": [0, 0, 0]
						}
					}
				},
				"bone": {
					"rotation": {
						"0.0": {
							"vector": [29.6247, 35.3187, -24.97942]
						},
						"0.0417": {
							"vector": [40.00011, -22.1935, 44.72961]
						},
						"0.0833": {
							"vector": [-29.14765, -26.94376, 144.78904]
						},
						"0.125": {
							"vector": [-45.47583, 28.16625, 225.50923]
						},
						"0.1667": {
							"vector": [31.97839, 43.21698, 332.96343]
						},
						"0.2083": {
							"vector": [40.00011, -22.1935, 44.72961]
						},
						"0.25": {
							"vector": [-29.14765, -26.94376, 144.78904]
						},
						"0.2917": {
							"vector": [-45.47583, 28.16625, 225.50923]
						},
						"0.3333": {
							"vector": [31.97839, 43.21698, 332.96343]
						},
						"0.375": {
							"vector": [40.00011, -22.1935, 44.72961]
						},
						"0.4167": {
							"vector": [-29.14765, -26.94376, 144.78904]
						},
						"0.4583": {
							"vector": [-45.47583, 28.16625, 225.50923]
						},
						"0.5": {
							"vector": [31.97839, 43.21698, 332.96343]
						}
					},
					"position": {
						"vector": [0, 0, -2]
					},
					"scale": {
						"0.0": {
							"vector": [1, 1.8, 1]
						},
						"0.5": {
							"vector": [1, 1.8, 1]
						}
					}
				},
				"body": {
					"rotation": {
						"vector": [32.5, 0, 0]
					},
					"position": {
						"0.0": {
							"vector": [0, 0, 0]
						},
						"0.125": {
							"vector": [0, 1, 0]
						},
						"0.25": {
							"vector": [0, 0, 0]
						},
						"0.375": {
							"vector": [0, 1, 0]
						},
						"0.5": {
							"vector": [0, 0, 0]
						}
					}
				}
			}
		},
		"attack": {
			"animation_length": 0.5,
			"bones": {
				"Head": {
					"rotation": {
						"0.0": {
							"vector": [-25.60692, 46.96776, -11.02705]
						},
						"0.1667": {
							"vector": [1.89308, 46.96776, -11.02705]
						},
						"0.4167": {
							"vector": [8.81002, 46.96776, -11.02705]
						}
					}
				},
				"RightArm": {
					"rotation": {
						"0.0": {
							"vector": [-24.23178, -26.06465, 40.68919]
						},
						"0.2917": {
							"vector": [-27.30492, 22.79919, 121.89243],
							"easing": "easeOutCubic"
						},
						"0.5": {
							"vector": [-31.23252, 16.66577, 110.31123]
						}
					}
				},
				"LeftArm": {
					"rotation": {
						"vector": [32.5, 0, 35]
					}
				},