{
	"format_version": "1.8.0",
	"animations": {
		"animation.kikoku.sheathed": {
			"loop": true,
			"animation_length": 4,
			"bones": {
				"cloth": {
					"rotation": {
						"0.0": {
							"vector": [-5, 0, 0]
						},
						"0.625": {
							"vector": [-12.03988, -2.6369, -12.10082]
						},
						"1.4167": {
							"vector": [1.91356, -2.47976, -11.76207]
						},
						"1.7917": {
							"vector": [0.62455, -2.21999, -2.54844]
						},
						"2.4583": {
							"vector": [-18.3198, -1.44287, -1.65633]
						},
						"2.9167": {
							"vector": [-14.00694, -15.29954, -7.4543]
						},
						"3.5417": {
							"vector": [-7.89577, -7.564, -10.63017]
						},
						"4.0": {
							"vector": [-5, 0, 0]
						}
					}
				},
				"sheath": {
					"position": {
						"0.0": {
							"vector": [0, 0, 0]
						},
						"1.0": {
							"vector": [0, 0, 0]
						},
						"2.0": {
							"vector": [0, 0, 0]
						}
					}
				}
			}
		},
		"animation.kikoku.out": {
			"loop": true,
			"animation_length": 1,
			"bones": {
				"sheath": {
					"scale": {
						"0.0": {
							"vector": [0, 0, 0]
						},
						"1.0": {
							"vector": [0, 0, 0]
						}
					}
				}
			}
		},
		"sheathe": {
			"loop": "hold_on_last_frame",
			"animation_length": 4,
			"bones": {
				"cloth": {
					"rotation": {
						"0.0": {
							"vector": [-5, 0, 0]
						},
						"0.625": {
							"vector": [-12.03988, -2.6369, -12.10082]
						},
						"1.4167": {
							"vector": [1.91356, -2.47976, -11.76207]
						},
						"1.7917": {
							"vector": [0.62455, -2.21999, -2.54844]
						},
						"2.4583": {
							"vector": [-18.3198, -1.44287, -1.65633]
						},
						"2.9167": {
							"vector": [-14.00694, -15.29954, -7.4543]
						},
						"3.5417": {
							"vector": [-7.89577, -7.564, -10.63017]
						},
						"4.0": {
							"vector": [-5, 0, 0]
						}
					}
				},
				"bone": {
					"scale": {
						"0.0": {
							"vector": [1, 1, 1]
						},
						"4.0": {
							"vector": [1, 1, 1]
						}
					}
				}
			}
		},
		"unsheathe": {
			"loop": "hold_on_last_frame",
			"animation_length": 2,
			"bones": {
				"bone": {
					"scale": {
						"0.0": {
							"vector": [0, 0, 0]
						},
						"2.0": {
							"vector": [0, 0, 0]
						}
					}
				}
			}
		}
	},
	"geckolib_format_version": 2
}