{
	"format_version": "1.8.0",
	"animations": {
		"at1": {
			"animation_length": 1,
			"bones": {
				"Head": {
					"rotation": {
						"0.0": {
							"vector": [17.5, -17.5, 0]
						},
						"0.0833": {
							"vector": [30, -17.5, 0]
						},
						"0.25": {
							"vector": [40, -17.5, 0]
						}
					}
				},
				"RightArm": {
					"rotation": {
						"0.0": {
							"vector": [-87.03654, 32.46527, 1.59176]
						},
						"0.0833": {
							"vector": [-135.4263, 25.6933, 10.02233]
						},
						"0.25": {
							"vector": [-139.53654, 32.46527, 1.59176]
						}
					},
					"position": {
						"0.0": {
							"vector": [3, 0, 7]
						},
						"0.0833": {
							"vector": [-1, 3, 0]
						}
					}
				},
				"LeftArm": {
					"rotation": {
						"0.0": {
							"vector": [-95.24133, -17.43127, 1.5741]
						},
						"0.0833": {
							"vector": [-75.24133, -17.43127, 1.5741]
						},
						"0.25": {
							"vector": [-70.3327, -43.76668, -7.80031]
						}
					},
					"position": {
						"0.0": {
							"vector": [0, 0, -2]
						},
						"0.0833": {
							"vector": [-2, -2, 5]
						}
					}
				},
				"RightLeg": {
					"rotation": {
						"0.0": {
							"vector": [-52.5, 0, 0]
						},
						"0.0833": {
							"vector": [32.5, 0, 0]
						},
						"0.25": {
							"vector": [37.5, 0, 0]
						}
					}
				},
				"LeftLeg": {
					"rotation": {
						"0.0": {
							"vector": [65, 0, 0]
						},
						"0.0833": {
							"vector": [-70, 0, 0]
						},
						"0.25": {
							"vector": [-82.5, 0, 0]
						}
					}
				},
				"bone": {
					"rotation": {
						"0.0": {
							"vector": [-19.58501, 59.18533, -9.30501]
						},
						"0.0833": {
							"vector": [28.54471, 30.16253, 1.87248]
						}
					},
					"position": {
						"0.0": {
							"vector": [42, -14, 23]
						},
						"0.0833": {
							"vector": [-18, 10, -17]
						},
						"0.25": {
							"vector": [-25, 15, -22]
						},
						"0.5": {
							"vector": [-29, 18, -27]
						}
					},
					"scale": {
						"0.0": {
							"vector": [1, 1, 1]
						},
						"0.25": {
							"vector": [1, 1, 1]
						},
						"0.5": {
							"vector": [0, 1, 0]
						}
					}
				}
			}
		},
		"at2": {
			"animation_length": 0.875,
			"bones": {
				"Head": {
					"rotation": {
						"0.0": {
							"vector": [75, 0, 0]
						},
						"0.0833": {
							"vector": [72.5, 0, 0]
						}
					},
					"position": {
						"vector": [0, 0, 0]
					}
				},
				"RightArm": {
					"rotation": {
						"0.0": {
							"vector": [-92.81797, -27.47162, 1.30078]
						},
						"0.0833": {
							"vector": [-333.38649, 79.69532, -166.10524]
						}
					}
				},
				"LeftArm": {
					"rotation": {
						"0.0": {
							"vector": [-92.62116, 17.48281, -0.78795]
						},
						"0.0833": {
							"vector": [-339.23868, -72.32786, 172.12352]
						}
					}
				},
				"RightLeg": {
					"rotation": {
						"0.0": {
							"vector": [2.5, 0, 0]
						},
						"0.0833": {
							"vector": [2.49762, -0.10901, 2.49762]
						}
					},
					"position": {
						"0.0": {
							"vector": [0, 5, -5]
						},
						"0.0833": {
							"vector": [0, 0, 0]
						}
					}
				},
				"LeftLeg": {
					"rotation": {
						"0.0": {
							"vector": [7.5, 0, 0]
						},
						"0.0833": {
							"vector": [2.47864, 0.32621, -7.49294]
						}
					},
					"position": {
						"0.0": {
							"vector": [0, 5, -5]
						},
						"0.0833": {
							"vector": [0, 0, 0]
						}
					}
				},
				"bone": {
					"rotation": {
						"vector": [-88.19254, -37.51186, 0.94747]
					},
					"position": {
						"0.0": {
							"vector": [-31, 0, 36]
						},
						"0.0833": {
							"vector": [25, 0, -33]
						},
						"0.5": {
							"vector": [40, 0, -52]
						}
					},
					"scale": {
						"0.25": {
							"vector": [1, 1, 1]
						},
						"0.5": {
							"vector": [0, 1, 0]
						}
					}
				}
			}
		},
		"at3": {
			"animation_length": 0.5,
			"bones": {
				"Head": {
					"rotation": {
						"0.0": {
							"vector": [19.71601, -46.93584, -26.12877]
						},
						"0.0833": {
							"vector": [18.17019, 42.37993, 1.01743]
						},
						"0.5": {
							"vector": [18.92671, 44.75016, 2.11489]
						}
					}
				},
				"RightArm": {
					"rotation": {
						"0.0": {
							"vector": [-98.26511, 24.77164, -3.48303]
						},
						"0.0833": {
							"vector": [-99.13039, 34.65749, -5.22206]
						},
						"0.5": {
							"vector": [-98.64388, 29.7174, -4.30963]
						}
					},
					"position": {
						"0.0": {
							"vector": [0, 0, 6]
						},
						"0.0833": {
							"vector": [-1, 0, -2]
						}
					}
				},
				"LeftArm": {
					"rotation": {
						"0.0": {
							"vector": [-32.5, 0, -85]
						},
						"0.0833": {
							"vector": [-25, 0, -85]
						},
						"0.5": {
							"vector": [-20, 0, -85]
						}
					},
					"position": {
						"0.0": {
							"vector": [0, 0, 0]
						},
						"0.0833": {
							"vector": [-3, 0, 4]
						}
					}
				},
				"RightLeg": {
					"rotation": {
						"0.0": {
							"vector": [-46.75795, -1.68875, -10.00401]
						},
						"0.0833": {
							"vector": [40.74205, -1.68875, -10.00401]
						},
						"0.5": {
							"vector": [48.56445, -2.91992, -9.90599]
						}
					}
				},
				"LeftLeg": {
					"rotation": {
						"0.0": {
							"vector": [42.5, 0, 0]
						},
						"0.0833": {
							"vector": [-70, 0, 0]
						},
						"0.5": {
							"vector": [-77.5, 0, 0]
						}
					}
				},
				"bone": {
					"rotation": {
						"0.0": {
							"vector": [-94.99052, -59.90568, 94.32055]
						},
						"0.0833": {
							"vector": [-149.2841, 1.27942, 182.08479]
						}
					},
					"position": {
						"0.0": {
							"vector": [-35, 12, -46]
						},
						"0.0833": {
							"vector": [36, -20, 34]
						},
						"0.5": {
							"vector": [44, -24, 42]
						}
					},
					"scale": {
						"0.25": {
							"vector": [1, 1, 1]
						},
						"0.5": {
							"vector": [0, 1, 0]
						}
					}
				}
			}
		},
		"at4": {
			"animation_length": 0.5,
			"bones": {
				"Head": {
					"rotation": {
						"0.0": {
							"vector": [0, -32.5, 0]
						},
						"0.0833": {
							"vector": [-45, -32.5, 0]
						}
					}
				},
				"RightArm": {
					"rotation": {
						"0.0": {
							"vector": [-49.26408, -58.39167, 143.74127]
						},
						"0.0833": {
							"vector": [70, 0, 0]
						}
					}
				},
				"LeftArm": {
					"rotation": {
						"0.0": {
							"vector": [245.86618, 74.84593, 165.96594]
						},
						"0.0833": {
							"vector": [80.94603, -43.30503, 3.53678]
						}
					}
				},
				"RightLeg": {
					"rotation": {
						"0.0": {
							"vector": [32.5, 0, 0]
						},
						"0.0833": {
							"vector": [-27.5, 0, 0]
						}
					}
				},
				"LeftLeg": {
					"rotation": {
						"0.0": {
							"vector": [-30, 0, 0]
						},
						"0.0833": {
							"vector": [60, 0, 0]
						}
					}
				},
				"bone": {
					"rotation": {
						"0.0": {
							"vector": [-7.5, -7.5, 0]
						},
						"0.0833": {
							"vector": [-25, -7.5, 0]
						}
					},
					"position": {
						"0.0": {
							"vector": [51, 0, -51]
						},
						"0.0833": {
							"vector": [-48, 0, 55]
						},
						"0.5": {
							"vector": [-59, 0, 69]
						}
					},
					"scale": {
						"0.25": {
							"vector": [1, 1, 1]
						},
						"0.5": {
							"vector": [0, 1, 0]
						}
					}
				}
			}
		}
	},
	"geckolib_format_version": 2
}