{
	"format_version": "1.8.0",
	"animations": {
		"appear": {
			"animation_length": 5.54167,
			"bones": {
				"body": {
					"rotation": {
						"0.0": {
							"vector": [32.5, 0, 0]
						},
						"0.625": {
							"vector": [-30, 0, 0]
						},
						"0.875": {
							"vector": [-32.5, 0, 0]
						},
						"1.0": {
							"vector": [-25, 0, 0]
						},
						"1.1667": {
							"vector": [-10, 0, 0]
						},
						"1.625": {
							"vector": [-20, 0, 0]
						},
						"2.5417": {
							"vector": [-12.5, 0, 0]
						},
						"4.125": {
							"vector": [-12.5, 0, 0]
						},
						"4.5": {
							"vector": [-27.5, 0, 0]
						},
						"4.75": {
							"vector": [5, 0, 0]
						},
						"5.5417": {
							"vector": [-12.5, 0, 0]
						}
					}
				},
				"head": {
					"rotation": {
						"0.25": {
							"vector": [20, 0, 0]
						},
						"0.5417": {
							"vector": [27.5, 0, 0]
						},
						"0.75": {
							"vector": [7.5, 0, 0]
						},
						"1.2083": {
							"vector": [-5, 0, 0]
						},
						"1.5417": {
							"vector": [30, 0, 0]
						},
						"3.0": {
							"vector": [30, 0, 0]
						},
						"4.125": {
							"vector": [30, 0, 0]
						},
						"4.1667": {
							"vector": [35, 0, 0]
						},
						"4.5833": {
							"vector": [-12.5, 0, 0]
						},
						"4.7917": {
							"vector": [-3.19818, -0.07146, 5.70894]
						},
						"4.9167": {
							"vector": [-11.25986, -0.12965, 10.35793]
						},
						"5.0833": {
							"vector": [-0.76772, -0.16718, 13.35618]
						},
						"5.1667": {
							"vector": [-0.4549, -0.20009, 15.98503]
						},
						"5.5417": {
							"vector": [22.0451, -0.20009, 15.98503]
						}
					}
				},
				"rightarm": {
					"rotation": {
						"0.0": {
							"vector": [0, -32.5, 30]
						},
						"0.5": {
							"vector": [32.47528, 1.34295, -62.10886]
						},
						"1.0417": {
							"vector": [11.98835, 18.23744, -50.129]
						},
						"1.5833": {
							"vector": [-4.8167, 18.23744, -50.129]
						},
						"2.0833": {
							"vector": [0.87836, -2.70092, -32.58712]
						},
						"2.8333": {
							"vector": [1.67734, -2.28208, -50.88532]
						},
						"3.8333": {
							"vector": [1.71813, 12.71141, -50.44034]
						},
						"4.75": {
							"vector": [9.90268, 8.19088, -7.42093]
						},
						"5.5417": {
							"vector": [7.45254, 10.46724, -22.44813]
						}
					}
				},
				"leftarm": {
					"rotation": {
						"0.0": {
							"vector": [0, 32.5, -17.5]
						},
						"0.5": {
							"vector": [31.88034, 6.6782, 61.90939]
						},
						"1.0417": {
							"vector": [33.63303, -18.72239, 45.71914]
						},
						"1.5833": {
							"vector": [-1.36697, -18.72239, 45.71914]
						},
						"2.0833": {
							"vector": [5.93523, 9.58314, 24.90598]
						},
						"2.8333": {
							"vector": [8.85258, 6.98249, 44.94918]
						},
						"3.8333": {
							"vector": [9.1097, -15.24862, 41.4496]
						},
						"4.75": {
							"vector": [-9.36262, -4.00361, 14.19803]
						},
						"5.5417": {
							"vector": [0.10849, -4.05249, 21.71647]
						}
					}
				},
				"tail": {
					"rotation": {
						"0.0": {
							"vector": [-50, 0, 0]
						},
						"0.5417": {
							"vector": [-15, 0, 0]
						},
						"1.1667": {
							"vector": [0, 0, 0]
						},
						"1.7917": {
							"vector": [-10, 0, 0]
						},
						"2.5": {
							"vector": [0, 0, 0]
						},
						"3.2083": {
							"vector": [-15, 0, 0]
						},
						"3.875": {
							"vector": [-2.5, 0, 0]
						},
						"4.625": {
							"vector": [12.5, 0, 0]
						},
						"5.1667": {
							"vector": [-20, 0, 0]
						}
					}
				},
				"tail2": {
					"rotation": {
						"0.25": {
							"vector": [70, 0, 0]
						},
						"0.6667": {
							"vector": [-45, 0, 0]
						},
						"1.4583": {
							"vector": [-7.5, 0, 0]
						},
						"2.0": {
							"vector": [-27.5, 0, 0]
						},
						"2.625": {
							"vector": [30, 0, 0]
						},
						"3.5833": {
							"vector": [-27.5, 0, 0]
						},
						"4.5": {
							"vector": [15, 0, 0]
						},
						"5.0": {
							"vector": [-25, 0, 0]
						},
						"5.5417": {
							"vector": [47.5, 0, 0]
						}
					}
				},
				"jaw": {
					"rotation": {
						"vector": [35, 0, 0]
					},
					"position": {
						"4.625": {
							"vector": [0, 0, 0]
						},
						"4.6667": {
							"vector": [0, -7, 0]
						},
						"5.375": {
							"vector": [0, -5.33, 0]
						},
						"5.5417": {
							"vector": [0, 0, 0]
						}
					}
				},
				"anger": {
					"position": {
						"4.625": {
							"vector": [0, 0, 0]
						},
						"4.6667": {
							"vector": [0, 0, -3]
						},
						"5.5417": {
							"vector": [0, 0, -3]
						}
					}
				},
				"pupil": {
					"position": {
						"0.0": {
							"vector": [0, 1, 0]
						},
						"1.0": {
							"vector": [0, 1, 0]
						},
						"1.0417": {
							"vector": [0, 0, 0]
						},
						"1.6667": {
							"vector": [0, 0, 0]
						}
					}
				},
				"pupil2": {
					"position": {
						"0.0": {
							"vector": [0, 1, 0]
						},
						"1.0": {
							"vector": [0, 1, 0]
						},
						"1.0417": {
							"vector": [-1, 0, 0]
						},
						"1.6667": {
							"vector": [-1, 0, 0]
						},
						"1.7083": {
							"vector": [0, 0, 0]
						}
					}
				},
				"brow": {
					"position": {
						"0.0": {
							"vector": [0, -2, 0]
						},
						"0.1667": {
							"vector": [0, 1, 0]
						},
						"0.9167": {
							"vector": [0, 0, 0]
						},
						"1.6667": {
							"vector": [0, 0, 0]
						},
						"1.7083": {
							"vector": [0, -3, 0]
						},
						"1.75": {
							"vector": [0, 0, 0]
						},
						"3.375": {
							"vector": [0, 0, 0]
						},
						"3.4167": {
							"vector": [0, -3, 0]
						},
						"3.5": {
							"vector": [0, -1, 0]
						}
					}
				}
			}
		},
		"idle": {
			"loop": true,
			"animation_length": 2,
			"bones": {
				"body": {
					"rotation": {
						"0.0": {
							"vector": [-30, 0, 0]
						},
						"1.0": {
							"vector": [-25, 0, 0]
						},
						"2.0": {
							"vector": [-30, 0, 0]
						}
					}
				},
				"rightarm": {
					"rotation": {
						"0.0": {
							"vector": [0, 0, -47.5]
						},
						"1.0": {
							"vector": [0, 0, -35]
						},
						"2.0": {
							"vector": [0, 0, -47.5]
						}
					}
				},
				"leftarm": {
					"rotation": {
						"0.0": {
							"vector": [0, 0, 47.5]
						},
						"1.0": {
							"vector": [0, 0, 32.5]
						},
						"2.0": {
							"vector": [0, 0, 47.5]
						}
					}
				},
				"tail": {
					"rotation": {
						"0.0": {
							"vector": [-20, 0, 0]
						},
						"1.0": {
							"vector": [-5, 0, 0]
						},
						"2.0": {
							"vector": [-20, 0, 0]
						}
					}
				},
				"tail2": {
					"rotation": {
						"0.0": {
							"vector": [-22.5, 0, 0]
						},
						"0.3333": {
							"vector": [-27.5, 0, 0]
						},
						"1.1667": {
							"vector": [22.46, 0, 0]
						},
						"2.0": {
							"vector": [-22.5, 0, 0]
						}
					}
				},
				"head": {
					"rotation": {
						"0.0": {
							"vector": [40, 0, 0]
						},
						"0.625": {
							"vector": [32.5, 0, 0]
						},
						"2.0": {
							"vector": [40, 0, 0]
						}
					}
				}
			}
		},
		"swim": {
			"loop": true,
			"animation_length": 2,
			"bones": {
				"body": {
					"rotation": {
						"0.0": {
							"vector": [5, 0, 0]
						},
						"1.0": {
							"vector": [-5, 0, 0]
						},
						"2.0": {
							"vector": [5, 0, 0]
						}
					}
				},
				"rightarm": {
					"rotation": {
						"0.0": {
							"vector": [36.19714, -10.54794, 14.04397]
						},
						"1.1667": {
							"vector": [33.60502, 17.72091, -24.60981]
						},
						"2.0": {
							"vector": [36.19714, -10.54794, 14.04397]
						}
					}
				},
				"leftarm": {
					"rotation": {
						"0.0": {
							"vector": [36.19714, 10.54794, -14.04397]
						},
						"1.1667": {
							"vector": [33.60502, -17.72091, 24.60981]
						},
						"2.0": {
							"vector": [36.19714, 10.54794, -14.04397]
						}
					}
				},