{
	"format_version": "1.8.0",
	"animations": {
		"idle": {
			"loop": true,
			"animation_length": 2.75,
			"bones": {
				"cape": {
					"rotation": {
						"0.0": {
							"vector": [5, 0, 0]
						},
						"1.0833": {
							"vector": [14.99294, 0.32621, -2.47864]
						},
						"1.6667": {
							"vector": [9.99527, 0.21782, -2.4905]
						},
						"2.75": {
							"vector": [5, 0, 0]
						}
					}
				},
				"cape2": {
					"rotation": {
						"0.0": {
							"vector": [5, 0, 0]
						},
						"1.0833": {
							"vector": [14.99294, -0.32621, 2.47864]
						},
						"1.6667": {
							"vector": [9.99527, -0.21782, 2.4905]
						},
						"2.75": {
							"vector": [5, 0, 0]
						}
					}
				}
			}
		}
	},
	"geckolib_format_version": 2
}