{
	"format_version": "1.8.0",
	"animations": {
		"idle": {
			"loop": true,
			"animation_length": 9,
			"bones": {
				"Head": {
					"rotation": {
						"0.0": {
							"vector": [7.5, 15, 0]
						},
						"1.5": {
							"vector": [12.5, 15, 0]
						},
						"3.0": {
							"vector": [7.5, 15, 0]
						},
						"4.5": {
							"vector": [12.5, 15, 0]
						},
						"6.0": {
							"vector": [7.5, 15, 0]
						},
						"7.5": {
							"vector": [12.5, 15, 0]
						},
						"9.0": {
							"vector": [7.5, 15, 0]
						}
					}
				},
				"RightArm": {
					"rotation": {
						"0.0": {
							"vector": [37.5, 27.5, 0]
						},
						"1.5": {
							"vector": [36.42641, 29.00347, -2.26766]
						},
						"3.0": {
							"vector": [37.5, 27.5, 0]
						},
						"4.5": {
							"vector": [36.42641, 29.00347, -2.26766]
						},
						"6.0": {
							"vector": [37.5, 27.5, 0]
						},
						"7.5": {
							"vector": [36.42641, 29.00347, -2.26766]
						},
						"9.0": {
							"vector": [37.5, 27.5, 0]
						}
					}
				},
				"LeftArm": {
					"rotation": {
						"0.0": {
							"vector": [0, -10, 0]
						},
						"1.5": {
							"vector": [-0.44067, -9.99038, 2.53852]
						},
						"3.0": {
							"vector": [0, -10, 0]
						},
						"4.5": {
							"vector": [-0.44067, -9.99038, 2.53852]
						},
						"6.0": {
							"vector": [0, -10, 0]
						},
						"7.5": {
							"vector": [-0.44067, -9.99038, 2.53852]
						},
						"9.0": {
							"vector": [0, -10, 0]
						}
					}
				},
				"RightLeg": {
					"rotation": {
						"0.0": {
							"vector": [8.61189, 11.21458, -7.53001]
						},
						"3.0": {
							"vector": [8.61189, 11.21458, -7.53001]
						},
						"6.0": {
							"vector": [8.61189, 11.21458, -7.53001]
						},
						"9.0": {
							"vector": [8.61189, 11.21458, -7.53001]
						}
					}
				},
				"LeftLeg": {
					"rotation": {
						"0.0": {
							"vector": [-0.43688, -4.98093, 5.019]
						},
						"3.0": {
							"vector": [-0.43688, -4.98093, 5.019]
						},
						"6.0": {
							"vector": [-0.43688, -4.98093, 5.019]
						},
						"9.0": {
							"vector": [-0.43688, -4.98093, 5.019]
						}
					}
				},
				"bone3": {
					"rotation": {
						"0.0": {
							"vector": [0, -15, 0]
						},
						"3.0": {
							"vector": [0, -15, 0]
						},
						"6.0": {
							"vector": [0, -15, 0]
						},
						"9.0": {
							"vector": [0, -15, 0]
						}
					}
				},
				"bone5": {
					"position": {
						"0.0": {
							"vector": [0, 0, 0]
						},
						"2.375": {
							"vector": [0, 0, 0]
						},
						"2.4167": {
							"vector": [1, 0, 0]
						},
						"3.25": {
							"vector": [1, 0, 0]
						},
						"3.2917": {
							"vector": [0, 0, 0]
						},
						"6.0": {
							"vector": [0, 0, 0]
						}
					}
				},
				"bone4": {
					"position": {
						"0.0": {
							"vector": [0, 0, 0]
						},
						"4.0": {
							"vector": [0, 0, 0]
						},
						"4.0417": {
							"vector": [0, 0, -1.1]
						},
						"4.0833": {
							"vector": [0, 0, -1.1]
						},
						"4.125": {
							"vector": [0, 0, 0]
						},
						"6.0": {
							"vector": [0, 0, 0]
						}
					}
				},
				"bone6": {
					"position": {
						"0.0": {
							"vector": [0, 0, 0]
						},
						"3.0": {
							"vector": [0, 0, 0]
						},
						"3.25": {
							"vector": [0, 0, 0]
						},
						"3.2917": {
							"vector": [-1, 0, 0]
						},
						"4.0833": {
							"vector": [-1, 0, 0]
						},
						"4.125": {
							"vector": [0, 0, 0]
						},
						"6.0": {
							"vector": [0, 0, 0]
						},
						"9.0": {
							"vector": [0, 0, 0]
						}
					}
				}
			}
		},
		"walk": {
			"loop": true,
			"animation_length": 1,
			"bones": {
				"bone3": {
					"rotation": {
						"0.0": {
							"vector": [2.50238, -2.49762, -0.10912]
						},
						"0.5": {
							"vector": [2.50238, 2.49762, 0.10912]
						},
						"1.0": {
							"vector": [2.50238, -2.49762, -0.10912]
						}
					}
				},
				"LeftLeg": {
					"rotation": {
						"0.0": {
							"vector": [-20, 0, 0]
						},
						"0.5": {
							"vector": [22.5, 0, 0]
						},
						"1.0": {
							"vector": [-20, 0, 0]
						}
					},
					"position": {
						"0.0": {
							"vector": [0, 0, 0]
						},
						"0.5": {
							"vector": [0, 0, 0]
						},
						"0.75": {
							"vector": [0, 2, -2]
						},
						"1.0": {
							"vector": [0, 0, 0]
						}
					}
				},
				"RightLeg": {
					"rotation": {
						"0.0": {
							"vector": [17.5, 0, 0]
						},
						"0.5": {
							"vector": [-20, 0, 0]
						},
						"1.0": {
							"vector": [17.5, 0, 0]
						}
					},
					"position": {
						"0.0": {
							"vector": [0, 0, 0]
						},
						"0.25": {
							"vector": [0, 2, -2]
						},
						"0.5": {
							"vector": [0, 0, 0]
						}
					}
				},
				"LeftArm": {
					"rotation": {
						"0.0": {
							"vector": [12.5, 0, 0]
						},
						"0.5": {
							"vector": [-17.5, 0, 0]
						},
						"1.0": {
							"vector": [12.5, 0, 0]
						}
					}
				},
				"RightArm": {
					"rotation": {
						"vector": [33.37614, 15.88056, -1.59005]
					}
				},
				"bone": {
					"rotation": {
						"vector": [17.5, 0, 0]
					}
				},
				"Head": {
					"rotation": {
						"0.0": {
							"vector": [10.03742, 4.92385, 0.87038]
						},
						"0.5": {
							"vector": [10.00933, -2.462, -0.43439]
						},
						"1.0": {
							"vector": [10.03742, 4.92385, 0.87038]
						}
					}
				}
			}
		},
		"run": {
			"loop": true,
			"animation_length": 0.5,
			"bones": {
				"bone3": {
					"rotation": {
						"0.0": {
							"vector": [40.1076, -3.82821, -3.21873]
						},
						"0.25": {
							"vector": [40.1076, 3.82821, 3.21873]
						},
						"0.5": {
							"vector": [40.1076, -3.82821, -3.21873]
						}
					},
					"position": {
						"0.0": {
							"vector": [0, -1, 0]
						},
						"0.125": {
							"vector": [0, 0, 0]
						},
						"0.25": {
							"vector": [0, -1, 0]
						},
						"0.375": {
							"vector": [0, 0, 0]
						},
						"0.5": {
							"vector": [0, -1, 0]
						}
					}
				},
				"LeftLeg": {
					"rotation": {
						"0.0": {
							"vector": [-75, 0, 0]
						},
						"0.25": {
							"vector": [40, 0, 0]
						},
						"0.5": {
							"vector": [-75, 0, 0]
						}
					},
					"position": {
						"0.0": {
							"vector": [0, 0, 0]
						},
						"0.25": {
							"vector": [0, 0, 0]
						},
						"0.375": {
							"vector": [0, 4, -4]
						},
						"0.5": {
							"vector": [0, 0, 0]
						}
					}
				},
				"RightLeg": {
					"rotation": {
						"0.0": {
							"vector": [47.5, 0, 0]
						},
						"0.25": {
							"vector": [-85, 0, 0]
						},
						"0.5": {
							"vector": [47.5, 0, 0]
						}
					},
					"position": {
						"0.0": {
							"vector": [0, 0, 0]
						},
						"0.125": {
							"vector": [0, 5, -5]
						},
						"0.25": {
							"vector": [0, 0, 0]
						}
					}
				},
				"LeftArm": {
					"rotation": {
						"0.0": {
							"vector": [35, 0, 0]
						},
						"0.25": {
							"vector": [-47.5, 0, 0]
						},
						"0.5": {
							"vector": [35, 0, 0]
						}
					}
				},
				"RightArm": {
					"rotation": {
						"0.0": {
							"vector": [6.46635, -7.64427, 49.56754]
						},
						"0.5": {
							"vector": [6.46635, -7.64427, 49.56754]
						}
					}
				},
				"bone": {
					"rotation": {
						"0.0": {
							"vector": [46.75001, 4.08323, 4.7953]
						},
						"0.5": {
							"vector": [46.75001, 4.08323, 4.7953]
						}
					}
				},
				"Head": {
					"rotation": {
						"0.0": {
							"vector": [-27.5, 0, 0]
						},
						"0.1667": {
							"vector": [-22.5, 0, 0]
						},
						"0.3333": {
							"vector": [-32.5, 0, 0]
						},
						"0.5": {
							"vector": [-27.5, 0, 0]
						}
					}
				}
			}
		},
		"attack": {
			"animation_length": 0.5,
			"bones": {
				"bone3": {
					"rotation": {
						"0.0": {
							"vector": [-15, 22.5, 0]
						},
						"0.125": {
							"vector": [44.65986, -33.68138, -16.45902]
						},