{
	"format_version": "1.8.0",
	"animations": {
		"idle": {
			"loop": true,
			"animation_length": 0.75,
			"bones": {
				"head": {
					"scale": {
						"0.2917": {
							"vector": [2.4, 2.4, 1.7]
						},
						"0.375": {
							"vector": [1, 1, 1]
						},
						"0.4583": {
							"vector": [0, 0, 0]
						}
					}
				},
				"bone9": {
					"rotation": {
						"0.0": {
							"vector": [70.5203, 15.46837, 48.60549]
						},
						"0.0833": {
							"vector": [73.0203, 15.46837, 48.60549]
						},
						"0.1667": {
							"vector": [5.5203, 15.46837, 48.60549]
						},
						"0.2917": {
							"vector": [10.5203, 15.46837, 48.60549]
						}
					},
					"position": {
						"0.0": {
							"vector": [0, 0, -27]
						},
						"0.0833": {
							"vector": [0, 0, -2]
						}
					}
				},
				"bone10": {
					"rotation": {
						"0.0": {
							"vector": [-147.5, 0, 0]
						},
						"0.0833": {
							"vector": [-155, 0, 0]
						},
						"0.1667": {
							"vector": [5, 0, 0]
						},
						"0.2917": {
							"vector": [0, 0, 0]
						}
					},
					"position": {
						"0.0": {
							"vector": [0, 0, -8]
						},
						"0.1667": {
							"vector": [0, 0, -1]
						}
					}
				}
			}
		}
	},
	"geckolib_format_version": 2
}