{
	"format_version": "1.8.0",
	"animations": {
		"idle": {
			"loop": true,
			"animation_length": 4,
			"bones": {
				"body": {
					"rotation": {
						"0.0": {
							"vector": [17.5, -2.5, 0]
						},
						"1.0": {
							"vector": [15, -2.5, 0]
						},
						"2.0": {
							"vector": [17.5, -2.5, 0]
						},
						"3.0": {
							"vector": [15, -2.5, 0]
						},
						"4.0": {
							"vector": [17.5, -2.5, 0]
						}
					},
					"position": {
						"0.0": {
							"vector": [0, -1, 0]
						},
						"1.0": {
							"vector": [0, 1, 0]
						},
						"2.0": {
							"vector": [0, -1, 0]
						},
						"3.0": {
							"vector": [0, 1, 0]
						},
						"4.0": {
							"vector": [0, -1, 0]
						}
					}
				},
				"uppertorso": {
					"rotation": {
						"0.0": {
							"vector": [27.5, 0, 0]
						},
						"1.0": {
							"vector": [20, 0, 0]
						},
						"2.0": {
							"vector": [27.5, 0, 0]
						},
						"3.0": {
							"vector": [20, 0, 0]
						},
						"4.0": {
							"vector": [27.5, 0, 0]
						}
					}
				},
				"leftarm": {
					"rotation": {
						"0.0": {
							"vector": [-68.26588, -15.74419, -12.49325]
						},
						"0.625": {
							"vector": [-63.27133, -15.74419, -12.49325]
						},
						"1.2083": {
							"vector": [-72.90183, -15.74419, -12.49325]
						},
						"2.0": {
							"vector": [-68.26588, -15.74419, -12.49325]
						},
						"2.5833": {
							"vector": [-63.27133, -15.74419, -12.49325]
						},
						"3.1667": {
							"vector": [-72.90183, -15.74419, -12.49325]
						},
						"4.0": {
							"vector": [-68.26588, -15.74419, -12.49325]
						}
					},
					"position": {
						"0.0": {
							"vector": [0, -4, 3]
						},
						"2.0": {
							"vector": [0, -4, 3]
						},
						"4.0": {
							"vector": [0, -4, 3]
						}
					}
				},
				"rightarm": {
					"rotation": {
						"0.0": {
							"vector": [-64.70513, 18.88952, 16.68541]
						},
						"0.625": {
							"vector": [-59.73781, 18.88952, 16.68541]
						},
						"1.2083": {
							"vector": [-69.35625, 18.88952, 16.68541]
						},
						"2.0": {
							"vector": [-64.70513, 18.88952, 16.68541]
						},
						"2.5833": {
							"vector": [-59.73781, 18.88952, 16.68541]
						},
						"3.1667": {
							"vector": [-69.35625, 18.88952, 16.68541]
						},
						"4.0": {
							"vector": [-64.70513, 18.88952, 16.68541]
						}
					},
					"position": {
						"0.0": {
							"vector": [0, -6, 3]
						},
						"2.0": {
							"vector": [0, -6, 3]
						},
						"4.0": {
							"vector": [0, -6, 3]
						}
					}
				},
				"head": {
					"rotation": {
						"0.0": {
							"vector": [-30, 0, 0]
						},
						"1.0": {
							"vector": [-15, 0, 0]
						},
						"2.0": {
							"vector": [-30, 0, 0]
						},
						"2.5": {
							"vector": [-21.99954, -0.08272, 0.02222]
						},
						"2.75": {
							"vector": [-25.03932, -20.6402, 9.33961]
						},
						"3.25": {
							"vector": [-27.29754, -14.60853, 6.77731]
						},
						"3.5833": {
							"vector": [-29.44073, 16.05201, -9.48811]
						},
						"4.0": {
							"vector": [-30, 0, 0]
						}
					}
				},
				"jaw": {
					"rotation": {
						"1.1667": {
							"vector": [-2.5, 0, 0]
						},
						"1.5": {
							"vector": [12.5, 0, 0]
						},
						"1.75": {
							"vector": [15, 0, 0]
						},
						"2.0": {
							"vector": [-2.5, 0, 0]
						},
						"3.1667": {
							"vector": [-2.5, 0, 0]
						},
						"3.5": {
							"vector": [12.5, 0, 0]
						},
						"3.75": {
							"vector": [15, 0, 0]
						},
						"4.0": {
							"vector": [-2.5, 0, 0]
						}
					}
				},
				"tail": {
					"rotation": {
						"0.0": {
							"vector": [-5, 0, 0]
						},
						"0.7083": {
							"vector": [-2.18931, 21.43704, -4.86146]
						},
						"1.5": {
							"vector": [0.03738, -19.32763, 5.40752]
						},
						"2.0": {
							"vector": [-5, 0, 0]
						},
						"2.7083": {
							"vector": [-2.18931, 21.43704, -4.86146]
						},
						"3.5": {
							"vector": [0.03738, -19.32763, 5.40752]
						},
						"4.0": {
							"vector": [-5, 0, 0]
						}
					}
				},
				"rightleg": {
					"rotation": {
						"0.0": {
							"vector": [2.5, 0, 0]
						},
						"1.0": {
							"vector": [-10, 0, 0]
						},
						"2.0": {
							"vector": [2.5, 0, 0]
						},
						"3.0": {
							"vector": [-10, 0, 0]
						},
						"4.0": {
							"vector": [2.5, 0, 0]
						}
					}
				},
				"rightlower": {
					"rotation": {
						"0.0": {
							"vector": [20, 0, 0]
						},
						"1.0": {
							"vector": [42.5, 0, 0]
						},
						"2.0": {
							"vector": [20, 0, 0]
						},
						"3.0": {
							"vector": [42.5, 0, 0]
						},
						"4.0": {
							"vector": [20, 0, 0]
						}
					}
				},
				"leftleg": {
					"rotation": {
						"0.0": {
							"vector": [-2.5, 0, 0]
						},
						"1.0": {
							"vector": [-25, 0, 0]
						},
						"2.0": {
							"vector": [-2.5, 0, 0]
						},
						"3.0": {
							"vector": [-25, 0, 0]
						},
						"4.0": {
							"vector": [-2.5, 0, 0]
						}
					}
				},
				"leftlower": {
					"rotation": {
						"0.0": {
							"vector": [-15, 0, 0]
						},
						"1.0": {
							"vector": [17.5, 0, 0]
						},
						"2.0": {
							"vector": [-15, 0, 0]
						},
						"3.0": {
							"vector": [17.5, 0, 0]
						},
						"4.0": {
							"vector": [-15, 0, 0]
						}
					}
				},
				"pupil": {
					"position": {
						"2.5": {
							"vector": [0, 0, 0]
						},
						"2.5833": {
							"vector": [0.6, 0, 0]
						},
						"3.3333": {
							"vector": [0.6, 0, 0]
						},
						"3.4167": {
							"vector": [-0.3, 0, 0]
						}
					}
				},
				"pupil2": {
					"position": {
						"2.5": {
							"vector": [0, 0, 0]
						},
						"2.5833": {
							"vector": [0.2, 0, 0]
						},
						"3.3333": {
							"vector": [0.2, 0, 0]
						},
						"3.4167": {
							"vector": [-0.8, 0, 0]
						}
					}
				}
			}
		},
		"roar": {
			"animation_length": 1,
			"bones": {
				"body": {
					"rotation": {
						"0.0": {
							"vector": [47.5, 0, 0]
						},
						"0.5": {
							"vector": [-35, 0, 0]
						}
					}
				},
				"uppertorso": {
					"rotation": {
						"0.0": {
							"vector": [17.5, 0, 0]
						},
						"0.2917": {
							"vector": [23.2, 0, 0]
						},
						"0.5": {
							"vector": [2.5, 0, 0]
						},
						"0.75": {
							"vector": [-25, 0, 0]
						},
						"1.0": {
							"vector": [-25.18908, -6.79382, 3.18458]
						}
					}
				},
				"leftarm": {
					"rotation": {
						"0.0": {
							"vector": [-65, 0, 0]
						},
						"0.2917": {
							"vector": [-63.94427, 15.81499, 7.59001]
						},
						"0.4583": {
							"vector": [-44.70927, -28.24034, -33.37483]
						},
						"1.0": {
							"vector": [-19.70927, -28.24034, -33.37483]
						}
					},
					"position": {
						"0.0": {
							"vector": [0, 0, 0]
						},
						"0.2917": {
							"vector": [0, 0, 9]
						},
						"0.4583": {
							"vector": [0, 0, 0]
						}
					}
				},
				"rightarm": {
					"rotation": {
						"0.0": {
							"vector": [-65, 0, 0]
						},
						"0.2917": {
							"vector": [-64.23074, -13.56626, -6.46066]
						},
						"0.4583": {
							"vector": [-36.93607, 29.98876, 43.54376]
						},
						"1.0": {
							"vector": [3.06393, 29.98876, 43.54376]
						}
					},
					"position": {
						"0.0": {
							"vector": [0, 0, 0]
						},
						"0.2917": {
							"vector": [0, 0, 10]
						},
						"0.4583": {
							"vector": [0, 0, 0]
						}
					}
				},
				"head": {
					"rotation": {
						"0.0": {
							"vector": [16.17354, 21.69365, 6.1191]
						},
						"0.2917": {
							"vector": [17.97163, 21.69365, 6.1191]
						},
						"0.5": {
							"vector": [-8.82646, 21.69365, 6.1191]
						},
						"1.0": {
							"vector": [-8.61592, -17.88001, 12.0677]
						}
					}
				},
				"jaw": {
					"rotation": {
						"0.0": {
							"vector": [0, 0, 0]
						},
						"0.5": {
							"vector": [72.5, 0, 0]
						}
					}
				},