{
	"format_version": "1.8.0",
	"animations": {
		"animation.wolfbeast.idle": {
			"loop": true,
			"animation_length": 4,
			"bones": {
				"bone": {
					"rotation": {
						"0.0": {
							"vector": [7.5, 0, 0]
						},
						"0.5": {
							"vector": [5, 0, 0]
						},
						"1.0": {
							"vector": [7.5, 0, 0]
						},
						"1.5": {
							"vector": [5, 0, 0]
						},
						"2.0": {
							"vector": [7.5, 0, 0]
						},
						"2.5": {
							"vector": [5, 0, 0]
						},
						"3.0": {
							"vector": [7.5, 0, 0]
						},
						"3.5": {
							"vector": [5, 0, 0]
						},
						"4.0": {
							"vector": [7.5, 0, 0]
						}
					},
					"position": {
						"0.0": {
							"vector": [0, -1.3, 0]
						},
						"1.0": {
							"vector": [0, -1.3, 0]
						},
						"2.0": {
							"vector": [0, -1.3, 0]
						},
						"3.0": {
							"vector": [0, -1.3, 0]
						},
						"4.0": {
							"vector": [0, -1.3, 0]
						}
					}
				},
				"head": {
					"rotation": {
						"0.0": {
							"vector": [2.5, 0, 0]
						},
						"0.2083": {
							"vector": [5, 0, 0]
						},
						"0.4167": {
							"vector": [0, 0, 0]
						},
						"0.625": {
							"vector": [-2.5, 0, 0]
						},
						"1.0": {
							"vector": [2.5, 0, 0]
						},
						"1.0833": {
							"vector": [-16.03113, -12.02833, 3.42672]
						},
						"1.25": {
							"vector": [-9.56508, -13.21879, 3.42731]
						},
						"1.375": {
							"vector": [-16.03113, -12.02833, 3.42672]
						},
						"1.625": {
							"vector": [-2.5, 0, 0]
						},
						"1.8333": {
							"vector": [0.29126, 17.49979, 0.08758]
						},
						"2.0417": {
							"vector": [0.29126, 17.49979, 0.08758]
						},
						"2.2083": {
							"vector": [5, 0, 0]
						},
						"2.4167": {
							"vector": [0, 0, 0]
						},
						"2.625": {
							"vector": [-2.5, 0, 0]
						},
						"3.0": {
							"vector": [2.5, 0, 0]
						},
						"3.2083": {
							"vector": [5, 0, 0]
						},
						"3.4167": {
							"vector": [0, 0, 0]
						},
						"3.625": {
							"vector": [-2.5, 0, 0]
						},
						"4.0": {
							"vector": [2.5, 0, 0]
						}
					}
				},
				"pupil": {
					"position": {
						"1.7917": {
							"vector": [0, 0, 0]
						},
						"1.875": {
							"vector": [0, 0, 1]
						},
						"2.0833": {
							"vector": [0, 0, 1]
						},
						"2.1667": {
							"vector": [0, 0, 0]
						}
					}
				},
				"pupil2": {
					"position": {
						"1.0": {
							"vector": [0, 0, 0]
						},
						"1.0833": {
							"vector": [0, 0, 1]
						},
						"1.625": {
							"vector": [0, 0, 1]
						},
						"1.6667": {
							"vector": [0, 0, 0]
						}
					}
				},
				"jaw": {
					"rotation": {
						"0.0": {
							"vector": [7.5, 0, 0]
						},
						"0.2083": {
							"vector": [2.5, 0, 0]
						},
						"0.5417": {
							"vector": [-2.5, 0, 0]
						},
						"0.875": {
							"vector": [2.5, 0, 0]
						},
						"1.0": {
							"vector": [7.5, 0, 0]
						},
						"1.2083": {
							"vector": [2.5, 0, 0]
						},
						"1.5417": {
							"vector": [-2.5, 0, 0]
						},
						"1.875": {
							"vector": [2.5, 0, 0]
						},
						"2.0": {
							"vector": [7.5, 0, 0]
						},
						"2.2083": {
							"vector": [2.5, 0, 0]
						},
						"2.5417": {
							"vector": [-2.5, 0, 0]
						},
						"2.875": {
							"vector": [2.5, 0, 0]
						},
						"3.0": {
							"vector": [7.5, 0, 0]
						},
						"3.2083": {
							"vector": [2.5, 0, 0]
						},
						"3.5417": {
							"vector": [-2.5, 0, 0]
						},
						"3.875": {
							"vector": [2.5, 0, 0]
						},
						"4.0": {
							"vector": [7.5, 0, 0]
						}
					}
				},
				"rarm": {
					"rotation": {
						"0.0": {
							"vector": [-14.87739, 1.93597, 7.24721]
						},
						"1.0": {
							"vector": [-14.87739, 1.93597, 7.24721]
						},
						"2.0": {
							"vector": [-14.87739, 1.93597, 7.24721]
						},
						"3.0": {
							"vector": [-14.87739, 1.93597, 7.24721]
						},
						"4.0": {
							"vector": [-14.87739, 1.93597, 7.24721]
						}
					}
				},
				"larm": {
					"rotation": {
						"0.0": {
							"vector": [-9.6658, -2.57594, -14.78217]
						},
						"1.0": {
							"vector": [-9.6658, -2.57594, -14.78217]
						},
						"2.0": {
							"vector": [-9.6658, -2.57594, -14.78217]
						},
						"3.0": {
							"vector": [-9.6658, -2.57594, -14.78217]
						},
						"4.0": {
							"vector": [-9.6658, -2.57594, -14.78217]
						}
					}
				},
				"rleg": {
					"rotation": {
						"0.0": {
							"vector": [0, 0, 5]
						},
						"1.0": {
							"vector": [0, 0, 5]
						},
						"2.0": {
							"vector": [0, 0, 5]
						},
						"3.0": {
							"vector": [0, 0, 5]
						},
						"4.0": {
							"vector": [0, 0, 5]
						}
					},
					"position": {
						"0.0": {
							"vector": [0, 0, 0]
						},
						"0.5": {
							"vector": [0, 0.5, 0]
						},
						"1.0": {
							"vector": [0, 0, 0]
						},
						"1.5": {
							"vector": [0, 0.5, 0]
						},
						"2.0": {
							"vector": [0, 0, 0]
						},
						"2.5": {
							"vector": [0, 0.5, 0]
						},
						"3.0": {
							"vector": [0, 0, 0]
						},
						"3.5": {
							"vector": [0, 0.5, 0]
						},
						"4.0": {
							"vector": [0, 0, 0]
						}
					}
				},
				"lleg": {
					"rotation": {
						"0.0": {
							"vector": [0, 0, -5]
						},
						"1.0": {
							"vector": [0, 0, -5]
						},
						"2.0": {
							"vector": [0, 0, -5]
						},
						"3.0": {
							"vector": [0, 0, -5]
						},
						"4.0": {
							"vector": [0, 0, -5]
						}
					},
					"position": {
						"0.0": {
							"vector": [0, 0, 0]
						},
						"0.5": {
							"vector": [0, 0.5, 0]
						},
						"1.0": {
							"vector": [0, 0, 0]
						},
						"1.5": {
							"vector": [0, 0.5, 0]
						},
						"2.0": {
							"vector": [0, 0, 0]
						},
						"2.5": {
							"vector": [0, 0.5, 0]
						},
						"3.0": {
							"vector": [0, 0, 0]
						},
						"3.5": {
							"vector": [0, 0.5, 0]
						},
						"4.0": {
							"vector": [0, 0, 0]
						}
					}
				},
				"tail": {
					"rotation": {
						"0.0": {
							"vector": [-7.5, 0, 0]
						},
						"0.2083": {
							"vector": [10, 0, 0]
						},
						"0.4583": {
							"vector": [2.5, 0, 0]
						},
						"0.6667": {
							"vector": [-7.5, 0, 0]
						},
						"0.8333": {
							"vector": [-15, 0, 0]
						},
						"1.0": {
							"vector": [-7.5, 0, 0]
						},
						"1.2083": {
							"vector": [10, 0, 0]
						},
						"1.4583": {
							"vector": [2.5, 0, 0]
						},
						"1.6667": {
							"vector": [-7.5, 0, 0]
						},
						"1.8333": {
							"vector": [-15, 0, 0]
						},
						"2.0": {
							"vector": [-7.5, 0, 0]
						},
						"2.2083": {
							"vector": [10, 0, 0]
						},
						"2.4583": {
							"vector": [2.5, 0, 0]
						},
						"2.6667": {
							"vector": [-7.5, 0, 0]
						},
						"2.8333": {
							"vector": [-15, 0, 0]
						},
						"3.0": {
							"vector": [-7.5, 0, 0]
						},
						"3.2083": {
							"vector": [10, 0, 0]
						},
						"3.4583": {
							"vector": [2.5, 0, 0]
						},
						"3.6667": {
							"vector": [-7.5, 0, 0]
						},
						"3.8333": {
							"vector": [-15, 0, 0]
						},
						"4.0": {
							"vector": [-7.5, 0, 0]
						}
					}
				}
			}
		},
		"animation.wolfbeast.run": {
			"loop": true,
			"animation_length": 0.5,
			"bones": {
				"bone": {
					"rotation": {
						"0.0": {
							"vector": [7.5, 0, 0]
						},
						"0.25": {
							"vector": [-5, 0, 0]
						},
						"0.5": {
							"vector": [7.5, 0, 0]
						}
					}
				},
				"head": {
					"rotation": {
						"0.0": {
							"vector": [-17.5, 0, 0]
						},
						"0.1667": {
							"vector": [-10.28912, 1.04901, 1.84454]
						},
						"0.2917": {
							"vector": [9.78575, 1.04901, 1.84454]
						},
						"0.5": {
							"vector": [-17.5, 0, 0]
						}
					}
				},
				"jaw": {
					"rotation": {
						"0.0833": {
							"vector": [10, 0, 0]
						},
						"0.25": {
							"vector": [-10, 0, 0]
						},