{
  "credit": "Made with Blockbench",
  "parent": "builtin/entity",
  "texture_size": [
    32,
    32
  ],
  "display": {
    "thirdperson_righthand": {
      "rotation": [
        82.19000000000005,
        5.7199999999998,
        53.679999999999836
      ],
      "translation": [
        2.25,
        0,
        -1
      ]
    },
    "thirdperson_lefthand": {
      "rotation": [
        87.75,
        0,
        0
      ]
    },
    "firstperson_righthand": {
      "rotation": [
        0,
        0,
        63.75
      ],
      "translation": [
        0,
        -4.5,
        0
      ]
    },
    "firstperson_lefthand": {
      "rotation": [
        21.179999999999836,
        -1.9400000000000546,
        -4.889999999999873
      ]
    },
    "ground": {
      "scale": [
        0.919296875,
        0.919296875,
        0.919296875
      ]
    },
    "gui": {
      "rotation": [
        177.53999999999996,
        2.4600000000000364,
        -134.69999999999982
      ],
      "translation": [
        -5,
        -5,
        0
      ],
      "scale": [
        0.58,
        0.6,
        0.6
      ]
    },
    "fixed": {
      "translation": [
        0,
        -11.5,
        0
      ]
    }
  }
}