{
	"format_version": "1.8.0",
	"animations": {
		"amputateuse": {
			"animation_length": 0.5,
			"bones": {
				"body": {
					"rotation": {
						"0.0": {
							"vector": [-27.22644, -22.52101, 11.14843]
						},
						"0.0417": {
							"vector": [-12.92526, -16.39862, 5.59674]
						},
						"0.125": {
							"vector": [39.20093, 41.72444, 6.9537]
						},
						"0.2083": {
							"vector": [50.97867, 55.22385, 29.38459]
						},
						"0.2917": {
							"vector": [41.78901, 46.34023, 23.21891]
						},
						"0.375": {
							"vector": [32.2251, 39.08895, 17.03109]
						},
						"0.5": {
							"vector": [12.99821, 17.52213, -0.36335]
						}
					},
					"position": {
						"0.0": {
							"vector": [5, 0, 0]
						},
						"0.0417": {
							"vector": [3.67, 0, 0]
						},
						"0.125": {
							"vector": [-5, 0, 0]
						},
						"0.2083": {
							"vector": [-9.33, 0, 0]
						},
						"0.2917": {
							"vector": [-9.24, 0, 0]
						},
						"0.375": {
							"vector": [-7.34, 0, 0]
						},
						"0.5": {
							"vector": [-2, 0, 0]
						}
					}
				},
				"head": {
					"rotation": {
						"0.0": {
							"vector": [32.11575, 32.00928, 4.36992]
						},
						"0.1667": {
							"vector": [46.61289, -28.63017, -42.47029]
						},
						"0.375": {
							"vector": [24.95112, -48.31766, -8.75865]
						}
					}
				},
				"right_arm": {
					"rotation": {
						"0.0": {
							"vector": [-125, 0, 97.5]
						},
						"0.1667": {
							"vector": [30.40756, 0, 97.5]
						},
						"0.375": {
							"vector": [33.74176, 8.61195, 82.31611]
						},
						"0.5": {
							"vector": [27.85269, 21.58055, 60.11123]
						}
					}
				},
				"left_arm": {
					"rotation": {
						"0.0": {
							"vector": [-85.89772, 52.42899, 3.25353]
						},
						"0.1667": {
							"vector": [84.73393, -50.51364, -175.8038]
						},
						"0.3333": {
							"vector": [71.87226, -49.11036, -142.77825]
						},
						"0.5": {
							"vector": [9.29902, -78.0895, -76.17926]
						}
					}
				}
			}
		}
	}
}