{
	"format_version": "1.8.0",
	"animations": {
		"antimanner": {
			"animation_length": 1.8333,
			"bones": {
				"body": {
					"rotation": {
						"0.0": {
							"vector": [0, 0, 0]
						},
						"0.125": {
							"vector": [12.41193, 14.98539, -0.66963]
						},
						"0.2917": {
							"vector": [25.62758, 19.6835, 3.61644]
						},
						"0.375": {
							"vector": [-22.92566, -22.15849, 29.27054]
						},
						"0.5417": {
							"vector": [-19.27639, -21.16149, 27.97772]
						},
						"0.8333": {
							"vector": [-19.27639, -21.16149, 27.97772]
						},
						"1.5": {
							"vector": [3.16706, 18.37644, -1.21346]
						}
					},
					"position": {
						"0.0": {
							"vector": [0, 0, 0]
						},
						"0.125": {
							"vector": [0, 0, 0]
						},
						"0.2917": {
							"vector": [0, 0, 0]
						},
						"0.375": {
							"vector": [0, 3, 0]
						},
						"0.5417": {
							"vector": [0, 3, 0]
						},
						"0.8333": {
							"vector": [0, 3, 0]
						},
						"1.5": {
							"vector": [0, 1, 0]
						}
					}
				},
				"head": {
					"rotation": {
						"0.0": {
							"vector": [0, 0, 0]
						},
						"0.125": {
							"vector": [1.33425, -0.98369, -4.72885]
						},
						"0.2917": {
							"vector": [1.33, -0.98, -4.73]
						},
						"0.375": {
							"vector": [37.34485, 2.98785, -20.80596]
						},
						"0.5417": {
							"vector": [35.11793, 3.06527, -19.7839]
						},
						"0.8333": {
							"vector": [35.11793, 3.06527, -19.7839]
						},
						"1.4167": {
							"vector": [13.57894, -13.61547, -1.60642]
						},
						"1.6667": {
							"vector": [13.60344, -13.94057, -9.51067]
						},
						"1.7917": {
							"vector": [12.78049, -13.92363, -6.9436]
						}
					},
					"position": {
						"0.125": {
							"vector": [0, 0, 0]
						},
						"0.2917": {
							"vector": [0, 0, 0]
						},
						"0.375": {
							"vector": [0, 0, 0]
						},
						"0.5417": {
							"vector": [0, 0, 0]
						},
						"0.8333": {
							"vector": [0, 0, 0]
						}
					}
				},
				"right_arm": {
					"rotation": {
						"0.0": {
							"vector": [0, 0, 0]
						},
						"0.125": {
							"vector": [-120.01499, 22.24444, 21.52058]
						},
						"0.2917": {
							"vector": [-107.53101, 33.52738, 50.89638]
						},
						"0.375": {
							"vector": [109.53043, 23.21697, 130.91132]
						},
						"0.5417": {
							"vector": [114.22962, 25.2451, 134.4318]
						},
						"0.8333": {
							"vector": [116.83655, 25.524, 131.14748]
						},
						"1.125": {
							"vector": [279.33286, 41.49956, 285.07721]
						},
						"1.5": {
							"vector": [330.89418, 44.57827, 320.0275]
						},
						"1.6667": {
							"vector": [328.51057, 42.9434, 317.59463]
						}
					},
					"position": {
						"0.0": {
							"vector": [0, 0, 0]
						},
						"0.125": {
							"vector": [-1.07945, -4.73416, 2.90216]
						},
						"0.2917": {
							"vector": [-1.08, -4.73, 2.9]
						},
						"0.375": {
							"vector": [-2.60178, -1.74815, 1.56107]
						},
						"0.5417": {
							"vector": [-2.60178, -1.74815, 1.56107]
						},
						"0.8333": {
							"vector": [-2.60178, -1.74815, 1.56107]
						},
						"1.125": {
							"vector": [-2.70068, -0.75131, 4.14255]
						},
						"1.3333": {
							"vector": [-2.04946, -1.65964, 0.44291]
						},
						"1.5": {
							"vector": [-1.94938, -0.64726, -0.27321]
						}
					}
				},
				"left_arm": {
					"rotation": {
						"0.0": {
							"vector": [0, 0, 0]
						},
						"0.125": {
							"vector": [10.95918, -34.98116, -12.06433]
						},
						"0.2917": {
							"vector": [30.12138, -32.60438, -15.8553]
						},
						"0.375": {
							"vector": [-136.7572, -24.93744, -32.3426]
						},
						"0.5417": {
							"vector": [-136.11272, -29.86077, -33.29829]
						},
						"0.8333": {
							"vector": [-128.36002, -25.09712, -42.37099]
						},
						"0.9583": {
							"vector": [-117.47289, -1.33239, -87.39248]
						},
						"1.0417": {
							"vector": [-102.01303, 21.99224, -120.92739]
						},
						"1.125": {
							"vector": [-103.45259, 32.32724, -122.14865]
						},
						"1.25": {
							"vector": [-98.81388, 46.98167, -95.98262]
						},
						"1.5": {
							"vector": [-103.00032, 72.24574, -89.49702]
						},
						"1.6667": {
							"vector": [-102.43628, 67.50192, -90.53555]
						}
					},
					"position": {
						"0.0": {
							"vector": [0, 0, 0]
						},
						"0.125": {
							"vector": [0, 0, 0]
						},
						"0.2917": {
							"vector": [0, 0, 0]
						},
						"0.375": {
							"vector": [1.91977, -4.72382, -0.00538]
						},
						"0.5417": {
							"vector": [1.91977, -4.72382, -0.00538]
						},
						"0.8333": {
							"vector": [1.91977, -4.72382, -0.00538]
						},
						"0.9583": {
							"vector": [3.25392, -3.83088, 0.62817]
						},
						"1.0833": {
							"vector": [2.1701, -3.43843, 3.45934]
						},
						"1.25": {
							"vector": [0.84502, -2.35538, 9.05941]
						},
						"1.375": {
							"vector": [1.39054, -3.06964, 5.05291]
						},
						"1.5": {
							"vector": [1.66805, -1.97464, 4.27947]
						}
					}
				},
				"right_leg": {
					"rotation": {
						"0.0": {
							"vector": [0, 0, 0]
						},
						"0.125": {
							"vector": [105.87745, 22.87257, 26.67635]
						},
						"0.2917": {
							"vector": [107.93163, 21.33374, 26.93932]
						},
						"0.3333": {
							"vector": [49.00579, -5.80869, -4.4889]
						},
						"0.375": {
							"vector": [-170.03579, 28.86392, -18.99351]
						},
						"0.5417": {
							"vector": [-170.03579, 28.86392, -18.99351]
						},
						"0.8333": {
							"vector": [-170.03579, 28.86392, -18.99351]
						},
						"1.0": {
							"vector": [-10.12417, 23.67787, -19.18962]
						},
						"1.5": {
							"vector": [1.13944, -7.83608, 4.50956]
						}
					},
					"position": {
						"0.0": {
							"vector": [0, 0, 0]
						},
						"0.125": {
							"vector": [-3.39172, -3.22044, -3.75833]
						},
						"0.2917": {
							"vector": [-4.46506, -3.36869, -0.74194]
						},
						"0.3333": {
							"vector": [-1.20394, 0.31277, -5.33392]
						},
						"0.375": {
							"vector": [-3.09709, 4.18782, -7.33751]
						},
						"0.5417": {
							"vector": [-2.19144, 2.43732, -6.9976]
						},
						"0.8333": {
							"vector": [-1.75395, 1.54779, -6.86591]
						},
						"1.5": {
							"vector": [-0.32959, 0.17127, -3.34052]
						},
						"1.6667": {
							"vector": [-0.33, 0.17, -3.34]
						}
					}
				},
				"left_leg": {
					"rotation": {
						"0.0": {
							"vector": [0, 0, 0]
						},
						"0.125": {
							"vector": [-11.5812, -46.0006, 5.52513]
						},
						"0.2917": {
							"vector": [-38.22454, -43.75213, 18.02339]
						},
						"0.375": {
							"vector": [16.00621, 0.68498, -30.23425]
						},
						"0.5417": {
							"vector": [13.79942, 0.39888, -29.11547]
						},
						"0.8333": {
							"vector": [13.79942, 0.39888, -29.11547]
						},
						"1.5": {
							"vector": [1.95127, -33.30292, 6.99318]
						}
					},
					"position": {
						"0.0": {
							"vector": [0, 0, 0]
						},
						"0.125": {
							"vector": [0.51715, 0.41526, -1.88683]
						},
						"0.2917": {
							"vector": [0.52, 0.42, -1.89]
						},
						"0.375": {
							"vector": [1.30393, -1.37894, -1.91286]
						},
						"0.5417": {
							"vector": [1.30393, -1.37894, -1.91286]
						},
						"0.8333": {
							"vector": [1.30393, -1.37894, -1.91286]
						},
						"1.5": {
							"vector": [0.3713, -0.34356, -2.16164]
						}
					}
				},
				"torso": {
					"rotation": {
						"0.0": {
							"vector": [0, 0, 0]
						},
						"0.125": {
							"vector": [-0.63559, 0.53222, 2.35562]
						},
						"0.2917": {
							"vector": [-0.64, 0.53, 2.36]
						},
						"0.375": {
							"vector": [-8.87526, -17.33583, 7.47468]
						},
						"0.5417": {
							"vector": [-8.87526, -17.33583, 7.47468]
						},
						"0.8333": {
							"vector": [-7.4454, -15.27221, 7.40245]
						},