{
	"format_version": "1.8.0",
	"animations": {
		"bazooka": {
			"animation_length": 1.5,
			"bones": {
				"torso": {
					"rotation": {
						"0.0": {
							"vector": [0, 0, 0]
						},
						"0.125": {
							"vector": [-12.5, 0, 0]
						},
						"0.5": {
							"vector": [-15, 0, 0]
						},
						"0.5833": {
							"vector": [7.92, 0, 0]
						},
						"0.75": {
							"vector": [12.5, 0, 0]
						},
						"1.5": {
							"vector": [5, 0, 0]
						}
					},
					"position": {
						"0.0": {
							"vector": [0, -0.64932, -0.07111]
						},
						"0.125": {
							"vector": [0, -0.49, 2.56]
						},
						"0.5": {
							"vector": [0, -0.46053, 3.0866]
						},
						"0.5833": {
							"vector": [0, -0.19, -1.37]
						},
						"0.75": {
							"vector": [0, -0.14036, -2.25742]
						},
						"1.5": {
							"vector": [0, -0.05284, -1.26381]
						}
					}
				},
				"head": {
					"rotation": {
						"0.0": {
							"vector": [10, 0, 0]
						},
						"0.125": {
							"vector": [6.25, 0, 0]
						},
						"0.5": {
							"vector": [2.5, 0, 0]
						},
						"0.5833": {
							"vector": [25.83, 0, 0]
						},
						"0.75": {
							"vector": [27.5, 0, 0]
						},
						"1.5": {
							"vector": [15, 0, 0]
						}
					},
					"position": {
						"0.0": {
							"vector": [0, -0.86824, -0.92404]
						},
						"0.125": {
							"vector": [0, -0.3, 3.17]
						},
						"0.5": {
							"vector": [0, -0.18442, 3.98433]
						},
						"0.5833": {
							"vector": [0, -0.27, -1.61]
						},
						"0.75": {
							"vector": [0, -0.28946, -2.72731]
						},
						"1.5": {
							"vector": [0, 0.17175, -1.84299]
						}
					}
				},
				"right_arm": {
					"position": {
						"vector": [0, -21625, 0]
					}
				},
				"left_arm": {
					"position": {
						"vector": [0, -21625, 0]
					}
				}
			}
		}
	}
}