{
	"format_version": "1.8.0",
	"animations": {
		"betterthanbazooka": {
			"animation_length": 0.6667,
			"bones": {
				"body": {
					"rotation": {
						"0.0": {
							"vector": [5, 0, 0]
						},
						"0.0833": {
							"vector": [-12.5, 0, 0]
						},
						"0.1667": {
							"vector": [-15, 0, 0]
						},
						"0.25": {
							"vector": [-17.5, 0, 0]
						},
						"0.2917": {
							"vector": [20, 0, 0]
						},
						"0.375": {
							"vector": [25, 0, 0]
						},
						"0.4583": {
							"vector": [27.5, 0, 0]
						},
						"0.5833": {
							"vector": [30, 0, 0]
						},
						"0.6667": {
							"vector": [20, 0, 0]
						}
					},
					"position": {
						"0.0": {
							"vector": [0, 0, 0]
						},
						"0.0833": {
							"vector": [0, 0, 1.2]
						},
						"0.1667": {
							"vector": [0, 0, 2]
						},
						"0.25": {
							"vector": [0, 0, 1.4]
						},
						"0.2917": {
							"vector": [0, 0, -1.8]
						},
						"0.375": {
							"vector": [0, 0, -5.1]
						},
						"0.4583": {
							"vector": [0, 0, -5.7]
						},
						"0.5833": {
							"vector": [0, 0, -4.5]
						},
						"0.6667": {
							"vector": [0, 0, -3]
						}
					}
				},
				"head": {
					"rotation": {
						"0.0": {
							"vector": [17.5, 0, 0]
						},
						"0.125": {
							"vector": [20, 0, 0]
						},
						"0.2917": {
							"vector": [-7.5, 0, 0]
						},
						"0.4583": {
							"vector": [1.55903, -3.14541, 2.26851]
						},
						"0.5833": {
							"vector": [6.55903, -3.14541, 2.26851]
						}
					}
				},
				"right_arm": {
					"rotation": {
						"0.0": {
							"vector": [-2.5, 0, 0]
						},
						"0.0833": {
							"vector": [-29.62165, 4.98093, 8.6822]
						},
						"0.25": {
							"vector": [-76.56283, 17.1554, 11.57611]
						},
						"0.2917": {
							"vector": [-106.56283, 17.1554, 11.57611]
						},
						"0.5": {
							"vector": [-106.29083, -13.18121, 20.39459]
						},
						"0.6667": {
							"vector": [-106.47163, -15.57976, 21.12241]
						}
					},
					"position": {
						"0.0": {
							"vector": [0, -0.4, 0]
						},
						"0.0833": {
							"vector": [0, -0.4, 3.7]
						},
						"0.25": {
							"vector": [0, -0.4, 5.6]
						},
						"0.2917": {
							"vector": [0, -0.4, -2.4]
						},
						"0.5": {
							"vector": [0, -1.4, -3.4]
						},
						"0.6667": {
							"vector": [0, -1.4, -1.4]
						}
					}
				},
				"left_arm": {
					"rotation": {
						"0.0": {
							"vector": [-5, 0, 0]
						},
						"0.0833": {
							"vector": [-29.40842, -6.21271, -10.86815]
						},
						"0.25": {
							"vector": [-76.91381, -17.07228, -3.90399]
						},
						"0.2917": {
							"vector": [-104.41381, -17.07228, -3.90399]
						},
						"0.5": {
							"vector": [-104.36042, 15.06991, -12.01375]
						},
						"0.6667": {
							"vector": [-104.75671, 19.90959, -13.33113]
						}
					},
					"position": {
						"0.0": {
							"vector": [0, 0, 0]
						},
						"0.0833": {
							"vector": [0, 0, 4.3]
						},
						"0.25": {
							"vector": [0, 0, 5.2]
						},
						"0.2917": {
							"vector": [0, 0, -2.8]
						},
						"0.5": {
							"vector": [0, -2, -3.8]
						},
						"0.6667": {
							"vector": [0, -2, -1.8]
						}
					}
				},
				"right_leg": {
					"rotation": {
						"0.0": {
							"vector": [-17.5, 0, 0]
						},
						"0.1667": {
							"vector": [-12.5, 0, 0]
						},
						"0.3333": {
							"vector": [-20, 0, 0]
						},
						"0.5": {
							"vector": [-15, 0, 0]
						}
					}
				},
				"left_leg": {
					"rotation": {
						"0.0": {
							"vector": [0, 0, 0]
						},
						"0.1667": {
							"vector": [27.5, 0, 0]
						},
						"0.3333": {
							"vector": [37.5, 0, 0]
						},
						"0.5": {
							"vector": [25, 0, 0]
						}
					}
				}
			}
		}
	}
}