{
	"format_version": "1.8.0",
	"animations": {
		"betterthangatling": {
			"animation_length": 5,
			"bones": {
				"body": {
					"rotation": {
						"0.0": {
							"vector": [42.93717, 7.35559, 6.79333]
						},
						"0.0833": {
							"vector": [43.8547, 12.80911, 12.02501]
						},
						"0.1667": {
							"vector": [51.3547, 12.80911, 12.02501]
						},
						"0.2917": {
							"vector": [63.8547, 12.80911, 12.02501]
						},
						"0.5": {
							"vector": [-18.56731, 8.72605, 1.4398]
						},
						"0.75": {
							"vector": [-3.59477, 11.22117, 1.28127]
						},
						"1.5": {
							"vector": [16.45306, 6.23087, 1.59623]
						},
						"1.75": {
							"vector": [21.45306, 6.23087, 1.59623]
						},
						"5.0": {
							"vector": [31.45306, 6.23087, 1.59623]
						}
					},
					"position": {
						"0.0": {
							"vector": [0, -5, 0]
						},
						"0.0833": {
							"vector": [0, -5.6, 0]
						},
						"0.1667": {
							"vector": [0, -6.3, 0]
						},
						"0.2917": {
							"vector": [0, -4.6, 0]
						},
						"0.5": {
							"vector": [0, -0.4, 0]
						},
						"0.75": {
							"vector": [0, 1.3, 0]
						},
						"1.5": {
							"vector": [0, 3.4, 0.5]
						},
						"5.0": {
							"vector": [0, 4.4, 1.5]
						}
					}
				},
				"head": {
					"rotation": {
						"0.0": {
							"vector": [0, 0, 0]
						},
						"5.0": {
							"vector": [7.5, 0, 0]
						}
					}
				},
				"right_arm": {
					"rotation": {
						"0.0": {
							"vector": [40, 0, 47.5]
						},
						"0.2917": {
							"vector": [3.58875, 0, 47.5]
						},
						"0.4167": {
							"vector": [-68.91125, 0, 47.5]
						},
						"0.625": {
							"vector": [-80.82548, 0, 47.5]
						},
						"0.8333": {
							"vector": [-45.82548, 0, 47.5]
						},
						"1.0417": {
							"vector": [-37.29435, 7.86573, 55.21395]
						},
						"1.75": {
							"vector": [-29.79435, 7.86573, 55.21395]
						},
						"5.0": {
							"vector": [-19.79435, 7.86573, 55.21395]
						}
					},
					"position": {
						"0.0": {
							"vector": [0, 0, 0]
						},
						"0.1667": {
							"vector": [0, 0, 2]
						},
						"0.2917": {
							"vector": [0, 0, -1]
						},
						"0.4167": {
							"vector": [0, -0.6, -3.5]
						},
						"0.625": {
							"vector": [0, -0.6, -1.9]
						},
						"0.8333": {
							"vector": [0, -0.6, 2.6]
						},
						"1.0417": {
							"vector": [0, -0.6, 2.3]
						}
					}
				},
				"left_arm": {
					"rotation": {
						"0.0": {
							"vector": [60.60058, 19.84302, -10.82777]
						},
						"0.125": {
							"vector": [62.16842, 24.28423, -13.30711]
						},
						"0.25": {
							"vector": [-20.50057, 15.40537, -49.42181]
						},
						"0.375": {
							"vector": [-51.72145, -8.15762, -68.16254]
						},
						"0.5833": {
							"vector": [-65.68036, -8.15762, -68.16254]
						},
						"0.7083": {
							"vector": [-48.03972, 10.08896, -59.93728]
						},
						"1.75": {
							"vector": [-15.53972, 10.08896, -59.93728]
						},
						"5.0": {
							"vector": [-5.53972, 10.08896, -59.93728]
						}
					},
					"position": {
						"0.0": {
							"vector": [0, 0, 0]
						},
						"0.25": {
							"vector": [0, 0, -1]
						},
						"0.375": {
							"vector": [0.3, 0, -2.3]
						},
						"0.5833": {
							"vector": [0.3, 0, -0.1]
						},
						"1.75": {
							"vector": [0.3, -0.4, 2.9]
						}
					}
				},
				"right_leg": {
					"rotation": {
						"0.0": {
							"vector": [-37.5, 0, 0]
						},
						"0.1667": {
							"vector": [-40, 0, 0]
						},
						"0.375": {
							"vector": [-35, 0, 0]
						},
						"0.5417": {
							"vector": [35, 0, 0]
						},
						"0.7083": {
							"vector": [55, 0, 0]
						},
						"0.9167": {
							"vector": [29.55873, -1.0247, -1.1474]
						},
						"1.0833": {
							"vector": [-42.94127, -1.0247, -1.1474]
						},
						"1.75": {
							"vector": [-30.44127, -1.0247, -1.1474]
						},
						"5.0": {
							"vector": [-40.44127, -1.0247, -1.1474]
						}
					},
					"position": {
						"0.0": {
							"vector": [0, 9, -4]
						},
						"0.1667": {
							"vector": [0, 10, -2]
						},
						"0.375": {
							"vector": [0, 5, -4]
						},
						"0.5417": {
							"vector": [0, -1, 0]
						},
						"0.7083": {
							"vector": [0, -1, -4]
						},
						"0.9167": {
							"vector": [0, -1, -5]
						},
						"1.0833": {
							"vector": [0, -1, -2]
						},
						"1.75": {
							"vector": [0, -1, -1]
						},
						"5.0": {
							"vector": [0, 0, -1]
						}
					}
				},
				"left_leg": {
					"rotation": {
						"0.0": {
							"vector": [-19.5623, -4.2453, -11.76782]
						},
						"0.1667": {
							"vector": [-14.5623, -4.2453, -11.76782]
						},
						"0.375": {
							"vector": [-29.5623, -4.2453, -11.76782]
						},
						"0.5417": {
							"vector": [20.95197, -9.24689, -8.53971]
						},
						"0.7083": {
							"vector": [35.95197, -9.24689, -8.53971]
						},
						"0.9167": {
							"vector": [52.10135, -9.24689, -8.53971]
						},
						"1.0417": {
							"vector": [57.10135, -9.24689, -8.53971]
						},
						"1.2083": {
							"vector": [28.06473, -9.24689, -8.53971]
						},
						"1.375": {
							"vector": [8.06473, -9.24689, -8.53971]
						},
						"1.5417": {
							"vector": [-1.93527, -9.24689, -8.53971]
						},
						"1.75": {
							"vector": [-14.43527, -9.24689, -8.53971]
						},
						"5.0": {
							"vector": [3.06473, -9.24689, -8.53971]
						}
					},
					"position": {
						"0.0": {
							"vector": [1, 8, -5]
						},
						"0.1667": {
							"vector": [1, 11, -5]
						},
						"0.375": {
							"vector": [1, 6, -5]
						},
						"0.5417": {
							"vector": [1, 0, -1]
						},
						"1.0417": {
							"vector": [1, 0, -3]
						},
						"1.2083": {
							"vector": [1, 0, -5]
						},
						"1.5417": {
							"vector": [1, 0, -4]
						},
						"1.75": {
							"vector": [1, 0, -2]
						},
						"5.0": {
							"vector": [1, 0, 0]
						}
					}
				}
			}
		}
	}
}