{
	"format_version": "1.8.0",
	"animations": {
		"birdlime": {
			"animation_length": 2.75,
			"bones": {
				"body": {
					"rotation": {
						"0.0": {
							"vector": [5, 0, 0]
						},
						"0.0833": {
							"vector": [5.12076, 12.45167, 1.10693]
						},
						"0.1667": {
							"vector": [5.51385, 24.89837, 2.3273]
						},
						"0.25": {
							"vector": [5.63304, 27.38656, 2.59775]
						},
						"0.3333": {
							"vector": [24.01543, -39.8173, -4.18273]
						},
						"0.5": {
							"vector": [32.60868, -46.26426, -9.43714]
						},
						"0.75": {
							"vector": [34.09896, -48.35277, -11.46425]
						},
						"0.8333": {
							"vector": [-3.28891, -49.79027, 11.41735]
						},
						"0.9167": {
							"vector": [-10.78891, -49.79027, 11.41735]
						},
						"1.0": {
							"vector": [-13.65304, -49.26082, 15.18188]
						},
						"1.25": {
							"vector": [-16.15304, -49.26082, 15.18188]
						},
						"1.3333": {
							"vector": [54.29522, -42.28854, -15.40808]
						},
						"1.4167": {
							"vector": [61.79522, -42.28854, -15.40808]
						},
						"1.5": {
							"vector": [69.29522, -42.28854, -15.40808]
						},
						"1.75": {
							"vector": [55.63534, -39.5969, -9.82713]
						},
						"1.875": {
							"vector": [14.01183, 3.8082, 15.75688]
						},
						"2.0417": {
							"vector": [14.47091, 14.51346, 18.50998]
						},
						"2.125": {
							"vector": [13.99123, 19.97367, 17.26155]
						},
						"2.25": {
							"vector": [14.80748, 27.23889, 19.29562]
						},
						"2.3333": {
							"vector": [35.68227, -63.94829, -6.64547]
						},
						"2.4167": {
							"vector": [47.29659, -69.59884, -19.26094]
						},
						"2.5": {
							"vector": [61.37447, -73.76332, -39.32408]
						},
						"2.75": {
							"vector": [30.82669, -66.62428, -7.30095]
						}
					},
					"position": {
						"0.0": {
							"vector": [0, 0, 0]
						},
						"0.0833": {
							"vector": [0, 0, 1.4]
						},
						"0.1667": {
							"vector": [0, 0, 1.8]
						},
						"0.25": {
							"vector": [0, 0, 1]
						},
						"0.3333": {
							"vector": [0, 0, -5.5]
						},
						"0.5": {
							"vector": [0, 0, -5.9]
						},
						"0.75": {
							"vector": [0, 0, -6.4]
						},
						"0.8333": {
							"vector": [0, 0.7, -5.9]
						},
						"0.9167": {
							"vector": [0, 0.4, -5.7]
						},
						"1.0": {
							"vector": [0, -0.1, -5.3]
						},
						"1.25": {
							"vector": [0, -0.1, -4.8]
						},
						"1.3333": {
							"vector": [0, -1.9, -4.8]
						},
						"1.4167": {
							"vector": [0, -2.7, -4.6]
						},
						"1.5": {
							"vector": [0, -2.4, -4.3]
						},
						"1.75": {
							"vector": [0, -1.8, -4]
						},
						"1.875": {
							"vector": [0, 0.3, -4]
						},
						"2.0417": {
							"vector": [0, 0.3, -3.3]
						},
						"2.125": {
							"vector": [0, 0.3, -2.3]
						},
						"2.25": {
							"vector": [0, 0.3, -2]
						},
						"2.3333": {
							"vector": [0, 0.3, -6]
						},
						"2.4167": {
							"vector": [0, 0.3, -7.2]
						},
						"2.5": {
							"vector": [0, 0.3, -7.4]
						},
						"2.75": {
							"vector": [0, 0.3, -6.2]
						}
					}
				},
				"head": {
					"rotation": {
						"0.0": {
							"vector": [0, 0, 0]
						},
						"0.25": {
							"vector": [0, -37.5, 0]
						},
						"0.3333": {
							"vector": [-17.10226, 29.77105, -6.39757]
						},
						"0.75": {
							"vector": [-26.46264, 36.997, -13.41518]
						},
						"0.8333": {
							"vector": [-1.46264, 36.997, -13.41518]
						},
						"1.25": {
							"vector": [3.53736, 36.997, -13.41518]
						},
						"1.3333": {
							"vector": [-46.46264, 36.997, -13.41518]
						},
						"1.75": {
							"vector": [-43.96264, 36.997, -13.41518]
						},
						"1.875": {
							"vector": [2.89811, -12.93446, -16.19482]
						},
						"2.25": {
							"vector": [0.7421, -25.5863, -11.35207]
						},
						"2.3333": {
							"vector": [1.90278, 69.40142, -9.25034]
						}
					}
				},
				"right_arm": {
					"rotation": {
						"0.0": {
							"vector": [-5, 0, 0]
						},
						"0.0833": {
							"vector": [-37.5, 0, 0]
						},
						"0.1667": {
							"vector": [-88.32329, 14.51882, 7.08586]
						},
						"0.25": {
							"vector": [-88.17802, 27.01305, 7.49316]
						},
						"0.3333": {
							"vector": [-110.54061, 43.14237, -0.87458]
						},
						"0.5": {
							"vector": [-105.54061, 43.14237, -0.87458]
						},
						"0.75": {
							"vector": [-98.04061, 43.14237, -0.87458]
						},
						"0.7917": {
							"vector": [-85.54061, 43.14237, -0.87458]
						},
						"0.8333": {
							"vector": [-140.54061, 43.14237, -0.87458]
						},
						"1.0417": {
							"vector": [-151.33113, 43.14237, -0.87458]
						},
						"1.2083": {
							"vector": [-156.04613, 43.14237, -0.87458]
						},
						"1.25": {
							"vector": [-158.54613, 43.14237, -0.87458]
						},
						"1.3333": {
							"vector": [-78.54613, 43.14237, -0.87458]
						},
						"1.5": {
							"vector": [-69.50353, 38.19298, -2.04742]
						},
						"1.5833": {
							"vector": [-57.00353, 38.19298, -2.04742]
						},
						"1.75": {
							"vector": [-50.51873, 32.54707, -8.10897]
						},
						"1.8333": {
							"vector": [-93.01873, 32.54707, -8.10897]
						},
						"2.0": {
							"vector": [-93.76904, 47.52138, -9.26546]
						},
						"2.1667": {
							"vector": [-94.17912, 52.4695, -9.80024]
						},
						"2.25": {
							"vector": [-93.01755, 32.50713, -8.10661]
						},
						"2.3333": {
							"vector": [-115.08547, 59.9453, -10.88851]
						},
						"2.4167": {
							"vector": [-105.80174, 38.76162, 1.12092]
						},
						"2.5": {
							"vector": [-102.44837, -9.92263, 13.34695]
						},
						"2.625": {
							"vector": [-103.78354, -26.97404, 17.5179]
						},
						"2.75": {
							"vector": [-102.68699, -14.80299, 14.46041]
						}
					},
					"position": {
						"0.0": {
							"vector": [0, -0.7, 0]
						},
						"0.0833": {
							"vector": [0, -0.7, -0.9]
						},
						"0.1667": {
							"vector": [0, -0.7, 3.2]
						},
						"0.25": {
							"vector": [0, -0.7, 4]
						},
						"0.3333": {
							"vector": [-2, 0.3, -1]
						},
						"0.5": {
							"vector": [-2, 0.3, -1.4]
						},
						"0.75": {
							"vector": [-2, 0.1, -1.4]
						},
						"0.7917": {
							"vector": [-2, 1.1, -1.4]
						},
						"0.8333": {
							"vector": [-2, 2.9, -1.4]
						},
						"1.0417": {
							"vector": [-1.4, 2.9, -1]
						},
						"1.2083": {
							"vector": [-1.4, 2.6, -1]
						},
						"1.25": {
							"vector": [-1.4, 2.3, -1]
						},
						"1.3333": {
							"vector": [-1.4, -2.7, -1]
						},
						"1.5": {
							"vector": [-1.4, -2.7, -1]
						},
						"1.5833": {
							"vector": [-1.4, -2.3, 0.2]
						},
						"1.75": {
							"vector": [-1.4, -1.9, 0.2]
						},
						"1.8333": {
							"vector": [-1.4, -1.9, 5.2]
						},
						"2.0": {
							"vector": [0.2, -1.9, 6.4]
						},
						"2.1667": {
							"vector": [3.2, -1.9, 6.9]
						},
						"2.25": {
							"vector": [2.4, -1.9, 6.4]
						},
						"2.3333": {
							"vector": [-2.5, -0.4, 2.4]
						},
						"2.4167": {
							"vector": [-2.5, -0.4, 0]
						},
						"2.5": {
							"vector": [-1.9, -0.4, -2.4]
						},
						"2.625": {
							"vector": [-2.8, -0.4, -2.4]
						},
						"2.75": {
							"vector": [-2.8, -0.4, -1.9]
						}
					}
				},
				"left_arm": {
					"rotation": {
						"0.0": {
							"vector": [0, 0, -2.5]
						},
						"0.1667": {
							"vector": [-24.21926, 0, -2.5]
						},
						"0.3333": {
							"vector": [-19.01311, -15.28916, -39.92481]
						},
						"0.5417": {
							"vector": [-5.61519, -15.28916, -39.92481]
						},
						"0.6667": {
							"vector": [1.88481, -15.28916, -39.92481]
						},
						"0.8333": {
							"vector": [-0.86436, -15.37846, -29.5551]
						},
						"0.9583": {
							"vector": [-3.58339, -14.98932, -19.20023]
						},