{
	"format_version": "1.8.0",
	"animations": {
		"bladebullet": {
			"animation_length": 3,
			"bones": {
				"body": {
					"rotation": {
						"0.0": {
							"vector": [0, 0, 0]
						},
						"0.5": {
							"vector": [0, -32.5, 0]
						},
						"3.0": {
							"vector": [0, -40, 0]
						}
					}
				},
				"head": {
					"rotation": {
						"0.0": {
							"vector": [0, 0, 0]
						},
						"0.5": {
							"vector": [0, 34.58, 0]
						},
						"3.0": {
							"vector": [0, 45, 0]
						}
					}
				},
				"right_arm": {
					"rotation": {
						"0.0": {
							"vector": [5, 0, 0]
						},
						"0.1667": {
							"vector": [-37.5, 0, 0]
						},
						"0.25": {
							"vector": [-87.32005, 12.39135, 1.6575]
						},
						"0.4167": {
							"vector": [-91.71714, 14.39761, 1.75464]
						},
						"0.5833": {
							"vector": [-87.16915, 22.37986, 2.1606]
						},
						"1.0": {
							"vector": [-86.98712, 29.31304, 2.56149]
						},
						"3.0": {
							"vector": [-86.90064, 32.36657, 2.74237]
						}
					},
					"position": {
						"0.0": {
							"vector": [0, -0.5, 0]
						},
						"0.1667": {
							"vector": [0, -0.5, -0.9]
						},
						"0.25": {
							"vector": [0, -0.5, -2.6]
						}
					}
				}
			}
		}
	}
}