{
	"format_version": "1.8.0",
	"animations": {
		"blhit3": {
			"animation_length": 0.375,
			"bones": {
				"body": {
					"rotation": {
						"0.0": {
							"vector": [-85.01893, -44.78238, 82.94677]
						},
						"0.125": {
							"vector": [-36.70349, -1.61056, 11.83455]
						},
						"0.25": {
							"vector": [-68.38805, 41.56127, -59.27768]
						},
						"0.375": {
							"vector": [-77.34436, 44.52319, -72.36496]
						}
					}
				},
				"head": {
					"rotation": {
						"0.0": {
							"vector": [47.5, 65, 0]
						},
						"0.25": {
							"vector": [56.80293, -59.05805, -7.71439]
						},
						"0.375": {
							"vector": [56.80293, -59.05805, -7.71439]
						}
					}
				},
				"right_arm": {
					"rotation": {
						"vector": [-41.542, -23.37058, 19.36497]
					},
					"position": {
						"vector": [0, 0, 4]
					}
				},
				"left_arm": {
					"rotation": {
						"vector": [-36.69146, 16.27014, -11.79198]
					},
					"position": {
						"vector": [0, 0, 5]
					}
				},
				"right_leg": {
					"rotation": {
						"0.0": {
							"vector": [18.89595, 26.94622, 37.0662]
						},
						"0.0833": {
							"vector": [110.2941, 37.78273, 41.15068]
						},
						"0.125": {
							"vector": [95.13514, 23.68432, 45.24474]
						},
						"0.1667": {
							"vector": [74.88709, 9.40989, 54.40217]
						},
						"0.25": {
							"vector": [29.73105, 31.38895, 57.67187]
						},
						"0.375": {
							"vector": [27.23105, 31.38895, 57.67187]
						}
					},
					"position": {
						"0.0": {
							"vector": [-0.8, 2.8, -5.7]
						},
						"0.0833": {
							"vector": [-0.1, -1.8, 0.2]
						},
						"0.25": {
							"vector": [1, 0.1, -1.1]
						}
					}
				},
				"left_leg": {
					"rotation": {
						"0.0": {
							"vector": [0, 0, -47.5]
						},
						"0.0833": {
							"vector": [37.5, 0, -47.5]
						},
						"0.1667": {
							"vector": [-106.7357, 41.26755, -58.71792]
						},
						"0.25": {
							"vector": [-122.51027, 50.76404, -63.25215]
						},
						"0.375": {
							"vector": [-143.83599, 54.55135, -74.60042]
						}
					},
					"position": {
						"0.0": {
							"vector": [0, 0, 0]
						},
						"0.0833": {
							"vector": [0.2, -3, -7.3]
						},
						"0.1667": {
							"vector": [0.7, -1, -3.9]
						}
					}
				}
			}
		}
	}
}