{
	"format_version": "1.8.0",
	"animations": {
		"blhit2": {
			"animation_length": 0.25,
			"bones": {
				"body": {
					"rotation": {
						"0.0": {
							"vector": [-64.87075, -51.18666, 59.00707]
						},
						"0.0833": {
							"vector": [-67.20051, -46.61625, 62.09587]
						},
						"0.25": {
							"vector": [-61.84717, -55.65796, 55.24529]
						}
					},
					"position": {
						"0.0": {
							"vector": [0, 0, 0]
						},
						"0.0833": {
							"vector": [0, 0, 2]
						},
						"0.125": {
							"vector": [0, 0, -3]
						},
						"0.25": {
							"vector": [0, 0, -2]
						}
					}
				},
				"head": {
					"rotation": {
						"0.0": {
							"vector": [46.38967, 47.93447, -5.48795]
						},
						"0.0833": {
							"vector": [51.38967, 47.93447, -5.48795]
						},
						"0.1667": {
							"vector": [41.38967, 47.93447, -5.48795]
						}
					}
				},
				"right_arm": {
					"rotation": {
						"vector": [-27.29887, -3.45533, -6.66067]
					},
					"position": {
						"vector": [0, 0, 5.4]
					}
				},
				"left_arm": {
					"rotation": {
						"vector": [-29.40842, 6.21271, 10.86815]
					},
					"position": {
						"vector": [0, 0, 4.7]
					}
				},
				"right_leg": {
					"rotation": {
						"0.0": {
							"vector": [22.5, 0, 42.5]
						},
						"0.0833": {
							"vector": [15, 0, 42.5]
						},
						"0.125": {
							"vector": [-10, 0, 42.5]
						},
						"0.25": {
							"vector": [22.5, 0, 42.5]
						}
					},
					"position": {
						"0.0": {
							"vector": [2, 3, -9]
						},
						"0.0833": {
							"vector": [6, 9, -9]
						},
						"0.125": {
							"vector": [-3.3, -2.1, -1]
						},
						"0.25": {
							"vector": [2, 3, -9]
						}
					}
				},
				"left_leg": {
					"rotation": {
						"0.0": {
							"vector": [9.79657, 0.03412, -30.23641]
						},
						"0.0833": {
							"vector": [9.6564, -1.65951, -20.37952]
						},
						"0.125": {
							"vector": [9.34121, 2.96541, -47.49701]
						},
						"0.25": {
							"vector": [9.79657, 0.03412, -30.23641]
						}
					}
				}
			}
		}
	}
}