{
	"format_version": "1.8.0",
	"animations": {
		"blhit1": {
			"animation_length": 0.25,
			"bones": {
				"body": {
					"rotation": {
						"0.0": {
							"vector": [-5, 37.5, 0]
						},
						"0.125": {
							"vector": [-35.32974, -41.90674, 44.29993]
						},
						"0.25": {
							"vector": [-43.69027, -55.04349, 61.96796]
						}
					}
				},
				"head": {
					"rotation": {
						"0.0": {
							"vector": [25.56145, -27.51235, -12.45891]
						},
						"0.125": {
							"vector": [25.83284, 53.35195, -31.15379]
						},
						"0.25": {
							"vector": [-0.83572, 58.41669, -42.00943]
						}
					}
				},
				"right_arm": {
					"rotation": {
						"vector": [-20, -42.5, 0]
					},
					"position": {
						"vector": [-1, 0, 4]
					}
				},
				"left_arm": {
					"rotation": {
						"vector": [-20, 37.5, 0]
					},
					"position": {
						"vector": [1, 0, 3]
					}
				},
				"right_leg": {
					"rotation": {
						"0.0": {
							"vector": [4.62934, 24.59477, 11.00966]
						},
						"0.0833": {
							"vector": [54.62934, 24.59477, 11.00966]
						},
						"0.125": {
							"vector": [-34.2071, 23.19837, 70.76423]
						},
						"0.25": {
							"vector": [-77.10244, -20.45578, 32.875]
						}
					},
					"position": {
						"0.0": {
							"vector": [0, 0, 0]
						},
						"0.0833": {
							"vector": [-3.8, 0, -5.3]
						},
						"0.125": {
							"vector": [-1.5, 0.9, -3.3]
						}
					}
				},
				"left_leg": {
					"rotation": {
						"0.0": {
							"vector": [7.31594, -2.15393, 9.76758]
						},
						"0.125": {
							"vector": [7.23315, 2.41863, -24.94181]
						},
						"0.25": {
							"vector": [-5.26685, 2.41863, -24.94181]
						}
					},
					"position": {
						"0.0": {
							"vector": [0, 0, 0]
						},
						"0.125": {
							"vector": [0, 0.7, 0]
						}
					}
				}
			}
		}
	}
}