{
	"format_version": "1.8.0",
	"animations": {
		"burstoff": {
			"animation_length": 0.6667,
			"bones": {
				"body": {
					"position": {
						"0.0": {
							"vector": [0, -2, 0]
						},
						"0.1667": {
							"vector": [0, -2, 0]
						},
						"0.375": {
							"vector": [0, 2.25, -4]
						}
					}
				},
				"torso": {
					"rotation": {
						"0.0": {
							"vector": [32.5, 0, 0]
						},
						"0.1667": {
							"vector": [32.5, 0, 0]
						},
						"0.375": {
							"vector": [-2.5, 0, 0]
						},
						"0.5833": {
							"vector": [-5, 0, 0]
						}
					},
					"position": {
						"0.0": {
							"vector": [0, -2, -1]
						},
						"0.1667": {
							"vector": [0, -2, -1]
						}
					}
				},
				"head": {
					"rotation": {
						"0.0": {
							"vector": [57.5, 0, 0]
						},
						"0.1667": {
							"vector": [57.5, 0, 0]
						},
						"0.375": {
							"vector": [-15, 0, 0]
						},
						"0.5833": {
							"vector": [-20, 0, 0]
						}
					},
					"position": {
						"0.0": {
							"vector": [0, -2, -2]
						},
						"0.1667": {
							"vector": [0, -2, -2]
						}
					}
				},
				"right_arm": {
					"rotation": {
						"0.0": {
							"vector": [-29.40842, -6.21271, -53.36815]
						},
						"0.1667": {
							"vector": [-29.40842, -6.21271, -53.36815]
						},
						"0.375": {
							"vector": [-160.98053, -34.9243, -62.80191]
						},
						"0.5833": {
							"vector": [-164.4095, -36.41312, -56.9252]
						}
					},
					"position": {
						"0.0": {
							"vector": [0, -4, 0]
						},
						"0.1667": {
							"vector": [0, -4, 0]
						},
						"0.375": {
							"vector": [0, -4, -1]
						}
					}
				},
				"left_arm": {
					"rotation": {
						"0.0": {
							"vector": [0, 0, 35]
						},
						"0.1667": {
							"vector": [0, 0, 35]
						},
						"0.375": {
							"vector": [-157.62826, 37.80946, 49.1614]
						},
						"0.5833": {
							"vector": [-161.3816, 39.562, 43.16056]
						}
					},
					"position": {
						"0.0": {
							"vector": [0, -4, 0]
						},
						"0.1667": {
							"vector": [0, -4, 0]
						},
						"0.375": {
							"vector": [0, -4, -1]
						}
					}
				},
				"right_leg": {
					"rotation": {
						"0.0": {
							"vector": [42.5, 0, 0]
						},
						"0.1667": {
							"vector": [42.5, 0, 0]
						},
						"0.375": {
							"vector": [10, 0, 0]
						},
						"0.5833": {
							"vector": [12.5, 0, 0]
						}
					},
					"position": {
						"0.0": {
							"vector": [0, -1, 6]
						},
						"0.1667": {
							"vector": [0, -1, 6]
						},
						"0.375": {
							"vector": [0, -2.5, -1.25]
						}
					}
				},
				"left_leg": {
					"rotation": {
						"0.0": {
							"vector": [0, 0, 0]
						},
						"0.5833": {
							"vector": [-2.5, 0, 0]
						}
					},
					"position": {
						"0.0": {
							"vector": [0, 1, 2]
						},
						"0.1667": {
							"vector": [0, 1, 2]
						},
						"0.375": {
							"vector": [0, -2, -2]
						}
					}
				}
			}
		}
	},
	"geckolib_format_version": 2
}