{
	"format_version": "1.8.0",
	"animations": {
		"buzzcut": {
			"animation_length": 16,
			"bones": {
				"body": {
					"rotation": {
						"0.0": {
							"vector": [25.08957, -4.43385, -2.31336]
						},
						"0.0833": {
							"vector": [26.05213, -15.71822, -7.78444]
						},
						"0.1667": {
							"vector": [15.03204, 2.36183, 0.86214]
						},
						"0.25": {
							"vector": [18.67232, 35.96111, 11.45272]
						},
						"0.375": {
							"vector": [19.981, 40.67998, 13.56135]
						},
						"0.4583": {
							"vector": [20.38632, 48.57967, 13.90421]
						},
						"0.5833": {
							"vector": [21.07887, 43.01962, 14.71699]
						},
						"0.75": {
							"vector": [10.2234, 33.04994, 13.45663]
						},
						"1.0": {
							"vector": [18.97988, 27.44804, 4.84455]
						},
						"1.0833": {
							"vector": [35.23203, 25.58075, 1.97385]
						},
						"1.1667": {
							"vector": [39.97161, 35.9055, 11.19323]
						},
						"1.25": {
							"vector": [34.48137, 44.37761, 18.16447]
						},
						"1.3333": {
							"vector": [-2.7122, -55.70267, -2.10316]
						},
						"1.5833": {
							"vector": [-3.12291, -60.69623, -1.62037]
						},
						"1.75": {
							"vector": [1.87709, -60.69623, -1.62037]
						},
						"1.9583": {
							"vector": [8.63124, -35.70406, -0.64359]
						},
						"2.25": {
							"vector": [24.89823, 18.83925, 6.81978]
						},
						"2.3333": {
							"vector": [36.00501, 22.91334, 9.92302]
						},
						"2.4167": {
							"vector": [36.66213, 24.92744, 11.54333]
						},
						"2.75": {
							"vector": [37.39412, 26.92344, 13.21724]
						},
						"3.0": {
							"vector": [49.72376, 22.20418, 6.80456]
						},
						"3.25": {
							"vector": [47.22376, 22.20418, 6.80456]
						},
						"10.0": {
							"vector": [49.72376, 22.20418, 6.80456]
						},
						"10.0833": {
							"vector": [50.90433, 18.3552, 10.20787]
						},
						"10.2083": {
							"vector": [49.72376, 22.20418, 6.80456]
						},
						"10.2917": {
							"vector": [53.84124, 39.5127, 8.95812]
						},
						"10.5": {
							"vector": [71.178, 47.0865, 26.83067]
						},
						"10.75": {
							"vector": [76.27694, 47.83951, 30.35723]
						},
						"11.0": {
							"vector": [47.39326, 38.75247, 13.86956]
						},
						"11.5": {
							"vector": [42.39326, 38.75247, 13.86956]
						},
						"11.75": {
							"vector": [45.11889, 35.2924, 18.39266]
						},
						"11.8333": {
							"vector": [47.40718, 31.67798, 22.53688]
						},
						"11.9167": {
							"vector": [46.31417, 33.50243, 20.50804]
						},
						"12.0": {
							"vector": [43.81438, 37.04389, 16.18265]
						},
						"12.0833": {
							"vector": [29.9295, 44.14131, 2.59071]
						},
						"12.1667": {
							"vector": [27.75862, 45.34774, -0.4926]
						},
						"12.25": {
							"vector": [25.45084, 46.46769, -3.70524]
						},
						"12.3333": {
							"vector": [35.6386, 40.0711, 11.09137]
						},
						"12.5": {
							"vector": [47.72856, 35.4527, 18.5739]
						},
						"13.0": {
							"vector": [50.22856, 35.4527, 18.5739]
						},
						"14.0": {
							"vector": [51.65169, 37.0283, 20.98073]
						},
						"14.0833": {
							"vector": [86.78419, 17.87173, -50.78028]
						},
						"15.0": {
							"vector": [85.98333, 17.71401, -53.40066]
						}
					},
					"position": {
						"0.0": {
							"vector": [0, -1, -2]
						},
						"0.0833": {
							"vector": [-0.6, -1, -0.7]
						},
						"0.1667": {
							"vector": [-1.2, -1, 1.7]
						},
						"0.25": {
							"vector": [-1.2, -1, 3.2]
						},
						"0.375": {
							"vector": [-1.2, -1, 3.9]
						},
						"0.4583": {
							"vector": [-1.2, -1, 3.6]
						},
						"0.75": {
							"vector": [-1.2, -1, 0.9]
						},
						"1.0": {
							"vector": [-1.2, -1.85, -0.08]
						},
						"1.0833": {
							"vector": [-1.2, -3.2, -0.4]
						},
						"1.1667": {
							"vector": [-1.2, -3.6, -1]
						},
						"1.25": {
							"vector": [-1.2, -3.6, -2.9]
						},
						"1.3333": {
							"vector": [-1.2, 0.4, -3.9]
						},
						"1.5833": {
							"vector": [-1.2, 0.9, -3.9]
						},
						"1.75": {
							"vector": [-2.2, 0.9, -2.9]
						},
						"1.9583": {
							"vector": [-2.2, -1.1, -0.9]
						},
						"2.25": {
							"vector": [-0.2, -1.1, 0.2]
						},
						"2.3333": {
							"vector": [-0.2, -2.4, 1.1]
						},
						"2.4167": {
							"vector": [-0.2, -2.4, 2.1]
						},
						"2.75": {
							"vector": [-0.2, -2.4, 2.6]
						},
						"10.0833": {
							"vector": [-0.2, -2.4, 3.4]
						},
						"10.2083": {
							"vector": [-0.2, -3.4, 4.4]
						},
						"10.2917": {
							"vector": [0.8, -2.4, 5.4]
						},
						"10.5": {
							"vector": [1.1, -2.4, 6.4]
						},
						"10.75": {
							"vector": [1.1, -2.4, 5.4]
						},
						"11.0": {
							"vector": [1.1, -2.4, 1.5]
						},
						"11.5": {
							"vector": [1.1, -1.5, 1.5]
						},
						"11.75": {
							"vector": [0.5, -1.5, 1.5]
						},
						"11.8333": {
							"vector": [-0.1, -1.5, 1.5]
						},
						"11.9167": {
							"vector": [-0.6, -1.5, 1.5]
						},
						"12.0": {
							"vector": [-0.1, -1.5, 1.5]
						},
						"12.1667": {
							"vector": [0.7, -1.5, 1.5]
						},
						"12.25": {
							"vector": [0.7, -2.2, 1.5]
						},
						"12.3333": {
							"vector": [1.3, -2.8, 0.9]
						},
						"12.5": {
							"vector": [1.3, -3.5, 0.9]
						},
						"13.0": {
							"vector": [1.3, -3.9, 0.9]
						},
						"14.0": {
							"vector": [1.3, -4.3, 0.9]
						},
						"14.0833": {
							"vector": [1.3, 8.7, 0.9]
						},
						"15.0": {
							"vector": [1.3, 9.3, 0.9]
						}
					}
				},
				"head": {
					"rotation": {
						"0.0": {
							"vector": [-12.5, 0, 0]
						},
						"0.4167": {
							"vector": [-9.74108, -37.11102, 5.52576]
						},
						"0.75": {
							"vector": [18.90303, -33.86434, 5.04234]
						},
						"0.9583": {
							"vector": [27.27278, -31.04835, 4.62304]
						},
						"1.1667": {
							"vector": [34.56364, -28.61973, 4.26142]
						},
						"1.3333": {
							"vector": [37.4393, 31.91317, 39.86684]
						},
						"1.5417": {
							"vector": [21.98594, 25.66791, 32.06508]
						},
						"1.75": {
							"vector": [20.20215, 24.27342, 15.92801]
						},
						"1.9583": {
							"vector": [16.37677, 25.88853, 2.12653]
						},
						"3.0": {
							"vector": [32.5, 0, 0]
						},
						"10.0": {
							"vector": [35, 0, 0]
						},
						"10.2917": {
							"vector": [34.58897, -5.71617, 8.21888]
						},
						"10.4583": {
							"vector": [-33.4276, -8.53726, 12.37961]
						},
						"10.7083": {
							"vector": [-45.76514, -8.53726, 12.37961]
						},
						"10.9167": {
							"vector": [-58.26514, -8.53726, 12.37961]
						},
						"11.5417": {
							"vector": [-40.76514, -8.53726, 12.37961]
						},
						"11.7083": {
							"vector": [-3.26514, -8.53726, 12.37961]
						},
						"11.9167": {
							"vector": [13.90894, 7.60275, 16.61585]
						},
						"12.0833": {
							"vector": [14.66161, 19.71942, 19.78414]
						},
						"12.2917": {
							"vector": [14.06717, 11.13171, 17.51242]
						},
						"12.4167": {
							"vector": [14.33304, -15.55861, 10.8222]
						},
						"12.625": {
							"vector": [31.83304, -15.55861, 10.8222]
						},
						"12.8333": {
							"vector": [36.95772, -17.3401, 9.6592]
						},
						"13.3333": {
							"vector": [41.95772, -17.3401, 9.6592]
						},
						"14.0": {
							"vector": [47.56109, -19.03697, 7.72661]
						},
						"14.0833": {
							"vector": [14.19883, 31.31264, -39.13684]
						},
						"16.0": {
							"vector": [19.19883, 31.31264, -39.13684]
						}
					}
				},
				"right_arm": {
					"position": {
						"vector": [0, -17162, 0]
					}
				},
				"left_arm": {
					"rotation": {
						"0.0": {
							"vector": [-12.5, 0, 0]
						},
						"0.1667": {
							"vector": [-10.59061, -6.6782, -31.88034]
						},
						"0.375": {
							"vector": [-1.23668, -6.6782, -31.88034]
						},