{
	"format_version": "1.8.0",
	"animations": {
		"calibercannon": {
			"animation_length": 0.6667,
			"bones": {
				"body": {
					"rotation": {
						"0.0": {
							"vector": [-5, 72.5, 0]
						},
						"0.0833": {
							"vector": [3.44571, -14.9322, 5.17027]
						},
						"0.125": {
							"vector": [52.21583, -70.01689, -27.88353]
						},
						"0.2083": {
							"vector": [221.85121, -54.93118, -182.38504]
						},
						"0.3333": {
							"vector": [205.57613, -37.67085, -167.49377]
						},
						"0.4167": {
							"vector": [206.32523, -44.07123, -173.33497]
						},
						"0.5": {
							"vector": [209.35121, -54.93118, -182.38504]
						}
					},
					"position": {
						"vector": [-0.38383, -0.99619, 0.92751]
					}
				},
				"head": {
					"rotation": {
						"0.0": {
							"vector": [0, -62.5, 0]
						},
						"0.0833": {
							"vector": [0, 25, 0]
						},
						"0.2083": {
							"vector": [-24.14611, 56.77406, -28.18679]
						},
						"0.5": {
							"vector": [-10.23916, 59.16159, -14.75144]
						}
					}
				},
				"right_arm": {
					"rotation": {
						"0.0": {
							"vector": [-201.26772, 56.7385, -11.57881]
						},
						"0.0833": {
							"vector": [-208.80353, -9.33917, -82.22931]
						},
						"0.2083": {
							"vector": [-81.30353, -9.33917, -82.22931]
						},
						"0.5": {
							"vector": [-81.09863, 15.37575, -78.42943]
						}
					},
					"position": {
						"0.0": {
							"vector": [0, 0, 0]
						},
						"0.2083": {
							"vector": [2.63822, 0.23805, -3.60321]
						}
					}
				},
				"left_arm": {
					"rotation": {
						"0.0": {
							"vector": [-154.98148, 44.68059, 18.16791]
						},
						"0.0833": {
							"vector": [-54.30921, -20.78851, -89.66657]
						},
						"0.2083": {
							"vector": [69.84698, -26.42403, -63.02956]
						},
						"0.5": {
							"vector": [68.30274, -33.4313, -59.94065]
						}
					},
					"position": {
						"0.0": {
							"vector": [0, -4.63051, -2.74924]
						},
						"0.2083": {
							"vector": [-1.30207, -2.00466, 4.33387]
						}
					}
				},
				"right_leg": {
					"rotation": {
						"0.0": {
							"vector": [-10, 0, 0]
						},
						"0.2083": {
							"vector": [-65, 0, 0]
						}
					}
				},
				"left_leg": {
					"rotation": {
						"0.0": {
							"vector": [12.5, 0, 0]
						},
						"0.2083": {
							"vector": [-7.5, 0, 0]
						}
					}
				}
			}
		}
	}
}