{
	"format_version": "1.8.0",
	"animations": {
		"cannonballthrow": {
			"animation_length": 0.9583,
			"bones": {
				"body": {
					"rotation": {
						"0.0": {
							"vector": [12.54624, -4.88119, -1.08482]
						},
						"0.0417": {
							"vector": [7.51153, -2.4407, -0.54143]
						},
						"0.0833": {
							"vector": [2.54836, 10.04721, 0.01047]
						},
						"0.1667": {
							"vector": [17.15781, 39.54754, 6.54797]
						},
						"0.25": {
							"vector": [21.36481, 51.36082, 12.41712]
						},
						"0.3333": {
							"vector": [29.99705, 60.48238, 19.79419]
						},
						"0.4167": {
							"vector": [41.01897, 66.70117, 29.29074]
						},
						"0.4583": {
							"vector": [37.02605, 62.74164, 22.11621]
						},
						"0.5": {
							"vector": [43.78377, 55.96483, 30.1441]
						},
						"0.5833": {
							"vector": [46.75247, -30.689, -8.88453]
						},
						"0.6667": {
							"vector": [66.89258, -41.60034, -25.91661]
						},
						"0.75": {
							"vector": [76.17399, -43.39171, -32.25011]
						},
						"0.9583": {
							"vector": [78.50269, -43.93989, -35.62228]
						}
					},
					"position": {
						"0.0": {
							"vector": [0, 0, -1.4]
						},
						"0.125": {
							"vector": [0, 0, 3.8]
						},
						"0.25": {
							"vector": [0, 0, 4.3]
						},
						"0.4167": {
							"vector": [0, 0, 4.7]
						},
						"0.5": {
							"vector": [0, 0, 5.7]
						},
						"0.5833": {
							"vector": [0, 0, -1.3]
						},
						"0.75": {
							"vector": [0, 0, -2.3]
						},
						"0.9583": {
							"vector": [0, 0, -3.3]
						}
					}
				},
				"head": {
					"rotation": {
						"0.0": {
							"vector": [0, 7.5, 0]
						},
						"0.2083": {
							"vector": [-5.53997, -48.40052, 11.44506]
						},
						"0.5": {
							"vector": [-33.44741, -60.87208, 20.90025]
						},
						"0.5833": {
							"vector": [-17.81616, 28.73359, -17.86851]
						},
						"0.9583": {
							"vector": [-20.6742, 40.54377, -22.86792]
						}
					}
				},
				"right_arm": {
					"rotation": {
						"0.0": {
							"vector": [-82.03659, 6.06809, -37.07723]
						},
						"0.2083": {
							"vector": [-84.53092, -12.71756, -30.35135]
						},
						"0.5": {
							"vector": [-202.02297, -39.01748, -20.93512]
						},
						"0.5833": {
							"vector": [-69.62765, 7.3167, -49.54343]
						},
						"0.9583": {
							"vector": [-49.62765, 7.3167, -49.54343]
						}
					},
					"position": {
						"0.0": {
							"vector": [0, 0, 0]
						},
						"0.2083": {
							"vector": [-3.82, 0.71, 4.6]
						},
						"0.5": {
							"vector": [-1.5, 1.7, 0]
						},
						"0.5833": {
							"vector": [1, -0.4, -4.7]
						},
						"0.9583": {
							"vector": [1.7, -0.4, -4.7]
						}
					}
				},
				"left_arm": {
					"rotation": {
						"0.0": {
							"vector": [-55, -37.5, 0]
						},
						"0.5": {
							"vector": [-107.11483, -69.39777, 11.49642]
						},
						"0.5833": {
							"vector": [-139.23851, -83.64175, 64.53888]
						},
						"0.9583": {
							"vector": [-2.19612, -53.22457, -30.41626]
						}
					}
				},
				"right_leg": {
					"rotation": {
						"0.0": {
							"vector": [-7.5, 0, 0]
						},
						"0.5": {
							"vector": [6.62066, 49.93245, 9.33311]
						},
						"0.5833": {
							"vector": [-73.80996, 27.90015, -22.11913]
						},
						"0.9583": {
							"vector": [-78.80996, 27.90015, -22.11913]
						}
					}
				},
				"left_leg": {
					"rotation": {
						"0.0": {
							"vector": [-12.5, 0, 0]
						},
						"0.5": {
							"vector": [-33.65181, -23.03568, -30.44729]
						},
						"0.5833": {
							"vector": [58.84819, -23.03568, -30.44729]
						}
					}
				}
			}
		}
	}
}