{
	"format_version": "1.8.0",
	"animations": {
		"chloro": {
			"animation_length": 0.5,
			"bones": {
				"body": {
					"rotation": {
						"0.0": {
							"vector": [-5, 0, 0]
						},
						"0.125": {
							"vector": [9.21273, 4.83958, 0.8483]
						},
						"0.5": {
							"vector": [6.71273, 4.83958, 0.8483]
						}
					},
					"position": {
						"0.0": {
							"vector": [0, 0, 0]
						},
						"0.125": {
							"vector": [0, 0, -2]
						}
					}
				},
				"head": {
					"rotation": {
						"0.0": {
							"vector": [15, 0, 0]
						},
						"0.125": {
							"vector": [-10, 0, 0]
						},
						"0.5": {
							"vector": [0, 0, 0]
						}
					}
				},
				"right_arm": {
					"rotation": {
						"0.0": {
							"vector": [-25, 0, 0]
						},
						"0.125": {
							"vector": [15.9477, -7.30111, 23.97594]
						},
						"0.5": {
							"vector": [3.4477, -7.30111, 23.97594]
						}
					}
				},
				"left_arm": {
					"rotation": {
						"0.0": {
							"vector": [-27.5, 0, 0]
						},
						"0.125": {
							"vector": [21.80633, 5.68422, -13.9042]
						},
						"0.5": {
							"vector": [11.80633, 5.68422, -13.9042]
						}
					}
				}
			}
		}
	}
}