{
	"format_version": "1.8.0",
	"animations": {
		"chompnom": {
			"animation_length": 0.4583,
			"bones": {
				"body": {
					"rotation": {
						"0.0": {
							"vector": [0, 30, 25]
						},
						"0.1667": {
							"vector": [15.92994, -49.74086, 17.2492]
						},
						"0.25": {
							"vector": [27.98473, -54.71148, 7.38612]
						},
						"0.3333": {
							"vector": [30.148, -57.33426, 4.77827]
						},
						"0.4167": {
							"vector": [34.69325, -61.55903, -0.49526]
						}
					},
					"position": {
						"0.0": {
							"vector": [0, 0, 3]
						},
						"0.0833": {
							"vector": [0, 1.8, -0.7]
						},
						"0.1667": {
							"vector": [0, 0.5, -4.9]
						},
						"0.25": {
							"vector": [0, 0.2, -6.2]
						},
						"0.3333": {
							"vector": [0, -0.2, -6.2]
						},
						"0.4167": {
							"vector": [0, -0.5, -4.9]
						}
					}
				},
				"head": {
					"rotation": {
						"0.0": {
							"vector": [0, -12.5, -22.5]
						},
						"0.2083": {
							"vector": [0, 37.5, -22.5]
						}
					}
				},
				"right_arm": {
					"rotation": {
						"0.0": {
							"vector": [-116.00966, 24.59477, -4.62934]
						},
						"0.0833": {
							"vector": [-117.14186, 29.06727, -7.13552]
						},
						"0.2083": {
							"vector": [-111.29645, 44.2059, -18.1682]
						},
						"0.3333": {
							"vector": [-77.6215, 3.60281, -3.93578]
						},
						"0.4583": {
							"vector": [-76.26992, -25.6575, -10.76492]
						}
					},
					"position": {
						"0.0": {
							"vector": [0.84524, -4.25399, 5.09049]
						},
						"0.0833": {
							"vector": [1.05411, -4.45345, 5.49859]
						},
						"0.2083": {
							"vector": [-3.20985, -0.29376, -2.82222]
						},
						"0.3333": {
							"vector": [-0.02386, -0.07079, -3.02109]
						}
					}
				},
				"left_arm": {
					"rotation": {
						"0.0": {
							"vector": [-137.5, 0, 0]
						},
						"0.1667": {
							"vector": [-140.89594, -18.17696, 20.99692]
						},
						"0.4583": {
							"vector": [-153.78693, -34.73537, 49.1702]
						}
					},
					"position": {
						"0.0": {
							"vector": [0, -7.62332, -0.4744]
						},
						"0.1667": {
							"vector": [-0.88701, -5.1124, 6.31969]
						},
						"0.4583": {
							"vector": [-2.01833, -3.80419, 5.12345]
						}
					}
				},
				"right_leg": {
					"rotation": {
						"0.0": {
							"vector": [0, 0, -17.5]
						},
						"0.2083": {
							"vector": [1.09231, -0.63892, -32.34341]
						}
					},
					"position": {
						"0.0": {
							"vector": [0, 0, 0]
						},
						"0.2083": {
							"vector": [2.08539, -3.29479, 0.07434]
						}
					}
				},
				"left_leg": {
					"rotation": {
						"0.0": {
							"vector": [0, -20, -32.5]
						},
						"0.125": {
							"vector": [-13.65396, 21.35762, 0.69986]
						}
					},
					"position": {
						"0.0": {
							"vector": [1.55767, 0.99234, -5.07434]
						},
						"0.125": {
							"vector": [2.05138, 0.65349, -3.80299]
						},
						"0.4583": {
							"vector": [0.94735, -0.11398, -3.57527]
						}
					}
				}
			}
		}
	}
}