{
	"format_version": "1.8.0",
	"animations": {
		"collier": {
			"animation_length": 0.875,
			"bones": {
				"body": {
					"rotation": {
						"0.0": {
							"vector": [0, 0, 0]
						},
						"0.125": {
							"vector": [18.02459, 51.5154, 27.03798]
						},
						"0.2917": {
							"pre": {
								"vector": [-47.65506, -26.74992, 53.66825]
							},
							"post": {
								"vector": [-47.65506, -26.74992, 53.66825]
							},
							"lerp_mode": "catmullrom"
						},
						"0.4167": {
							"post": {
								"vector": [-88.98957, -44.99234, 88.55041]
							},
							"lerp_mode": "catmullrom"
						},
						"0.7083": {
							"post": {
								"vector": [-49.22842, -46.49197, 54.04776]
							},
							"lerp_mode": "catmullrom"
						}
					},
					"position": {
						"0.0": {
							"vector": [0, 0, 0]
						},
						"0.125": {
							"vector": [0, -1, 0]
						},
						"0.2083": {
							"vector": [0, -1, -3]
						},
						"0.2917": {
							"vector": [0, -1, 0]
						},
						"0.4167": {
							"vector": [-0.9, -1, -3.9]
						},
						"0.7083": {
							"vector": [-3, -1, -3]
						}
					},
					"scale": {
						"vector": [1, 1, 1]
					}
				},
				"head": {
					"rotation": {
						"0.0": {
							"vector": [0, 0, 0]
						},
						"0.125": {
							"vector": [0, -50, 0]
						},
						"0.2917": {
							"vector": [46.44534, 21.24357, -6.06422]
						},
						"0.4167": {
							"vector": [44.62213, 28.56454, 1.45554]
						},
						"0.7083": {
							"vector": [42.68781, 26.77676, 0.21114]
						}
					},
					"position": {
						"vector": [0, 0, 0]
					},
					"scale": {
						"vector": [1, 1, 1]
					}
				},
				"right_arm": {
					"rotation": {
						"0.0": {
							"vector": [0, 0, 0]
						},
						"0.125": {
							"vector": [-33.07632, -17.40579, 5.74804]
						},
						"0.4167": {
							"vector": [-31.95343, -25.20563, -13.06211]
						}
					},
					"position": {
						"0.0": {
							"vector": [0, 0, 0]
						},
						"0.125": {
							"vector": [0.15172, -0.66863, 5.05271]
						},
						"0.4167": {
							"vector": [-1.91733, -1.37782, 2.01271]
						}
					}
				},
				"left_arm": {
					"rotation": {
						"0.0": {
							"vector": [0, 0, 0]
						},
						"0.125": {
							"vector": [-58.70569, 51.01141, -35.69829]
						}
					},
					"position": {
						"0.0": {
							"vector": [0, 0, 0]
						},
						"0.125": {
							"vector": [1.94576, -0.3075, 2.47376]
						},
						"0.4167": {
							"vector": [0.46441, -1.72317, 6.44442]
						}
					}
				},
				"right_leg": {
					"rotation": {
						"0.0": {
							"vector": [0, 0, 0]
						},
						"0.125": {
							"vector": [58.91063, 17.36133, 38.15597]
						},
						"0.2917": {
							"vector": [-37.52699, -1.50316, 87.65216]
						},
						"0.4167": {
							"vector": [-120.93093, -16.32482, 77.94737]
						},
						"0.7083": {
							"vector": [-66.30219, -29.44097, 50.20165]
						}
					},
					"position": {
						"0.0": {
							"vector": [0, 0, 0]
						},
						"0.125": {
							"vector": [-0.63105, 1.46769, -5.60782]
						},
						"0.2917": {
							"vector": [-3.48, 0.34, -2.79]
						},
						"0.4167": {
							"vector": [0.762, 1.75412, -2.71446]
						}
					}
				},
				"left_leg": {
					"rotation": {
						"0.0": {
							"vector": [0, 0, 0]
						},
						"0.125": {
							"vector": [39.94183, -64.92884, -50.2543]
						},
						"0.2917": {
							"vector": [11.86325, -23.28561, -53.49803]
						},
						"0.4167": {
							"vector": [-0.51766, -1.15094, -45.59434]
						},
						"0.7083": {
							"vector": [6.27737, -24.30261, -37.83991]
						}
					},
					"position": {
						"0.0": {
							"vector": [0, 0, 0]
						},
						"0.125": {
							"vector": [1.71062, 1.38178, -1.07911]
						},
						"0.1667": {
							"vector": [0.64479, 2.73, -1.86961]
						},
						"0.25": {
							"vector": [-0.19695, 2.82503, -2.71442]
						},
						"0.2917": {
							"vector": [0.12, 2.44, -2.91]
						},
						"0.4167": {
							"vector": [0.12004, 3.85421, -2.91036]
						},
						"0.7083": {
							"vector": [1.29479, 3.6792, -2.41665]
						}
					}
				},
				"torso": {
					"rotation": {
						"0.0": {
							"vector": [0, 0, 0]
						},
						"0.125": {
							"vector": [0, 20, 0]
						},
						"0.2917": {
							"vector": [0, -22.5, 0]
						},
						"0.4167": {
							"vector": [-1.44261, -29.96852, 2.88614]
						},
						"0.7083": {
							"vector": [2.54732, -26.47992, 1.68996]
						}
					}
				}
			}
		},
		"collier": {
			"animation_length": 0.7083,
			"bones": {
				"body": {
					"rotation": {
						"0.0": {
							"vector": [0, 0, 0]
						},
						"0.0833": {
							"vector": [18.02459, 51.5154, 27.03798]
						},
						"0.25": {
							"pre": {
								"vector": [-47.65506, -26.74992, 53.66825],
								"easing": "linear"
							},
							"post": {
								"vector": [-47.65506, -26.74992, 53.66825],
								"easing": "linear"
							},
							"lerp_mode": "catmullrom"
						},
						"0.3333": {
							"post": {
								"vector": [-88.98957, -44.99234, 88.55041],
								"easing": "linear"
							},
							"lerp_mode": "catmullrom"
						},
						"0.625": {
							"post": {
								"vector": [-49.22842, -46.49197, 54.04776],
								"easing": "linear"
							},
							"lerp_mode": "catmullrom"
						}
					},
					"position": {
						"0.0": {
							"vector": [0, 0, 0]
						},
						"0.0833": {
							"vector": [0, -1, 0]
						},
						"0.1667": {
							"vector": [0, -1, -3]
						},
						"0.25": {
							"vector": [0, -1, 0]
						},
						"0.3333": {
							"vector": [-0.9, -1, -3.9]
						},
						"0.625": {
							"vector": [-3, -1, -3]
						}
					},
					"scale": {
						"vector": [1, 1, 1]
					}
				},
				"head": {
					"rotation": {
						"0.0": {
							"vector": [0, 0, 0]
						},
						"0.125": {
							"vector": [0, -50, 0]
						},
						"0.2917": {
							"vector": [46.44534, 21.24357, -6.06422]
						},
						"0.4167": {
							"vector": [44.62213, 28.56454, 1.45554]
						},
						"0.7083": {
							"vector": [42.68781, 26.77676, 0.21114]
						}
					},
					"position": {
						"vector": [0, 0, 0]
					},
					"scale": {
						"vector": [1, 1, 1]
					}
				},
				"right_arm": {
					"rotation": {
						"0.0": {
							"vector": [0, 0, 0]
						},
						"0.125": {
							"vector": [-33.07632, -17.40579, 5.74804]
						},
						"0.4167": {
							"vector": [-31.95343, -25.20563, -13.06211]
						}
					},
					"position": {
						"0.0": {
							"vector": [0, 0, 0]
						},
						"0.125": {
							"vector": [0.15172, -0.66863, 5.05271]
						},
						"0.4167": {
							"vector": [-1.91733, -1.37782, 2.01271]
						}
					}
				},
				"left_arm": {
					"rotation": {
						"0.0": {
							"vector": [0, 0, 0]
						},
						"0.125": {
							"vector": [-58.70569, 51.01141, -35.69829]
						}
					},
					"position": {
						"0.0": {
							"vector": [0, 0, 0]
						},
						"0.125": {
							"vector": [1.94576, -0.3075, 2.47376]
						},
						"0.4167": {
							"vector": [0.46441, -1.72317, 6.44442]
						}
					}
				},
				"right_leg": {
					"rotation": {
						"0.0": {
							"vector": [0, 0, 0]
						},
						"0.125": {
							"vector": [58.91063, 17.36133, 38.15597]
						},
						"0.2917": {
							"vector": [-37.52699, -1.50316, 87.65216]
						},
						"0.4167": {
							"vector": [-120.93093, -16.32482, 77.94737]
						},
						"0.7083": {
							"vector": [-66.30219, -29.44097, 50.20165]
						}
					},
					"position": {
						"0.0": {
							"vector": [0, 0, 0]
						},
						"0.125": {
							"vector": [-0.63105, 1.46769, -5.60782]
						},
						"0.2917": {
							"vector": [-3.48, 0.34, -2.79]
						},
						"0.4167": {
							"vector": [0.762, 1.75412, -2.71446]
						}
					}
				},
				"left_leg": {
					"rotation": {
						"0.0": {
							"vector": [0, 0, 0]
						},
						"0.125": {
							"vector": [39.94183, -64.92884, -50.2543]
						},