{
	"format_version": "1.8.0",
	"animations": {
		"concasser": {
			"animation_length": 1.5417,
			"bones": {
				"body": {
					"rotation": {
						"0.0": {
							"vector": [0, 0, 0]
						},
						"0.0833": {
							"vector": [39.23631, 34.93608, 27.46432]
						},
						"0.25": {
							"vector": [39.23631, 34.93608, 27.46432]
						},
						"0.3333": {
							"vector": [87.68712, -0.64071, 0.82738]
						},
						"0.4167": {
							"vector": [192.69635, -0.63329, -0.83306]
						},
						"0.5": {
							"vector": [245.18932, 0.27533, -1.00957]
						},
						"0.5833": {
							"vector": [361.73583, -34.69606, 8.02145]
						},
						"0.625": {
							"vector": [426.13185, -20.7147, -28.34043]
						},
						"0.6667": {
							"vector": [486.0879, 12.63928, -19.8402]
						},
						"0.7083": {
							"vector": [659.00358, -10.12344, 19.93609]
						},
						"0.75": {
							"vector": [752.84413, -32.11168, -0.83873]
						},
						"0.7917": {
							"vector": [842.39826, 0.7104, -32.11445]
						},
						"0.8333": {
							"vector": [950.35645, 30.68045, 10.01453]
						},
						"0.875": {
							"vector": [1037.38125, -9.88501, 30.71872]
						},
						"0.9167": {
							"vector": [1086.70031, -29.72598, 12.77121]
						},
						"0.9583": {
							"vector": [752.84413, -32.11168, -0.83873]
						},
						"1.0": {
							"vector": [842.39826, 0.7104, -32.11445]
						},
						"1.0417": {
							"vector": [950.35645, 30.68045, 17.51453]
						},
						"1.0833": {
							"vector": [1037.38125, -9.88501, 5.71872]
						},
						"1.125": {
							"vector": [1042.60751, -11.65264, 3.48775]
						},
						"1.2083": {
							"vector": [1128.40186, -4.41374, -11.33818]
						},
						"1.5": {
							"vector": [1118.53872, -6.30533, -10.41452]
						}
					},
					"position": {
						"0.0": {
							"vector": [0, 0, 0]
						},
						"0.0833": {
							"vector": [0, -5, 0]
						},
						"0.25": {
							"vector": [0, -6, 0]
						},
						"0.3333": {
							"vector": [0, 10, 0]
						},
						"0.5833": {
							"vector": [0, 9, 0]
						},
						"0.7083": {
							"vector": [0, 13, 0]
						},
						"1.0833": {
							"vector": [0, 13, 0]
						},
						"1.125": {
							"vector": [0, 11, -1]
						},
						"1.2083": {
							"vector": [0, -1, -5]
						},
						"1.2917": {
							"vector": [0, -2, -5]
						}
					}
				},
				"head": {
					"rotation": {
						"0.0": {
							"vector": [0, 0, 0]
						},
						"0.0833": {
							"vector": [-11.58968, -36.73281, -1.78951]
						},
						"0.25": {
							"vector": [-25.21436, -36.74019, -3.92576]
						},
						"0.3333": {
							"vector": [48.12211, -13.65167, -14.45618]
						},
						"0.5833": {
							"vector": [61.72248, 32.46916, -5.62195]
						},
						"0.7083": {
							"vector": [64.59657, 32.29697, -4.65672]
						},
						"1.125": {
							"vector": [64.6, 32.3, -4.66]
						},
						"1.2083": {
							"vector": [23.35705, 9.36023, -1.53381]
						},
						"1.2917": {
							"vector": [25.82877, 9.61267, -1.61924]
						}
					},
					"position": {
						"vector": [0, 0, 0]
					}
				},
				"right_arm": {
					"rotation": {
						"0.0": {
							"vector": [0, 0, 0]
						},
						"0.0833": {
							"vector": [44.69766, 25.24612, 58.5376]
						},
						"0.25": {
							"vector": [53.3229, 24.50902, 61.3105]
						},
						"0.3333": {
							"vector": [-77.23638, 28.55236, 38.63721]
						},
						"0.5833": {
							"vector": [-70.07764, -23.00596, 60.5599]
						},
						"0.7083": {
							"vector": [-70.07764, -23.00596, 60.5599]
						},
						"1.125": {
							"vector": [-62.91, -5.73, 62.17]
						},
						"1.2083": {
							"vector": [82.32471, -19.69123, 64.92432]
						},
						"1.2917": {
							"vector": [89.50698, -30.07904, 59.4129]
						},
						"1.5": {
							"vector": [62.52858, -5.33558, 61.17893]
						}
					},
					"position": {
						"0.0": {
							"vector": [0, 0, 0]
						},
						"0.0833": {
							"vector": [-1.30006, -0.55435, -0.05031]
						},
						"0.25": {
							"vector": [-1.30006, -0.55435, -0.05031]
						},
						"0.5833": {
							"vector": [-2.45316, -0.53219, 1.64279]
						},
						"1.125": {
							"vector": [-2.45, -0.53, 1.64]
						},
						"1.2083": {
							"vector": [0.0932, 1.30859, 3.41531]
						}
					}
				},
				"left_arm": {
					"rotation": {
						"0.0": {
							"vector": [0, 0, 0]
						},
						"0.0833": {
							"vector": [-100.34074, -10.82261, -49.97562]
						},
						"0.25": {
							"vector": [-116.23216, -3.71449, -42.85274]
						},
						"0.5833": {
							"vector": [-2.02132, 10.08958, -69.24899]
						},
						"0.7083": {
							"vector": [-16.34293, 13.19046, -82.17903]
						},
						"1.125": {
							"vector": [-26.08, 11.35, -92.16]
						},
						"1.2083": {
							"vector": [104.0057, 14.08576, 8.93389]
						},
						"1.2917": {
							"vector": [111.55043, 13.47484, 9.25312]
						},
						"1.5": {
							"vector": [88.16999, 26.43126, 28.69171]
						}
					},
					"position": {
						"0.0": {
							"vector": [0, 0, 0]
						},
						"0.0833": {
							"vector": [1.10548, -0.81849, 0.32861]
						},
						"0.25": {
							"vector": [0.37808, -0.85431, -0.35667]
						},
						"0.5833": {
							"vector": [-2.85089, -0.84516, 4.59979]
						},
						"1.125": {
							"vector": [-2.85, -0.85, 4.6]
						},
						"1.2083": {
							"vector": [0.90639, 0.34482, 2.48767]
						}
					}
				},
				"right_leg": {
					"rotation": {
						"0.0": {
							"vector": [0, 0, 0]
						},
						"0.0833": {
							"vector": [30.73448, 15.0209, 22.81269]
						},
						"0.25": {
							"vector": [39.6007, 23.16212, 21.25129]
						},
						"0.3333": {
							"vector": [58.79195, 3.39217, 28.87151]
						},
						"0.5833": {
							"vector": [-93.62687, 32.87951, -8.94272]
						},
						"0.7083": {
							"vector": [-99.32688, 32.9183, -10.59121]
						},
						"1.0": {
							"vector": [-99.32688, 32.9183, -10.59121]
						},
						"1.0417": {
							"vector": [-88.48891, -4.81584, -16.36379]
						},
						"1.125": {
							"vector": [-130.91506, 15.63764, 13.03595]
						},
						"1.2083": {
							"vector": [-98.6322, 10.43066, 13.93626]
						},
						"1.2917": {
							"vector": [-106.01806, 11.66282, 13.99949]
						},
						"1.5": {
							"vector": [-96.17637, 10.02297, 13.87948]
						}
					},
					"position": {
						"0.0": {
							"vector": [0, 0, 0]
						},
						"0.0833": {
							"vector": [-1.99899, -0.79622, -3.65378]
						},
						"0.25": {
							"vector": [-3.10448, 0.02227, -3.98239]
						},
						"0.5833": {
							"vector": [-1.23771, -0.04182, -1.86181]
						},
						"0.7083": {
							"vector": [-1.60183, -0.31674, -3.19884]
						},
						"1.125": {
							"vector": [-1.6, -0.32, -3.2]
						}
					},
					"scale": {
						"vector": [1, 1, 1]
					}
				},
				"left_leg": {
					"rotation": {
						"0.0": {
							"vector": [0, 0, 0]
						},
						"0.0833": {
							"vector": [-18.68631, -28.76432, -21.58211]
						},
						"0.25": {
							"vector": [-4.94664, -25.26579, -15.80779]
						},
						"0.3333": {
							"vector": [17.92697, -11.21157, -29.17618]
						},
						"0.5833": {
							"vector": [43.40532, 1.97433, -29.43814]
						},
						"0.7083": {
							"vector": [50.15594, 4.44463, -31.23523]
						},
						"1.125": {
							"vector": [50.16, 4.44, -31.24]
						},
						"1.2083": {
							"vector": [52.15762, 5.87145, -31.55332]
						},
						"1.2917": {
							"vector": [58.03445, 3.14268, -26.53577]
						}
					},
					"position": {
						"0.0": {
							"vector": [0, 0, 0]
						},
						"0.0833": {
							"vector": [1.4714, 7.613, -2.7761]
						},
						"0.25": {
							"vector": [1.09331, 8.4673, -2.41943]
						},
						"0.5833": {
							"vector": [-0.48171, 1.76031, -5.62754]
						},
						"1.125": {
							"vector": [-0.48, 1.76, -5.63]
						},
						"1.2083": {
							"vector": [-0.71812, -1.05572, -5.75249]
						}
					}
				},