{
	"format_version": "1.8.0",
	"animations": {
		"conqinitiate": {
			"animation_length": 4,
			"bones": {
				"body": {
					"rotation": {
						"0.0": {
							"vector": [-10, 0, 0]
						},
						"1.0": {
							"vector": [-8.99461, 0.31281, 1.9754]
						},
						"3.0": {
							"vector": [-10, 0, 0]
						}
					}
				},
				"torso": {
					"rotation": {
						"0.0": {
							"vector": [0, 0, 0]
						},
						"4.0": {
							"vector": [-2.5, 0, 0]
						}
					}
				},
				"head": {
					"rotation": {
						"0.0": {
							"vector": [10, 0, 0]
						},
						"0.5": {
							"vector": [50.89594, -18.17696, -20.99692]
						},
						"2.9167": {
							"vector": [50.89594, -18.17696, -20.99692]
						},
						"3.0417": {
							"vector": [12.5, 0, 0]
						},
						"4.0": {
							"vector": [10, 0, 0]
						}
					}
				},
				"right_arm": {
					"rotation": {
						"0.0": {
							"vector": [-1.92825, 10.03411, 27.07115]
						},
						"0.5": {
							"vector": [-39.68851, -45.71354, -20.17616]
						},
						"2.9167": {
							"vector": [-39.68851, -45.71354, -20.17616]
						},
						"3.0417": {
							"vector": [22.57871, 3.72571, 22.98282]
						}
					}
				},
				"left_arm": {
					"rotation": {
						"0.0": {
							"vector": [-19.47096, -28.39247, -16.05771]
						},
						"0.5": {
							"vector": [-63.57458, 63.54396, 14.21254]
						},
						"2.9167": {
							"vector": [-63.57458, 63.54396, 14.21254]
						},
						"3.0417": {
							"vector": [4.78551, -61.77472, -31.9115]
						}
					}
				},
				"right_leg": {
					"rotation": {
						"0.0": {
							"vector": [10, 0, 0]
						},
						"1.0": {
							"vector": [7.49067, 0.43399, -2.46207]
						},
						"3.0": {
							"vector": [10, 0, 0]
						},
						"3.0417": {
							"vector": [7.5, 0, 0]
						},
						"4.0": {
							"vector": [5, 0, 0]
						}
					},
					"position": {
						"0.0": {
							"vector": [0, 0, 0]
						},
						"3.0417": {
							"vector": [0, 0, -0.75]
						}
					}
				},
				"left_leg": {
					"rotation": {
						"0.0": {
							"vector": [15, 0, 0]
						},
						"1.0": {
							"vector": [14.98637, 0.64686, -2.41492]
						},
						"3.0": {
							"vector": [15, 0, 0]
						},
						"3.0417": {
							"vector": [22.5, 0, 0]
						},
						"4.0": {
							"vector": [27.5, 0, 0]
						}
					}
				}
			}
		}
	},
	"geckolib_format_version": 2
}