{
	"format_version": "1.8.0",
	"animations": {
		"countershock": {
			"animation_length": 0.75,
			"bones": {
				"body": {
					"rotation": {
						"0.0": {
							"vector": [2.5, 0, 0]
						},
						"0.25": {
							"vector": [0, 0, 0]
						},
						"0.375": {
							"vector": [10, 0, 0]
						},
						"0.5": {
							"vector": [17.5, 0, 0]
						},
						"0.75": {
							"vector": [15, 0, 0]
						}
					},
					"position": {
						"0.0": {
							"vector": [0, 0, 0]
						},
						"0.2083": {
							"vector": [0, 0, 1]
						},
						"0.3333": {
							"vector": [0, -1.1, 2.2]
						},
						"0.375": {
							"vector": [0, -0.73, 0.96]
						},
						"0.4583": {
							"vector": [0, -0.1, -3.8]
						},
						"0.5417": {
							"vector": [0, -0.1, -5.06]
						},
						"0.625": {
							"vector": [0, -0.1, -5.87]
						},
						"0.7083": {
							"vector": [0, -0.1, -4.6]
						}
					}
				},
				"head": {
					"rotation": {
						"0.0": {
							"vector": [-2.5, 0, 0]
						},
						"0.1667": {
							"vector": [7.5, 0, 0]
						},
						"0.2917": {
							"vector": [17.5, 0, 0]
						},
						"0.4583": {
							"vector": [-17.5, 0, 0]
						},
						"0.5833": {
							"vector": [-5, 0, 0]
						},
						"0.75": {
							"vector": [-2.5, 0, 0]
						}
					}
				},
				"right_arm": {
					"rotation": {
						"0.0": {
							"vector": [-104.69212, -28.87909, 8.49878]
						},
						"0.0833": {
							"vector": [-103.82004, -21.60922, 6.4582]
						},
						"0.1667": {
							"vector": [-105.06409, -31.29532, 9.24059]
						},
						"0.25": {
							"vector": [-103.82004, -21.60922, 6.4582]
						},
						"0.3333": {
							"vector": [-105.06409, -31.29532, 9.24059]
						},
						"0.4583": {
							"vector": [-104.14162, 24.63358, -4.71341]
						},
						"0.5417": {
							"vector": [-103.25014, -14.31686, 4.61419]
						},
						"0.75": {
							"vector": [-103.41037, -16.74952, 5.2124]
						}
					},
					"position": {
						"0.0": {
							"vector": [0, -4, 0]
						},
						"0.0833": {
							"vector": [0, -4, -2]
						},
						"0.1667": {
							"vector": [0, -4, 1]
						},
						"0.25": {
							"vector": [0, -4, -2]
						},
						"0.3333": {
							"vector": [0, -4, 1]
						},
						"0.4583": {
							"vector": [0, -4, 6]
						},
						"0.5417": {
							"vector": [0, 0, -5]
						},
						"0.75": {
							"vector": [0, 0, -6]
						}
					}
				},
				"left_arm": {
					"rotation": {
						"0.0": {
							"vector": [-104.35885, 29.21893, -7.12284]
						},
						"0.0833": {
							"vector": [-105.61249, 36.46498, -9.42961]
						},
						"0.1667": {
							"vector": [-103.4936, 21.93857, -5.123]
						},
						"0.25": {
							"vector": [-105.61249, 36.46498, -9.42961]
						},
						"0.3333": {
							"vector": [-103.4936, 21.93857, -5.123]
						},
						"0.4583": {
							"vector": [-104.12168, -21.91683, 5.36137]
						},
						"0.5417": {
							"vector": [-103.27563, 9.70636, -2.28134]
						},
						"0.75": {
							"vector": [-103.69133, 17.00025, -4.07746]
						}
					},
					"position": {
						"0.0": {
							"vector": [0, -4, 0]
						},
						"0.0833": {
							"vector": [0, -4, 1]
						},
						"0.1667": {
							"vector": [0, -4, -1]
						},
						"0.25": {
							"vector": [0, -4, 1]
						},
						"0.3333": {
							"vector": [0, -4, -1]
						},
						"0.4583": {
							"vector": [0, -4, 6]
						},
						"0.5417": {
							"vector": [0, 0, -5]
						},
						"0.75": {
							"vector": [0, 0, -6]
						}
					}
				}
			}
		}
	}
}