{
	"format_version": "1.8.0",
	"animations": {
		"crush": {
			"animation_length": 1.0417,
			"bones": {
				"body": {
					"rotation": {
						"0.0": {
							"vector": [0, -37.5, 0]
						},
						"0.5": {
							"vector": [3, -37.5, 0]
						},
						"0.7083": {
							"vector": [-1.76679, -37.47586, 1.25991]
						},
						"0.875": {
							"vector": [-4.05815, -37.32336, 5.03163]
						},
						"1.0": {
							"vector": [-3.05815, -37.32336, 5.03163]
						}
					}
				},
				"head": {
					"rotation": {
						"0.0": {
							"vector": [22.21795, 28.24471, 3.19368]
						},
						"0.375": {
							"vector": [27.19995, 28.24471, 3.19368]
						},
						"0.5417": {
							"vector": [24.00345, 28.24471, 3.19368]
						},
						"0.6667": {
							"vector": [14.00345, 28.24471, 3.19368]
						},
						"0.8333": {
							"vector": [11.50345, 28.24471, 3.19368]
						},
						"1.0417": {
							"vector": [18.93287, 28.24471, 3.19368]
						}
					}
				},
				"right_arm": {
					"rotation": {
						"0.0": {
							"vector": [-142.55816, 25.97489, 5.61728]
						},
						"0.5": {
							"vector": [-140.05816, 25.97489, 5.61728]
						},
						"0.5833": {
							"vector": [-122.55816, 25.97489, 5.61728]
						},
						"0.6667": {
							"vector": [-105.05816, 25.97489, 5.61728]
						},
						"0.75": {
							"vector": [-147.55816, 25.97489, 5.61728]
						},
						"0.8333": {
							"vector": [-165.05816, 25.97489, 5.61728]
						},
						"0.9167": {
							"vector": [-160.05816, 25.97489, 5.61728]
						}
					},
					"position": {
						"0.0": {
							"vector": [-0.32446, -7.16348, -3.69839]
						},
						"0.5": {
							"vector": [-0.43911, -7.34182, -3.90677]
						},
						"0.5833": {
							"vector": [-0.91643, -8.06727, -4.7371]
						},
						"0.6667": {
							"vector": [-0.58758, -6.55018, -4.36631]
						},
						"0.75": {
							"vector": [-0.37982, -6.30116, -3.99066]
						},
						"0.8333": {
							"vector": [-0.88484, -7.39901, -4.80045]
						},
						"0.9167": {
							"vector": [-0.96927, -7.44304, -4.97372]
						},
						"1.0": {
							"vector": [-1.05862, -7.49983, -5.13902]
						}
					}
				},
				"left_arm": {
					"rotation": {
						"0.0": {
							"vector": [0, -30, 0]
						},
						"0.5": {
							"vector": [-1.44261, -29.96852, 2.88614]
						},
						"0.75": {
							"vector": [-1.48127, -32.46771, 2.96072]
						},
						"1.0": {
							"vector": [-1.40941, -27.53327, 2.81705]
						}
					},
					"position": {
						"vector": [0, -1.4, 0]
					}
				}
			}
		}
	}
}