{
	"format_version": "1.8.0",
	"animations": {
		"dash": {
			"animation_length": 0.5,
			"bones": {
				"body": {
					"rotation": {
						"0.0": {
							"vector": [67.5, 0, 0]
						},
						"0.125": {
							"vector": [50, 0, 0]
						},
						"0.5": {
							"vector": [55, 0, 0]
						}
					},
					"position": {
						"0.0": {
							"vector": [0, -1.21371, 8.1564]
						},
						"0.125": {
							"vector": [0, -1.2372, -4.83997]
						},
						"0.2083": {
							"vector": [0, -1.8083, -6.17904]
						},
						"0.4167": {
							"vector": [0, -0.94898, -3.62676]
						},
						"0.5": {
							"vector": [0, -0.25209, -1.66131]
						}
					}
				},
				"head": {
					"rotation": {
						"0.0": {
							"vector": [-12.5, 0, 0]
						},
						"0.1667": {
							"vector": [-35, 0, 0]
						},
						"0.5": {
							"vector": [-30, 0, 0]
						}
					}
				},
				"right_arm": {
					"rotation": {
						"0.0": {
							"vector": [22.5, 0, 0]
						},
						"0.2083": {
							"vector": [-120, 0, 0]
						},
						"0.5": {
							"vector": [-145, 0, 0]
						}
					},
					"position": {
						"0.0": {
							"vector": [0, 0, 0]
						},
						"0.2083": {
							"vector": [0, 1, -1.73205]
						},
						"0.5": {
							"vector": [0, -3.49711, -2.94077]
						}
					}
				},
				"left_arm": {
					"rotation": {
						"0.0": {
							"vector": [-151.11364, -15.58394, 25.96295]
						},
						"0.2083": {
							"vector": [-79.1781, -11.31561, -14.99097]
						},
						"0.5": {
							"vector": [-56.6781, -11.31561, -14.99097]
						}
					},
					"position": {
						"0.0": {
							"vector": [0, 0, 0]
						},
						"0.2083": {
							"vector": [0.10978, -4.07386, 4.7362]
						},
						"0.5": {
							"vector": [-0.03563, -2.98445, 4.03974]
						}
					}
				},
				"right_leg": {
					"rotation": {
						"0.0": {
							"vector": [-70, 0, 0]
						},
						"0.125": {
							"vector": [5, 0, 0]
						},
						"0.2917": {
							"vector": [10, 0, 0]
						},
						"0.5": {
							"vector": [25, 0, 0]
						}
					},
					"position": {
						"0.0": {
							"vector": [0, 7.51754, -2.73616]
						},
						"0.125": {
							"vector": [0, -0.27525, -0.05036]
						},
						"0.2917": {
							"vector": [0, -1.03338, 0.51782]
						},
						"0.5": {
							"vector": [0, 0.06191, -1.93921]
						}
					}
				},
				"left_leg": {
					"rotation": {
						"0.0": {
							"vector": [10, 0, 0]
						},
						"0.1667": {
							"vector": [19.84966, 1.56397, 0.88558]
						},
						"0.5": {
							"vector": [-12.65034, 1.56397, 0.88558]
						}
					},
					"position": {
						"0.0": {
							"vector": [0, 0, 0]
						},
						"0.1667": {
							"vector": [-0.06242, 6.46601, -5.94616]
						},
						"0.5": {
							"vector": [-0.00654, 5.96541, -3.70667]
						}
					}
				}
			}
		}
	}
}