{
	"format_version": "1.8.0",
	"animations": {
		"diablerushcontinue": {
			"animation_length": 5.5,
			"bones": {
				"body": {
					"rotation": {
						"0.0": {
							"vector": [19.71601, 46.93584, 26.12877]
						},
						"0.2917": {
							"vector": [-1.62445, 32.63802, 20.17722]
						},
						"0.3333": {
							"vector": [-69.51304, -41.71775, 96.72069]
						},
						"1.0": {
							"vector": [-71.64641, -42.54925, 99.90021]
						},
						"1.0833": {
							"vector": [-97.9413, -43.06969, 127.27505]
						},
						"1.1667": {
							"vector": [-147.27715, -37.6959, 149.22136]
						},
						"1.25": {
							"vector": [-184.1344, -77.95024, 147.75498]
						},
						"1.4167": {
							"vector": [-373.73652, -6.92124, 377.21074]
						},
						"1.4583": {
							"vector": [-318.6607, 3.50726, 383.32906]
						},
						"1.5417": {
							"vector": [-316.95024, 19.44177, 367.05842]
						},
						"1.625": {
							"vector": [-375.91264, 40.99038, 330.94695]
						},
						"1.6667": {
							"vector": [-430.52059, 56.61629, 295.72686]
						},
						"1.75": {
							"vector": [-510.2437, 60.57168, 205.35863]
						},
						"1.875": {
							"vector": [-521.46635, 39.89921, 191.02478]
						},
						"1.9167": {
							"vector": [-465.8836, 47.01748, 254.39234]
						},
						"2.0": {
							"vector": [-402.21811, 12.61059, 354.44172]
						},
						"2.0417": {
							"vector": [-401.35251, 7.01453, 359.51152]
						},
						"2.1667": {
							"vector": [-400.99029, 1.36543, 364.4601]
						},
						"2.2083": {
							"vector": [-418.74847, -39.91077, 412.24041]
						},
						"2.3333": {
							"vector": [-474.38949, -43.9457, 488.80436]
						},
						"2.5": {
							"vector": [-498.52654, 8.05147, 552.70375]
						},
						"2.5417": {
							"vector": [-479.40543, 41.17348, 595.08003]
						},
						"2.75": {
							"vector": [-407.32995, 26.89418, 699.50849]
						},
						"2.7917": {
							"vector": [-424.06703, -24.50122, 782.11214]
						},
						"2.9167": {
							"vector": [-432.70413, -31.00957, 800.50437]
						},
						"3.0": {
							"vector": [-424.06703, -24.50122, 782.11214]
						},
						"3.0417": {
							"vector": [-421.31094, 21.11745, 708.2945]
						},
						"3.25": {
							"vector": [-528.29243, 59.06803, 549.12254]
						},
						"3.375": {
							"vector": [-531.24216, 46.76127, 545.44668]
						},
						"3.4167": {
							"vector": [-33.51355, 5.37395, -1.52208]
						},
						"3.4583": {
							"vector": [1.48645, 5.37395, -1.52208]
						},
						"4.5": {
							"vector": [6.48645, 5.37395, -1.52208]
						},
						"4.5417": {
							"vector": [88.98645, 5.37395, -1.52208]
						},
						"4.7083": {
							"vector": [102.11764, 5.37395, -1.52208]
						},
						"5.0": {
							"vector": [96.48645, 5.37395, -1.52208]
						},
						"5.2083": {
							"vector": [58.49637, 4.65927, -0.89816]
						},
						"5.5": {
							"vector": [-15.68196, 3.16953, 0.40238]
						}
					},
					"position": {
						"0.0": {
							"vector": [0, 0, 5]
						},
						"0.3333": {
							"vector": [0, 0, 5]
						},
						"0.375": {
							"vector": [1, 0, 5]
						},
						"0.4167": {
							"vector": [-1.5, 0, 5]
						},
						"0.4583": {
							"vector": [0, 0, 5]
						},
						"1.0": {
							"vector": [1, 0, 5]
						},
						"1.125": {
							"vector": [4, 0, 5]
						},
						"1.2083": {
							"vector": [1, 0, 5]
						},
						"1.2917": {
							"vector": [0, 3, 5]
						},
						"1.4167": {
							"vector": [0, 4, 5]
						},
						"1.4583": {
							"vector": [0, -3, 5]
						},
						"1.5": {
							"vector": [0, 3, 5]
						},
						"1.5417": {
							"vector": [0, 2, 5]
						},
						"1.625": {
							"vector": [0, 2, 5]
						},
						"1.6667": {
							"vector": [-3, 2, 5]
						},
						"1.7083": {
							"vector": [4, 2, 5]
						},
						"1.75": {
							"vector": [2, 2, 5]
						},
						"1.875": {
							"vector": [2, 2, 5]
						},
						"1.9167": {
							"vector": [2, 2, 1]
						},
						"1.9583": {
							"vector": [2, 2, 6]
						},
						"2.0": {
							"vector": [2, 2, 5]
						},
						"2.1667": {
							"vector": [2, 2, 5]
						},
						"2.2083": {
							"vector": [7, 2, 5]
						},
						"2.25": {
							"vector": [2, 2, 5]
						},
						"2.2917": {
							"vector": [3, 2, 5]
						},
						"2.5": {
							"vector": [3, 2, 5]
						},
						"2.5417": {
							"vector": [3, 2, 1]
						},
						"2.5833": {
							"vector": [3, 2, 6]
						},
						"2.625": {
							"vector": [3, 2, 1]
						},
						"2.75": {
							"vector": [3, 2, 1]
						},
						"2.7917": {
							"vector": [9, 2, 1]
						},
						"2.8333": {
							"vector": [-1, 2, 1]
						},
						"2.875": {
							"vector": [0, 2, 1]
						},
						"3.0": {
							"vector": [0, 2, 1]
						},
						"3.0417": {
							"vector": [-6, 2, 1]
						},
						"3.0833": {
							"vector": [2, 2, 1]
						},
						"3.125": {
							"vector": [0, 2, 1]
						},
						"3.25": {
							"vector": [0, 2, 1]
						},
						"3.2917": {
							"vector": [0, 2, 4.33]
						},
						"3.3333": {
							"vector": [0, 2, -15.84]
						},
						"3.375": {
							"vector": [0, 2, 28]
						},
						"3.4167": {
							"vector": [0, 40, 2]
						},
						"3.4583": {
							"vector": [0, 3, -3]
						},
						"3.5": {
							"vector": [0, 3.63, -3]
						},
						"3.5417": {
							"vector": [0, -3.42, -3]
						},
						"3.5833": {
							"vector": [0, 5.84, -3]
						},
						"3.625": {
							"vector": [0, 2.69, -3]
						},
						"3.6667": {
							"vector": [0, 3, -3]
						},
						"4.5": {
							"vector": [0, 2.5, -3]
						},
						"4.5417": {
							"vector": [0, 5.5, 8]
						},
						"4.5833": {
							"vector": [0, -4.17, 8.83]
						},
						"4.625": {
							"vector": [0, 5.5, 9.67]
						},
						"4.7083": {
							"vector": [0, 6.84, 11.34]
						},
						"5.0": {
							"vector": [0, 9.5, 12]
						},
						"5.5": {
							"vector": [0, 1.5, 0]
						}
					}
				},
				"head": {
					"rotation": {
						"0.0": {
							"vector": [5.24689, -56.1582, -18.16842]
						},
						"0.2917": {
							"vector": [23.11565, -30.39275, -23.43353]
						},
						"0.3333": {
							"vector": [33.79617, 52.49734, 16.72149]
						},
						"1.0": {
							"vector": [41.29617, 52.49734, 16.72149]
						},
						"1.0833": {
							"vector": [29.41758, 58.32503, 2.33543]
						},
						"1.4167": {
							"vector": [42.63401, 8.92867, -20.89638]
						},
						"1.5417": {
							"vector": [-31.77055, -21.50265, 24.68893]
						},
						"1.7917": {
							"vector": [19.7411, 3.90596, 8.88047]
						},
						"2.0": {
							"vector": [27.2411, 3.90596, 8.88047]
						},
						"2.25": {
							"vector": [45.39264, 77.867, 13.92407]
						},
						"2.5": {
							"vector": [-4.70937, -13.1996, 26.38711]
						},
						"2.625": {
							"vector": [6.9573, -72.64425, 40.17654]
						},
						"2.7917": {
							"vector": [35.02504, 56.32596, -36.65467]
						},
						"3.25": {
							"vector": [28.77703, 19.12363, 3.0643]
						},
						"3.375": {
							"vector": [33.77703, 19.12363, 3.0643]
						},
						"3.4167": {
							"vector": [33.59574, -8.04687, -5.4164]
						},
						"3.4583": {
							"vector": [45.58334, -2.81795, -0.01355]
						},
						"4.5": {
							"vector": [40.58334, -2.81795, -0.01355]
						},
						"4.5417": {
							"vector": [-6.91666, -2.81795, -0.01355]
						},
						"5.0": {
							"vector": [-24.41666, -2.81795, -0.01355]
						},
						"5.5": {
							"vector": [38.08334, -2.81795, -0.01355]
						}
					}
				},
				"right_arm": {
					"rotation": {
						"0.0": {
							"vector": [-20.2903, -5.78835, -16.13493]
						},
						"1.0": {
							"vector": [-22.7903, -5.78835, -16.13493]
						},
						"3.375": {
							"vector": [-27.7903, -5.78835, -16.13493]
						},
						"3.4167": {
							"vector": [-32.7903, -5.78835, -16.13493]
						},
						"3.4583": {
							"vector": [-27.7903, -5.78835, -16.13493]
						},