{
	"format_version": "1.8.0",
	"animations": {
		"diablemone": {
			"animation_length": 0.25,
			"bones": {
				"body": {
					"rotation": {
						"0.0": {
							"vector": [0, 10, 0]
						},
						"0.0833": {
							"vector": [-25.79648, -49.41555, 23.41928]
						},
						"0.25": {
							"vector": [-23.5456, -44.87057, 20.35148]
						}
					},
					"position": {
						"0.0": {
							"vector": [0, 0, 0]
						},
						"0.0833": {
							"vector": [0, 0, 1.1]
						}
					}
				},
				"head": {
					"rotation": {
						"0.0": {
							"vector": [15.2614, -14.8687, -2.00307]
						},
						"0.0833": {
							"vector": [27.8487, 40.23529, -1.40542]
						},
						"0.25": {
							"vector": [26.91331, 38.01522, -2.88744]
						}
					}
				},
				"right_arm": {
					"rotation": {
						"0.0": {
							"vector": [-7.47178, -0.65182, -4.95744]
						},
						"0.0833": {
							"vector": [-14.97178, -0.65182, -4.95744]
						},
						"0.25": {
							"vector": [-19.97178, -0.65182, -4.95744]
						}
					},
					"position": {
						"0.0": {
							"vector": [-1, 0, 2]
						},
						"0.0833": {
							"vector": [-1, 0, 3]
						}
					}
				},
				"left_arm": {
					"rotation": {
						"0.0": {
							"vector": [-14.87739, 1.93597, 7.24721]
						},
						"0.0833": {
							"vector": [-19.87739, 1.93597, 7.24721]
						},
						"0.25": {
							"vector": [-24.87739, 1.93597, 7.24721]
						}
					},
					"position": {
						"vector": [1, 0, 4]
					}
				},
				"right_leg": {
					"rotation": {
						"0.0": {
							"vector": [22.69623, 12.38263, 15.93012]
						},
						"0.0833": {
							"vector": [-72.89191, -7.64208, 59.26652]
						},
						"0.25": {
							"vector": [-30.25651, -15.53089, 46.23037]
						}
					},
					"position": {
						"0.0": {
							"vector": [-1, 0, -4]
						},
						"0.0833": {
							"vector": [-1, 0, -1]
						},
						"0.25": {
							"vector": [-1, 3, -2]
						}
					}
				},
				"left_leg": {
					"rotation": {
						"0.0": {
							"vector": [0, -20, 0]
						},
						"0.0833": {
							"vector": [3.61644, -19.6835, -10.62758]
						},
						"0.25": {
							"vector": [7.88152, -19.291, -15.91527]
						}
					}
				}
			}
		}
	}
}