{
	"format_version": "1.8.0",
	"animations": {
		"diablerush": {
			"animation_length": 1,
			"bones": {
				"body": {
					"rotation": {
						"0.0": {
							"vector": [-5, 0, 0]
						},
						"0.0417": {
							"vector": [5, 0, 0]
						},
						"0.125": {
							"vector": [19.04306, 3.78175, 1.30417]
						},
						"0.1667": {
							"vector": [23.25258, 8.37968, 3.28028]
						},
						"0.2083": {
							"vector": [26.25258, 8.37968, 3.28028]
						},
						"0.2917": {
							"vector": [31.43826, 10.62009, 4.40509]
						},
						"0.5": {
							"vector": [27.43826, 10.62009, 4.40509]
						},
						"0.5417": {
							"vector": [-48.14113, -31.07162, 33.17901]
						},
						"0.6667": {
							"vector": [-52.8918, -31.07162, 33.17901]
						},
						"1.0": {
							"vector": [-50.3918, -31.07162, 33.17901]
						}
					},
					"position": {
						"0.0": {
							"vector": [0, 0, 0]
						},
						"0.0417": {
							"vector": [0, -1, -1.1]
						},
						"0.125": {
							"vector": [0, -4.8, 0]
						},
						"0.1667": {
							"vector": [0, -6.2, 0]
						},
						"0.2083": {
							"vector": [0, -7.2, 1.6]
						},
						"0.2917": {
							"vector": [0, -6.7, 1.8]
						},
						"0.5": {
							"vector": [0, -6.4, 1.8]
						},
						"0.5417": {
							"vector": [0, 18.1, -3.2]
						},
						"0.5833": {
							"vector": [0, -2.57, -3.2]
						},
						"0.625": {
							"vector": [0, 3.76, -3.2]
						},
						"0.6667": {
							"vector": [0, 4.1, -3.2]
						},
						"1.0": {
							"vector": [0, 3.7, -3.2]
						}
					}
				},
				"head": {
					"rotation": {
						"0.0": {
							"vector": [12.5, 0, 0]
						},
						"0.1667": {
							"vector": [-9.94312, 0.52056, 0.0907]
						},
						"0.2917": {
							"vector": [10, 0, 0]
						},
						"0.5": {
							"vector": [20, 0, 0]
						},
						"0.5417": {
							"vector": [47.98572, 34.40589, 0.70148]
						},
						"0.6667": {
							"vector": [52.73639, 34.40589, 0.70148]
						},
						"1.0": {
							"vector": [55.23639, 34.40589, 0.70148]
						}
					}
				},
				"right_arm": {
					"rotation": {
						"0.0": {
							"vector": [-8.78276, -11.08194, -5.76922]
						},
						"0.1667": {
							"vector": [-4.76028, -11.08194, -5.76922]
						},
						"0.25": {
							"vector": [-15.76028, -11.08194, -5.76922]
						},
						"0.5417": {
							"vector": [-38.26028, -11.08194, -5.76922]
						},
						"1.0": {
							"vector": [-35.76028, -11.08194, -5.76922]
						}
					},
					"position": {
						"0.0": {
							"vector": [0, 0, 3]
						},
						"0.1667": {
							"vector": [0, 0.4, 3]
						},
						"0.25": {
							"vector": [0, -0.2, 4]
						},
						"0.5": {
							"vector": [0, 0.3, 4]
						},
						"0.5417": {
							"vector": [-0.5, -2.9, 6.5]
						},
						"1.0": {
							"vector": [-0.5, -2.9, 6]
						}
					}
				},
				"left_arm": {
					"rotation": {
						"0.0": {
							"vector": [-7.5, 20, 5]
						},
						"0.1667": {
							"vector": [-5.40481, 20, 5]
						},
						"0.25": {
							"vector": [-15.40481, 20, 5]
						},
						"0.5417": {
							"vector": [-25.40481, 20, 5]
						},
						"1.0": {
							"vector": [-21.40481, 20, 5]
						}
					},
					"position": {
						"0.0": {
							"vector": [0, 0, 2]
						},
						"0.1667": {
							"vector": [0, 0.4, 2]
						},
						"0.25": {
							"vector": [0, -0.2, 4.1]
						},
						"0.5": {
							"vector": [0, 0.3, 4.1]
						},
						"0.5417": {
							"vector": [0.6, 0.3, 6.4]
						},
						"1.0": {
							"vector": [0.6, 0.3, 5.5]
						}
					}
				},
				"right_leg": {
					"rotation": {
						"0.0": {
							"vector": [9.06647, 6.9134, 1.10039]
						},
						"0.0833": {
							"vector": [-5.93353, 6.9134, 1.10039]
						},
						"0.1667": {
							"vector": [-12.93353, 6.9134, 1.10039]
						},
						"0.5": {
							"vector": [-10.43353, 6.9134, 1.10039]
						},
						"0.5417": {
							"vector": [-150.95085, 25.02515, -27.13854]
						},
						"0.6667": {
							"vector": [-143.66855, 25.02515, -27.13854]
						},
						"1.0": {
							"vector": [-146.16855, 25.02515, -27.13854]
						}
					},
					"position": {
						"0.0": {
							"vector": [0, 0, -1.2]
						},
						"0.0833": {
							"vector": [0, 3.3, -3.8]
						},
						"0.1667": {
							"vector": [0, 7.5, -3.8]
						},
						"0.2917": {
							"vector": [0, 9.4, -3.8]
						},
						"0.5": {
							"vector": [0, 8.3, -3.8]
						},
						"0.5417": {
							"vector": [-2, -1.2, -3.9]
						},
						"0.6667": {
							"vector": [-2, 1.8, -3.9]
						},
						"1.0": {
							"vector": [-2, 1.8, -3.9]
						}
					}
				},
				"left_leg": {
					"rotation": {
						"0.0": {
							"vector": [18.29388, -16.66577, -5.41615]
						},
						"0.0833": {
							"vector": [-1.70612, -16.66577, -5.41615]
						},
						"0.1667": {
							"vector": [-11.70612, -16.66577, -5.41615]
						},
						"0.5": {
							"vector": [-14.20612, -16.66577, -5.41615]
						},
						"0.5417": {
							"vector": [25.36599, -7.45585, -37.29151]
						},
						"0.6667": {
							"vector": [39.89696, -7.45585, -37.29151]
						},
						"1.0": {
							"vector": [43.89696, -7.45585, -37.29151]
						}
					},
					"position": {
						"0.0": {
							"vector": [0.6, 0, -1]
						},
						"0.0833": {
							"vector": [2.1, 3.4, -4.5]
						},
						"0.1667": {
							"vector": [2.1, 8.2, -4.5]
						},
						"0.2917": {
							"vector": [2.1, 9.62, -4.5]
						},
						"0.5": {
							"vector": [2.1, 8.8, -4.5]
						},
						"0.5417": {
							"vector": [2.1, -0.2, 0.5]
						},
						"0.6667": {
							"vector": [2.1, -0.2, -4]
						},
						"1.0": {
							"vector": [2.1, -0.2, -4]
						}
					}
				}
			}
		}
	}
}