{
	"format_version": "1.8.0",
	"animations": {
		"dodge1": {
			"animation_length": 0.5,
			"bones": {
				"body": {
					"rotation": {
						"0.0": {
							"vector": [7.5, 0, 0]
						},
						"0.125": {
							"vector": [1.91718, -17.24611, -7.59259]
						},
						"0.5": {
							"vector": [1.97821, -22.24322, -7.77308]
						}
					},
					"position": {
						"0.0": {
							"vector": [0, 0, 0]
						},
						"0.125": {
							"vector": [-7, 0, 0]
						},
						"0.2917": {
							"vector": [-14.43, 0, 0]
						},
						"0.5": {
							"vector": [-19, 0, 0]
						}
					}
				},
				"head": {
					"rotation": {
						"0.0": {
							"vector": [20, 0, 0]
						},
						"0.125": {
							"vector": [20.88852, 16.41371, 6.15491]
						},
						"0.5": {
							"vector": [20.6469, 14.0761, 5.23619]
						}
					}
				},
				"right_arm": {
					"rotation": {
						"0.0": {
							"vector": [0, 35, 0]
						},
						"0.125": {
							"vector": [8.61775, 34.05444, 15.14371]
						},
						"0.5": {
							"vector": [15.00046, 31.99975, 26.82396]
						}
					}
				},
				"left_arm": {
					"rotation": {
						"0.0": {
							"vector": [0, -15, 0]
						},
						"0.125": {
							"vector": [3.31914, -14.63639, -12.92638]
						},
						"0.5": {
							"vector": [4.60659, -14.2906, -18.07779]
						}
					}
				},
				"right_leg": {
					"rotation": {
						"0.0": {
							"vector": [0, 0, 5]
						},
						"0.125": {
							"vector": [0, 0, -2.5]
						},
						"0.5": {
							"vector": [12.5, -2.5, -2.5]
						}
					},
					"position": {
						"0.0": {
							"vector": [0, 0, -1]
						},
						"0.5": {
							"vector": [0, 0, -2]
						}
					}
				},
				"left_leg": {
					"rotation": {
						"0.0": {
							"vector": [-2.49762, -0.10901, -2.49762]
						},
						"0.125": {
							"vector": [-2.38443, -0.75155, -17.48436]
						},
						"0.5": {
							"vector": [-2.40914, -8.24501, -17.16997]
						}
					},
					"position": {
						"vector": [0, 0, -2]
					}
				}
			}
		}
	}
}