{
	"format_version": "1.8.0",
	"animations": {
		"downslam": {
			"animation_length": 0.5,
			"bones": {
				"body": {
					"rotation": {
						"0.0": {
							"vector": [-10, 52.5, 0]
						},
						"0.0833": {
							"vector": [73.81515, 59.65551, 67.86864]
						},
						"0.1667": {
							"vector": [71.93501, 32.20463, 61.56845]
						},
						"0.25": {
							"vector": [90.52947, -0.16933, -64.28474]
						},
						"0.3333": {
							"vector": [90.55588, -0.00228, -81.78396]
						},
						"0.4167": {
							"vector": [90.55396, 0.04617, -86.78373]
						},
						"0.5": {
							"vector": [90.55142, 0.07029, -89.28362]
						}
					},
					"position": {
						"0.0": {
							"vector": [0.68882, 4.92404, 0.52855]
						},
						"0.1667": {
							"vector": [1.63066, -3.04775, 1.84536]
						},
						"0.3333": {
							"vector": [1.48709, -4.03974, 1.84996]
						},
						"0.4167": {
							"vector": [2.22814, -3.38037, 1.8562]
						},
						"0.5": {
							"vector": [2.2325, -3.18002, 1.85975]
						}
					}
				},
				"head": {
					"rotation": {
						"0.0": {
							"vector": [30.55935, -54.30595, -12.92714]
						},
						"0.1667": {
							"vector": [43.12967, -54.30595, -12.92714]
						},
						"0.25": {
							"vector": [12.69407, 62.12163, 25.74828]
						}
					}
				},
				"right_arm": {
					"rotation": {
						"0.0": {
							"vector": [-125, 0, 0]
						},
						"0.1667": {
							"vector": [-126.59733, -46.60184, 47.77371]
						},
						"0.25": {
							"vector": [-72.27721, 66.22605, 14.30073]
						},
						"0.4167": {
							"vector": [-81.12767, 27.20959, 2.39111]
						}
					},
					"position": {
						"0.0": {
							"vector": [0, -6.14449, 1.80145]
						},
						"0.1667": {
							"vector": [-5.98051, -0.71952, -2.66464]
						},
						"0.25": {
							"vector": [-0.9899, -0.42129, -1.65516]
						}
					}
				},
				"left_arm": {
					"rotation": {
						"0.0": {
							"vector": [-62.61878, -49.1684, -21.39959]
						},
						"0.125": {
							"vector": [7.87648, -72.32786, -98.26132]
						},
						"0.3333": {
							"vector": [50.51436, -61.77771, -144.02155]
						}
					},
					"position": {
						"0.0": {
							"vector": [0, 0, 0]
						},
						"0.125": {
							"vector": [-0.17448, 1.20168, 3.81124]
						}
					}
				},
				"right_leg": {
					"rotation": {
						"0.0": {
							"vector": [26.06663, -9.08661, 17.89244]
						},
						"0.1667": {
							"vector": [21.741, -17.26588, 36.65996]
						},
						"0.3333": {
							"vector": [82.08509, 5.01609, 33.49659]
						}
					},
					"position": {
						"0.0": {
							"vector": [0, 0, 0]
						},
						"0.3333": {
							"vector": [-1.0869, -0.50027, -7.18111]
						}
					}
				},
				"left_leg": {
					"rotation": {
						"0.0": {
							"vector": [28.24547, 13.68768, -21.53995]
						},
						"0.125": {
							"vector": [-17.46578, -58.35597, -36.68199]
						},
						"0.2917": {
							"vector": [21.00792, 20.88721, -52.57976]
						},
						"0.4583": {
							"vector": [35.95152, 20.88721, -52.57976]
						}
					},
					"position": {
						"0.0": {
							"vector": [0, 1.22437, -5.52276]
						},
						"0.125": {
							"vector": [2.23732, -0.61511, -0.07695]
						},
						"0.4583": {
							"vector": [0.95646, -0.51631, -1.90806]
						}
					}
				}
			}
		}
	}
}