{
	"format_version": "1.8.0",
	"animations": {
		"dragonblaze": {
			"animation_length": 3.75,
			"bones": {
				"body": {
					"rotation": {
						"0.0": {
							"vector": [30, 0, 0]
						},
						"0.375": {
							"vector": [-272.5, 0, 0]
						},
						"0.5": {
							"vector": [-287.5, 0, 0]
						},
						"0.7083": {
							"vector": [-307.5, 0, 0]
						},
						"0.9167": {
							"vector": [-294.47761, -5.24826, -11.36081]
						},
						"1.2917": {
							"vector": [-284.60356, -5.24826, -11.36081]
						},
						"2.5": {
							"vector": [-274.3703, -5.44387, -13.86403]
						},
						"2.5417": {
							"vector": [-251.69564, -8.45564, 42.73823]
						},
						"3.75": {
							"vector": [-249.19564, -8.45564, 42.73823]
						}
					},
					"position": {
						"0.0": {
							"vector": [0, 0, 0]
						},
						"0.375": {
							"vector": [0, 8.9, 10]
						},
						"0.5833": {
							"vector": [0, 9.4, 12.3]
						},
						"0.9167": {
							"vector": [0, 5.7, 16.7]
						},
						"2.5": {
							"vector": [0, 2.5, 13.2]
						},
						"2.5417": {
							"vector": [0, 2.5, 0.1]
						}
					}
				},
				"head": {
					"rotation": {
						"0.0": {
							"vector": [35, 0, 0]
						},
						"0.1667": {
							"vector": [-70, 0, 0]
						},
						"0.5417": {
							"vector": [-35, 0, 0]
						},
						"0.7917": {
							"vector": [-12.5, 0, 0]
						},
						"1.125": {
							"vector": [20, 0, 0]
						},
						"1.5417": {
							"vector": [40, 0, 0]
						},
						"2.0": {
							"vector": [45, 0, 0]
						},
						"2.5": {
							"vector": [50, 0, 0]
						}
					}
				},
				"right_arm": {
					"rotation": {
						"0.0": {
							"vector": [-183.25353, 52.42899, -94.10228]
						},
						"0.5": {
							"vector": [-214.33839, 69.96326, -131.32485]
						},
						"1.0": {
							"vector": [-246.36201, 3.35453, -98.3215]
						},
						"2.5": {
							"vector": [-262.8142, -31.4248, -102.44292]
						},
						"2.5417": {
							"vector": [-41.35164, 7.9617, -11.40813]
						},
						"3.75": {
							"vector": [-38.85164, 7.9617, -11.40813]
						}
					},
					"position": {
						"0.0": {
							"vector": [-1, 0, 0]
						},
						"2.5417": {
							"vector": [1.3, 0, -3]
						}
					}
				},
				"left_arm": {
					"rotation": {
						"0.0": {
							"vector": [25, 0, 0]
						},
						"0.2083": {
							"vector": [-18.01813, -74.20678, -71.32319]
						},
						"0.5": {
							"vector": [-69.24643, -43.07952, -14.51082]
						},
						"1.0": {
							"vector": [-70.0273, 40.73565, 13.34199]
						},
						"1.4167": {
							"vector": [-49.26679, 66.40669, 38.30189]
						},
						"2.5": {
							"vector": [-28.11571, 72.77557, 60.80055]
						},
						"2.5417": {
							"vector": [-27.87658, 36.71203, 27.10525]
						},
						"3.75": {
							"vector": [-25.37658, 36.71203, 27.10525]
						}
					},
					"position": {
						"0.0": {
							"vector": [0, 0, 0]
						},
						"1.0": {
							"vector": [0, 0, -5.1]
						},
						"1.4167": {
							"vector": [-1.2, 0, -5.1]
						}
					}
				},
				"right_leg": {
					"rotation": {
						"0.0": {
							"vector": [-33.7424, 14.6914, -9.61518]
						},
						"0.0833": {
							"vector": [32.23663, -2.10549, 1.37349]
						},
						"0.2083": {
							"vector": [84.73663, -2.10549, 1.37349]
						},
						"0.7083": {
							"vector": [63.48064, -2.10549, 1.37349]
						},
						"1.0417": {
							"vector": [33.48064, -2.10549, 1.37349]
						},
						"2.5": {
							"vector": [38.48064, -2.10549, 1.37349]
						},
						"2.5417": {
							"vector": [60.98064, -2.10549, 1.37349]
						},
						"3.75": {
							"vector": [63.48064, -2.10549, 1.37349]
						}
					},
					"position": {
						"0.0": {
							"vector": [-1.9, 2.8, -5]
						},
						"0.0833": {
							"vector": [-1.9, -2.2, 0]
						},
						"0.7083": {
							"vector": [-1.9, -2.2, -4]
						},
						"1.0417": {
							"vector": [-1.9, 2.1, -4]
						},
						"2.5": {
							"vector": [-1.9, 2.1, -6.2]
						},
						"2.5417": {
							"vector": [-1.2, -1.2, -0.3]
						}
					}
				},
				"left_leg": {
					"rotation": {
						"0.0": {
							"vector": [-30.40773, -24.1782, 13.51584]
						},
						"0.0833": {
							"vector": [27.5, 0, 0]
						},
						"0.2917": {
							"vector": [45, 0, 0]
						},
						"0.8333": {
							"vector": [32.5, 0, 0]
						},
						"2.5": {
							"vector": [37.5, 0, 0]
						},
						"2.5417": {
							"vector": [-110, 0, 0]
						},
						"3.75": {
							"vector": [-112.5, 0, 0]
						}
					},
					"position": {
						"0.0": {
							"vector": [1.3, 2.7, -4.9]
						},
						"0.0833": {
							"vector": [1.3, -2.3, 0.1]
						},
						"0.8333": {
							"vector": [1.3, -2.3, -2]
						},
						"2.5": {
							"vector": [1.3, -0.1, -3.1]
						}
					}
				}
			}
		}
	}
}