{
	"format_version": "1.8.0",
	"animations": {
		"fallwall": {
			"animation_length": 1.0417,
			"bones": {
				"body": {
					"rotation": {
						"0.0": {
							"vector": [0, 0, 0]
						},
						"0.0833": {
							"vector": [-5, 0, 0]
						},
						"0.5": {
							"vector": [0, 0, 0],
							"easing": "easeOutQuad"
						},
						"1.0": {
							"vector": [12.5, 0, 0],
							"easing": "easeInQuad"
						}
					},
					"position": {
						"0.0": {
							"vector": [0, 1, 6]
						},
						"0.0833": {
							"vector": [0, 1, 3]
						},
						"0.5": {
							"vector": [0, 1, 1],
							"easing": "easeOutQuad"
						},
						"1.0": {
							"vector": [0, -1, 0],
							"easing": "easeInQuad"
						}
					}
				},
				"head": {
					"rotation": {
						"0.0": {
							"vector": [25, 0, 0]
						},
						"0.0833": {
							"vector": [-12.5, 0, 0]
						},
						"0.5": {
							"vector": [-2.5, 0, 0],
							"easing": "easeOutQuad"
						},
						"1.0": {
							"vector": [35, 0, 0],
							"easing": "easeInQuad"
						}
					}
				},
				"right_arm": {
					"rotation": {
						"0.0": {
							"vector": [-93.69768, 47.44052, -2.72535]
						},
						"0.0833": {
							"vector": [-263.49118, 67.36871, -173.98854]
						},
						"0.5": {
							"vector": [-248.49118, 67.36871, -173.98854],
							"easing": "easeOutQuad"
						},
						"1.0": {
							"vector": [-355.15651, 29.66876, -341.42355],
							"easing": "easeInQuad"
						}
					}
				},
				"left_arm": {
					"rotation": {
						"0.0": {
							"vector": [-86.46671, -44.94549, -2.49762]
						},
						"0.0833": {
							"vector": [80.42476, -74.79781, -170.75394]
						},
						"0.5": {
							"vector": [97.92476, -74.79781, -170.75394],
							"easing": "easeOutQuad"
						},
						"1.0": {
							"vector": [7.14162, -28.69251, -18.00877],
							"easing": "easeInQuad"
						}
					}
				},
				"right_leg": {
					"rotation": {
						"0.0": {
							"vector": [-35.80854, 16.27014, 11.79198]
						},
						"0.0833": {
							"vector": [19.19146, 16.27014, 11.79198]
						},
						"0.5": {
							"vector": [24.19146, 16.27014, 11.79198],
							"easing": "easeOutQuad"
						},
						"1.0": {
							"vector": [-0.80854, 16.27014, 11.79198],
							"easing": "easeInQuad"
						}
					}
				},
				"left_leg": {
					"rotation": {
						"0.0": {
							"vector": [-27.75318, -17.04679, -14.9092]
						},
						"0.0833": {
							"vector": [24.74682, -17.04679, -14.9092]
						},
						"0.5": {
							"vector": [19.74682, -17.04679, -14.9092],
							"easing": "easeOutQuad"
						},
						"1.0": {
							"vector": [-20.25318, -17.04679, -14.9092],
							"easing": "easeInQuad"
						}
					}
				}
			}
		}
	}
}