{
	"format_version": "1.8.0",
	"animations": {
		"fatpunch": {
			"animation_length": 0.25,
			"bones": {
				"body": {
					"rotation": {
						"0.0": {
							"vector": [12.5, -22.5, 0]
						},
						"0.0833": {
							"vector": [33.19787, 28.85704, 11.30655]
						},
						"0.25": {
							"vector": [43.12446, 39.03608, 20.08237]
						}
					},
					"position": {
						"0.0": {
							"vector": [0, -3, 3]
						},
						"0.0833": {
							"vector": [0, -3, -3]
						},
						"0.25": {
							"vector": [0, -3, -2]
						}
					}
				},
				"right_arm": {
					"rotation": {
						"0.0": {
							"vector": [-100, 0, 0]
						},
						"0.2083": {
							"vector": [-108.16842, 56.1582, -15.24689]
						}
					}
				},
				"left_arm": {
					"rotation": {
						"0.0": {
							"vector": [-112.30998, -25.71543, 10.09541]
						},
						"0.0833": {
							"vector": [-119.37947, -20.37902, 9.62966]
						},
						"0.25": {
							"vector": [-107.33535, 36.38077, -23.89308]
						}
					},
					"position": {
						"0.0": {
							"vector": [0, -2, 9]
						},
						"0.0833": {
							"vector": [2, 0, -3]
						},
						"0.25": {
							"vector": [1, 0, -3]
						}
					}
				},
				"right_leg": {
					"rotation": {
						"0.0833": {
							"vector": [25.25766, -11.2531, 22.47096]
						},
						"0.25": {
							"vector": [40.25766, -11.2531, 22.47096]
						}
					},
					"position": {
						"0.0833": {
							"vector": [0, -2, 2]
						},
						"0.25": {
							"vector": [-1, -2, 1]
						}
					}
				},
				"left_leg": {
					"rotation": {
						"0.0": {
							"vector": [-25, 0, 0]
						},
						"0.0833": {
							"vector": [2.5, 0, 0]
						},
						"0.25": {
							"vector": [-2.5, 0, 0]
						}
					},
					"position": {
						"0.0": {
							"vector": [0, 3, -5]
						},
						"0.0833": {
							"vector": [2, 2, -3]
						},
						"0.25": {
							"vector": [2, 3, -3]
						}
					}
				}
			}
		}
	}
}