{
	"format_version": "1.8.0",
	"animations": {
		"fiercetigernormal": {
			"animation_length": 0.9583,
			"bones": {
				"body": {
					"rotation": {
						"0.0": {
							"vector": [0, 2.5, 0]
						},
						"0.1667": {
							"vector": [0, -65, 0]
						},
						"0.25": {
							"vector": [0, -72.5, 0]
						},
						"0.4167": {
							"vector": [0, -75, 0]
						},
						"0.5": {
							"vector": [0, -72.5, 0]
						},
						"0.5833": {
							"vector": [7.87648, -72.32786, -8.26132]
						},
						"0.6667": {
							"vector": [-7.87648, -72.32786, 8.26132]
						},
						"0.9583": {
							"vector": [0, -72.5, 0]
						}
					},
					"position": {
						"0.0": {
							"vector": [0, 0, 0]
						},
						"0.5": {
							"vector": [0, 0, 0.47]
						},
						"0.5833": {
							"vector": [0, 0, 1.6]
						},
						"0.6667": {
							"vector": [0, 0, 0.9]
						},
						"0.9583": {
							"vector": [0, 0, -0.1]
						}
					}
				},
				"head": {
					"rotation": {
						"0.0": {
							"vector": [15, 0, 0]
						},
						"0.1667": {
							"vector": [14.59398, 58.61374, 7.18565]
						},
						"0.5833": {
							"vector": [19.59398, 58.61374, 7.18565]
						},
						"0.9167": {
							"vector": [17.09398, 58.61374, 7.18565]
						}
					}
				},
				"right_arm": {
					"rotation": {
						"0.0": {
							"vector": [0, 0, 0]
						},
						"0.1667": {
							"vector": [-55, 62.5, 0]
						},
						"0.4167": {
							"vector": [-88.16892, 62.5, 0]
						},
						"0.5": {
							"vector": [-87.79072, 67.49692, 0.41691]
						},
						"0.5833": {
							"vector": [-100.29072, 67.49692, 0.41691]
						},
						"0.7083": {
							"vector": [-112.79072, 67.49692, 0.41691]
						},
						"0.9583": {
							"vector": [-95.29072, 67.49692, 0.41691]
						}
					},
					"position": {
						"0.0": {
							"vector": [0, 0, 0]
						},
						"0.5": {
							"vector": [-0.7, 0, 0]
						},
						"0.5833": {
							"vector": [2.3, 0, 4.5]
						},
						"0.7083": {
							"vector": [-1, 0, 4.5]
						},
						"0.9583": {
							"vector": [-0.7, 0, 0]
						}
					}
				},
				"left_arm": {
					"rotation": {
						"0.0": {
							"vector": [0, 0, 0]
						},
						"0.1667": {
							"vector": [0, 10, 0]
						},
						"0.3333": {
							"vector": [0, -50, 0]
						},
						"0.5833": {
							"vector": [-4.83667, -52.184, 0]
						}
					}
				}
			}
		}
	}
}