{
	"format_version": "1.8.0",
	"animations": {
		"fiercetigersword": {
			"animation_length": 1.0417,
			"bones": {
				"body": {
					"rotation": {
						"0.0": {
							"vector": [-2.5, 0, 0]
						},
						"0.5": {
							"vector": [0, 0, 0]
						},
						"0.5417": {
							"vector": [30, 0, 0]
						},
						"0.5833": {
							"vector": [30.24322, 6.92254, 4.01959]
						},
						"0.75": {
							"vector": [30.64831, 11.23382, 6.58474]
						},
						"1.0417": {
							"vector": [30.75371, 12.09367, 7.10606]
						}
					},
					"position": {
						"0.0": {
							"vector": [0, 0, 0]
						},
						"0.5": {
							"vector": [0, 0, 0]
						},
						"0.5417": {
							"vector": [0, -8, 2.8]
						},
						"0.5833": {
							"vector": [0, -8, 4]
						},
						"0.75": {
							"vector": [0, -6.9, 4.5]
						},
						"1.0417": {
							"vector": [0, -6.6, 4.5]
						}
					}
				},
				"head": {
					"rotation": {
						"0.0": {
							"vector": [25, 0, 0]
						},
						"0.5": {
							"vector": [15, 0, 0]
						},
						"0.5833": {
							"vector": [15.69284, -16.88547, -4.6653]
						}
					}
				},
				"right_arm": {
					"rotation": {
						"0.0": {
							"vector": [-97.5, 0, 90]
						},
						"0.5": {
							"vector": [-82.5, 0, 90]
						},
						"0.5833": {
							"vector": [42.5, 0, 90]
						},
						"1.0": {
							"vector": [48.1699, 36.46361, 88.3595]
						}
					},
					"position": {
						"0.0": {
							"vector": [0, 0, -3]
						},
						"0.5": {
							"vector": [0, 0, -3.2]
						},
						"0.5833": {
							"vector": [0, 0, 0.8]
						}
					}
				},
				"left_arm": {
					"rotation": {
						"0.0": {
							"vector": [-97.5, 0, -92.5]
						},
						"0.5": {
							"vector": [-82.5, 0, -92.5]
						},
						"0.5833": {
							"vector": [30, 0, -92.5]
						},
						"1.0": {
							"vector": [38.86766, -41.51945, -97.81769]
						}
					},
					"position": {
						"0.0": {
							"vector": [0, 0, -3]
						},
						"0.5": {
							"vector": [0, 0, -3.2]
						},
						"0.5833": {
							"vector": [2, 0, 1.8]
						}
					}
				},
				"right_leg": {
					"rotation": {
						"0.0": {
							"vector": [0, 0, 0]
						},
						"0.5": {
							"vector": [-2.5, 0, 0]
						},
						"0.5833": {
							"vector": [-40, 0, 0]
						},
						"1.0": {
							"vector": [-30, 0, 0]
						}
					},
					"position": {
						"0.0": {
							"vector": [0, 0, 0]
						},
						"0.5": {
							"vector": [0, 0, 0]
						},
						"0.5833": {
							"vector": [0, 9.1, -5]
						}
					}
				},
				"left_leg": {
					"rotation": {
						"0.0": {
							"vector": [0, 0, 0]
						},
						"0.5": {
							"vector": [2.5, 0, 0]
						},
						"0.5833": {
							"vector": [45, 0, 0]
						},
						"1.0": {
							"vector": [30, 0, 0]
						}
					}
				}
			}
		}
	}
}