{
	"format_version": "1.8.0",
	"animations": {
		"fiveseasons": {
			"animation_length": 8.5,
			"bones": {
				"body": {
					"rotation": {
						"0.0": {
							"vector": [80, 0, 0]
						},
						"2.0": {
							"vector": [87.53793, -0.43399, -9.99067]
						},
						"2.25": {
							"vector": [73.08439, -1.60667, -39.97314]
						},
						"2.4167": {
							"vector": [73.28485, -3.06396, -44.79821]
						},
						"2.5833": {
							"vector": [73.39806, -3.63359, -46.7063]
						},
						"3.0833": {
							"vector": [73.06285, -1.208, -38.66705]
						},
						"4.25": {
							"vector": [73.16667, -2.33246, -42.36689]
						},
						"4.5": {
							"vector": [45.27921, -13.30498, -40.84027]
						},
						"4.75": {
							"vector": [-13.16866, -44.48743, -5.56216]
						},
						"4.9583": {
							"vector": [-11.82578, -37.49028, -7.60931]
						},
						"5.125": {
							"vector": [-11.45564, -35.04167, -8.23489]
						},
						"5.5": {
							"vector": [-6.45564, -35.04167, -8.23489]
						},
						"5.625": {
							"vector": [-11.45564, -35.04167, -8.23489]
						}
					},
					"position": {
						"0.0": {
							"vector": [0, -22, 0]
						},
						"2.0": {
							"vector": [0, -15, 0]
						},
						"2.0833": {
							"vector": [0, -12, 3]
						},
						"2.25": {
							"vector": [0, -3, 9]
						},
						"2.4583": {
							"vector": [0, -1.8, 9]
						},
						"4.25": {
							"vector": [0, -3, 9]
						},
						"5.5": {
							"vector": [0, -3, 9]
						},
						"5.5417": {
							"vector": [13, -3, 9]
						},
						"5.5833": {
							"vector": [-100, -3, 9]
						},
						"5.625": {
							"vector": [222, -3, 9]
						},
						"5.6667": {
							"vector": [0, 6462, 9]
						},
						"8.5": {
							"vector": [0, 6462, 9]
						}
					}
				},
				"head": {
					"rotation": {
						"0.0": {
							"vector": [35, 0, 0]
						},
						"2.0": {
							"vector": [35.6484, 10.21235, 7.24677]
						},
						"4.25": {
							"vector": [41.43138, 29.91193, 23.75529]
						},
						"4.5833": {
							"vector": [41.02987, 11.12311, 27.74549]
						},
						"4.75": {
							"vector": [52.2162, 34.36792, 18.34125]
						},
						"5.125": {
							"vector": [53.21396, 32.37864, 20.15467]
						},
						"5.5": {
							"vector": [45.71396, 32.37864, 20.15467]
						}
					}
				},
				"right_arm": {
					"rotation": {
						"0.0": {
							"vector": [-79.65473, -14.76689, -2.66399]
						},
						"2.0": {
							"vector": [-79.52521, -17.22575, -3.13388]
						},
						"2.25": {
							"vector": [-70.5746, 58.52505, 16.73958]
						},
						"4.25": {
							"vector": [-74.66019, 48.97354, 11.69208]
						},
						"4.5833": {
							"vector": [-70.37608, 48.05779, 9.60011]
						},
						"4.75": {
							"vector": [-124.50397, 47.59937, 8.55288]
						},
						"4.875": {
							"vector": [-134.50397, 47.59937, 8.55288]
						},
						"5.0833": {
							"vector": [-127.29296, 47.59937, 8.55288]
						},
						"5.5": {
							"vector": [-134.79296, 47.59937, 8.55288]
						}
					},
					"position": {
						"0.0": {
							"vector": [0, 0, 0]
						},
						"2.25": {
							"vector": [-1, 0, -3]
						},
						"4.75": {
							"vector": [-1, -6, 0]
						}
					}
				},
				"left_arm": {
					"rotation": {
						"0.0": {
							"vector": [-74.77926, 9.65594, 2.61298]
						},
						"2.0": {
							"vector": [-74.30716, 16.88547, 4.6653]
						},
						"2.25": {
							"vector": [70.0273, -40.73565, -166.65801]
						},
						"2.4167": {
							"vector": [71.6876, -34.47337, -169.38568]
						},
						"2.7083": {
							"vector": [69.31157, -42.48483, -165.65718]
						},
						"3.0833": {
							"vector": [70.04344, -40.53046, -166.7111]
						},
						"4.25": {
							"vector": [69.24643, -43.07952, -165.48918]
						},
						"4.4167": {
							"vector": [-31.18281, -37.37865, -101.62172]
						},
						"4.75": {
							"vector": [-136.10346, -27.72102, 6.57394]
						},
						"4.9583": {
							"vector": [-141.99016, -35.94342, 17.68112]
						},
						"5.125": {
							"vector": [-140.61547, -34.38015, 15.2945]
						},
						"5.5": {
							"vector": [-137.09314, -29.439, 8.64231]
						}
					},
					"position": {
						"0.0": {
							"vector": [0, 0, 0]
						},
						"2.0": {
							"vector": [0, 0, -3]
						},
						"2.25": {
							"vector": [1, 0, 3]
						},
						"4.25": {
							"vector": [1, 0, 3]
						},
						"4.75": {
							"vector": [-1, -8, 3]
						},
						"4.9583": {
							"vector": [-1, -9, 3]
						},
						"5.125": {
							"vector": [-1, -8, 3]
						}
					}
				},
				"right_leg": {
					"rotation": {
						"0.0": {
							"vector": [-100, 0, 0]
						},
						"2.0": {
							"vector": [-85, 0, 0]
						},
						"2.25": {
							"vector": [-67.09039, 22.40972, 2.06754]
						},
						"2.4167": {
							"vector": [-59.21505, 30.84775, 7.29378]
						},
						"2.625": {
							"vector": [-54.99303, 30.94107, 7.71455]
						},
						"3.0": {
							"vector": [-46.13494, 25.72671, 4.2631]
						},
						"4.25": {
							"vector": [-44.59039, 22.40972, 2.06754]
						},
						"4.75": {
							"vector": [24.91105, 14.08811, 24.11854]
						},
						"5.5": {
							"vector": [29.91105, 14.08811, 24.11854]
						}
					},
					"position": {
						"0.0": {
							"vector": [0, 0, 0]
						},
						"2.0": {
							"vector": [0, 0, -1]
						},
						"4.75": {
							"vector": [-1, 0, -1]
						}
					}
				},
				"left_leg": {
					"rotation": {
						"0.0": {
							"vector": [-30, 0, 0]
						},
						"2.0": {
							"vector": [-57.5, 0, 0]
						},
						"2.25": {
							"vector": [-37.5, 0, 0]
						},
						"4.25": {
							"vector": [-65, 0, 0]
						},
						"4.75": {
							"vector": [5, 0, 0]
						},
						"5.5": {
							"vector": [7.5, 0, 0]
						}
					},
					"position": {
						"0.0": {
							"vector": [0, 5, -4]
						},
						"2.0": {
							"vector": [0, 3, -3]
						},
						"2.25": {
							"vector": [0, 6, -3]
						},
						"4.75": {
							"vector": [0, 2, -4]
						}
					}
				}
			}
		}
	}
}