{
	"format_version": "1.8.0",
	"animations": {
		"flamebooststart": {
			"animation_length": 0.6667,
			"bones": {
				"body": {
					"rotation": {
						"vector": [62.5, 0, 0]
					},
					"position": {
						"0.0": {
							"vector": [0, -2, 0]
						},
						"0.2917": {
							"vector": [0, -4, 2]
						},
						"0.4583": {
							"vector": [0, -6, -1]
						},
						"0.5833": {
							"vector": [0, 2, -10]
						}
					}
				},
				"head": {
					"rotation": {
						"0.0": {
							"vector": [-55, 0, 0]
						},
						"0.2917": {
							"vector": [-40, 0, 0]
						},
						"0.5417": {
							"vector": [7.5, 0, 0]
						},
						"0.6667": {
							"vector": [-35, 0, 0]
						}
					}
				},
				"right_arm": {
					"rotation": {
						"0.0": {
							"vector": [-122.5, 0, 25]
						},
						"0.375": {
							"vector": [-121.01079, 11.58802, 31.16435]
						},
						"0.5417": {
							"vector": [-235.41141, 18.82943, -142.45293]
						}
					},
					"position": {
						"0.0": {
							"vector": [0, 4, -2]
						},
						"0.2917": {
							"vector": [-2.29, -1.05, -1.9]
						},
						"0.375": {
							"vector": [-3, 0, 6]
						},
						"0.5417": {
							"vector": [-3, 0, 1]
						}
					}
				},
				"left_arm": {
					"rotation": {
						"0.0": {
							"vector": [-124.2633, 15.18892, -13.16783]
						},
						"0.2917": {
							"vector": [-118.67326, 12.70645, -14.41583]
						},
						"0.5417": {
							"vector": [-230.53267, -31.26475, 153.81339]
						}
					},
					"position": {
						"0.0": {
							"vector": [1, 2, -2]
						},
						"0.2917": {
							"vector": [2.56, 0.44, -2.56]
						},
						"0.375": {
							"vector": [3, 0, 5]
						},
						"0.5417": {
							"vector": [3, 0, 0]
						}
					}
				},
				"right_leg": {
					"rotation": {
						"0.0": {
							"vector": [5, 0, 0]
						},
						"0.5": {
							"vector": [5, 0, 0]
						},
						"0.5833": {
							"vector": [10, 0, 0]
						}
					},
					"position": {
						"0.0": {
							"vector": [0, 1, -4]
						},
						"0.5": {
							"vector": [0, -3, -2]
						},
						"0.5833": {
							"vector": [0, 5, -5]
						}
					}
				},
				"left_leg": {
					"rotation": {
						"0.0": {
							"vector": [-53.6468, -9.7687, -4.43122]
						},
						"0.2917": {
							"vector": [-31.1468, -9.7687, -4.43122]
						},
						"0.4583": {
							"vector": [-21.1468, -9.7687, -4.43122]
						},
						"0.5833": {
							"vector": [23.8532, -9.7687, -4.43122]
						}
					},
					"position": {
						"0.0": {
							"vector": [0, 7, -3]
						},
						"0.2917": {
							"vector": [0, 12, -5]
						},
						"0.4583": {
							"vector": [0, 12, -2]
						},
						"0.5833": {
							"vector": [1, -1, -2]
						}
					}
				}
			}
		},
		"merafly": {
			"animation_length": 1.25,
			"bones": {
				"body": {
					"position": {
						"vector": [0, -2052, 0]
					}
				}
			}
		}
	},
	"geckolib_format_version": 2
}