{
	"format_version": "1.8.0",
	"animations": {
		"enteistart": {
			"animation_length": 1.0833,
			"bones": {
				"body": {
					"rotation": {
						"0.0": {
							"vector": [34.19815, 34.76135, 21.17901]
						},
						"0.25": {
							"vector": [47.50409, 51.01122, 40.33411]
						},
						"0.375": {
							"vector": [27.35998, 2.32777, -1.5692]
						},
						"0.5": {
							"vector": [31.76307, -70.11195, -4.61339]
						},
						"0.5417": {
							"vector": [-111.32724, -75.86905, 133.59338]
						},
						"0.5833": {
							"vector": [-147.60258, -41.82566, 166.27376]
						},
						"0.625": {
							"vector": [-166.82946, 43.957, 165.78106]
						},
						"0.6667": {
							"vector": [-322.60497, 53.87557, 17.45309]
						},
						"0.75": {
							"vector": [-383.10716, -38.30441, 22.3175]
						},
						"0.8333": {
							"vector": [-394.58575, -39.49654, 29.86864]
						},
						"0.9583": {
							"vector": [-369.89058, -18.39633, 9.49638],
							"easing": "linear"
						},
						"1.0417": {
							"vector": [-369.89058, -18.39633, 9.49638],
							"easing": "step",
							"easingArgs": [2]
						}
					},
					"position": {
						"0.0": {
							"vector": [0, 0, 0]
						},
						"0.25": {
							"vector": [1, -2, -3]
						},
						"0.375": {
							"vector": [0, -2, -3]
						}
					}
				},
				"right_arm": {
					"rotation": {
						"0.0": {
							"vector": [-68.54536, -21.86859, 1.07145]
						},
						"0.2083": {
							"vector": [-56.70262, 51.80695, 36.70262]
						},
						"0.4167": {
							"vector": [-200.42662, 55.00478, -111.25076]
						},
						"0.875": {
							"vector": [-129.26311, -31.87489, 26.54421]
						},
						"1.0833": {
							"vector": [-126.01946, -23.94572, 19.63775]
						}
					},
					"position": {
						"0.0": {
							"vector": [-3, 0, 0]
						},
						"0.2083": {
							"vector": [-3, 0, 2]
						},
						"0.4167": {
							"vector": [-3, 0, 0]
						},
						"0.7083": {
							"vector": [-3, 0, 1]
						},
						"0.875": {
							"vector": [-3, 0, -6]
						},
						"1.0833": {
							"vector": [-3, -5, -2]
						}
					}
				},
				"left_arm": {
					"rotation": {
						"0.0": {
							"vector": [-37.5, 0, -77.5]
						},
						"0.2083": {
							"vector": [-52.94763, 0, -77.5]
						},
						"0.4167": {
							"vector": [7.46158, 0, -77.5]
						},
						"1.0833": {
							"vector": [37.46158, 0, -77.5]
						}
					},
					"position": {
						"0.0": {
							"vector": [0, 2, 0]
						},
						"0.2083": {
							"vector": [2, -1, -3]
						},
						"0.4167": {
							"vector": [2, 2, 2]
						},
						"0.7083": {
							"vector": [2, 2, 5]
						},
						"1.0833": {
							"vector": [2, -2, 3]
						}
					}
				},
				"right_leg": {
					"rotation": {
						"0.0": {
							"vector": [-5.73858, -0.24136, -4.81285]
						},
						"0.25": {
							"vector": [3.91467, 6.01436, 4.65052]
						},
						"0.75": {
							"vector": [31.39331, 4.6815, -18.60245]
						},
						"1.0833": {
							"vector": [34.85258, 3.852, -8.99408]
						}
					},
					"position": {
						"0.0": {
							"vector": [-0.58765, 1.38525, -3.96683]
						},
						"0.25": {
							"vector": [-2.14454, 0.4622, -3.11995]
						},
						"0.75": {
							"vector": [-1.22217, -0.17528, -2.25167]
						},
						"1.0833": {
							"vector": [-0.28411, -0.07093, -2.58498]
						}
					}
				},
				"left_leg": {
					"rotation": {
						"0.0": {
							"vector": [-19.24998, -38.97385, -1.59299]
						},
						"0.25": {
							"vector": [10.27167, -41.31344, -10.18245]
						},
						"0.375": {
							"vector": [-9.30106, 11.61457, 12.0056]
						},
						"0.75": {
							"vector": [13.09145, 33.55795, -7.34986]
						},
						"1.0833": {
							"vector": [11.79789, 7.98331, 7.85718]
						}
					},
					"position": {
						"0.0": {
							"vector": [3.42096, 2.77049, -4.07694]
						},
						"0.375": {
							"vector": [1.4224, 2.85596, -4.12695]
						},
						"1.0833": {
							"vector": [3.60489, 1.11698, -4.56371]
						}
					}
				}
			}
		},
		"enteicharge": {
			"animation_length": 4,
			"bones": {
				"body": {
					"rotation": {
						"0.0": {
							"vector": [12.5, -17.5, 0]
						},
						"1.5": {
							"vector": [7.5, -17.5, 0]
						},
						"2.2917": {
							"vector": [0, -17.5, 0]
						},
						"2.75": {
							"vector": [2.5, -17.5, 0]
						},
						"4.0": {
							"vector": [2.42108, -10.00689, 0.33125]
						}
					}
				},
				"head": {
					"rotation": {
						"0.0": {
							"vector": [25, 0, 0]
						},
						"1.5": {
							"vector": [40, 0, 0]
						},
						"1.6667": {
							"vector": [47.5, 0, 0]
						},
						"2.0": {
							"vector": [25, 0, 0]
						},
						"2.375": {
							"vector": [7.5, 0, 0]
						},
						"2.625": {
							"vector": [10, 0, 0]
						},
						"3.0": {
							"vector": [20.99182, 12.42435, 7.2215]
						},
						"4.0": {
							"vector": [15.99182, 12.42435, 7.2215]
						}
					}
				},
				"right_arm": {
					"rotation": {
						"0.0": {
							"vector": [-175.11794, 1.08089, -12.45392]
						},
						"1.5": {
							"vector": [-175.01893, 0.43523, -4.98107]
						},
						"3.0417": {
							"vector": [-177.51893, 0.43523, -4.98107]
						},
						"3.2917": {
							"vector": [-190.11063, 0.43523, -4.98107]
						},
						"3.625": {
							"vector": [-77.61063, 0.43523, -4.98107]
						},
						"4.0": {
							"vector": [-77.49466, 7.75943, -3.36146]
						}
					},
					"position": {
						"0.0": {
							"vector": [-1, 3, 0]
						},
						"1.5": {
							"vector": [-1, 4, 0]
						},
						"3.0417": {
							"vector": [-1, 4, 0]
						},
						"3.2917": {
							"vector": [-1, 2, -2]
						},
						"3.625": {
							"vector": [-1, -3, -4]
						},
						"4.0": {
							"vector": [-1, -3, -1]
						}
					}
				},
				"left_arm": {
					"rotation": {
						"0.0": {
							"vector": [0, 0, 10]
						},
						"1.5": {
							"vector": [0, 0, 15]
						}
					},
					"position": {
						"0.0": {
							"vector": [2, 0, 0]
						},
						"1.5": {
							"vector": [2, -1, 0]
						}
					}
				},
				"right_leg": {
					"rotation": {
						"0.0": {
							"vector": [-7.49294, 0.32621, 2.47864]
						},
						"1.5": {
							"vector": [-2.49294, 0.32621, 2.47864]
						},
						"3.0": {
							"vector": [0.02364, 0.43461, 4.97634]
						}
					},
					"position": {
						"vector": [-1, 0, -1]
					}
				},
				"left_leg": {
					"rotation": {
						"0.0": {
							"vector": [-7.47178, -0.65182, -4.95744]
						},
						"1.5": {
							"vector": [-2.47178, -0.65182, -4.95744]
						},
						"3.0": {
							"vector": [2.52822, -0.65182, -4.95744]
						}
					},
					"position": {
						"vector": [1, 0, -2]
					}
				}
			}
		},
		"flamepillar": {
			"animation_length": 1.6667,
			"bones": {
				"body": {
					"rotation": {
						"0.0": {
							"vector": [25, 0, 0]
						},
						"0.125": {
							"vector": [-22.5, 0, 0]
						},
						"0.875": {
							"vector": [-7.5, 0, 0]
						},
						"1.0": {
							"vector": [65, 0, 0]
						}
					},
					"position": {
						"0.0": {
							"vector": [0, -8, -1]
						},
						"0.125": {
							"vector": [0, 4, -1]
						}
					}
				},
				"head": {
					"rotation": {
						"0.0": {
							"vector": [40, 0, 0]
						},
						"0.125": {
							"vector": [55, 0, 0]
						},
						"0.3333": {
							"vector": [-22.5, 0, 0]
						},
						"0.6667": {
							"vector": [-5, 0, 0]
						},
						"1.0": {
							"vector": [25, 0, 0]
						},
						"1.4167": {
							"vector": [15, 0, 0]
						}
					}
				},
				"right_arm": {
					"rotation": {
						"0.0": {
							"vector": [-32.5, 0, 0]
						},
						"0.2083": {
							"vector": [22.5, 0, 0]
						},
						"0.875": {
							"vector": [41.46491, -22.47741, 92.70569]
						},
						"1.0": {
							"vector": [-93.53509, -22.47741, 92.70569]
						}
					},
					"position": {
						"0.0": {
							"vector": [0, -1, 0]
						},
						"0.2083": {
							"vector": [0, -5, 3]
						},