{
	"format_version": "1.8.0",
	"animations": {
		"flanchet": {
			"animation_length": 0.9167,
			"bones": {
				"body": {
					"rotation": {
						"0.0": {
							"vector": [0, 0, 0]
						},
						"0.1667": {
							"vector": [52.29244, 3.92161, 3.23779]
						},
						"0.25": {
							"vector": [52.29244, 3.92161, 3.23779]
						},
						"0.3333": {
							"vector": [47.28249, -55.93705, 5.77386]
						},
						"0.375": {
							"vector": [-110.09464, -19.46044, 127.22588]
						},
						"0.4167": {
							"vector": [-122.90417, 0.75983, -199.51645]
						},
						"0.6667": {
							"vector": [-122.90417, 0.75983, -177.01645]
						}
					},
					"position": {
						"0.0": {
							"vector": [0, 0, 0]
						},
						"0.1667": {
							"vector": [0, -4, 0]
						},
						"0.25": {
							"vector": [0, -5, 0]
						},
						"0.3333": {
							"vector": [0, -2, 0]
						},
						"0.375": {
							"vector": [0, -2.5, -1]
						},
						"0.4167": {
							"vector": [0, 1, -6]
						}
					}
				},
				"head": {
					"rotation": {
						"0.0": {
							"vector": [0, 0, 0]
						},
						"0.1667": {
							"vector": [10, 7.5, 0]
						},
						"0.3333": {
							"vector": [27.57366, 14.15297, 10.99772]
						},
						"0.4167": {
							"vector": [60.90176, -17.85117, -27.85089]
						}
					},
					"position": {
						"0.1667": {
							"vector": [0, 0, 0]
						},
						"0.3333": {
							"vector": [0, 0, 0]
						}
					}
				},
				"right_arm": {
					"rotation": {
						"0.0": {
							"vector": [0, 0, 0]
						},
						"0.1667": {
							"vector": [-21.18239, -20.2361, -3.45321]
						},
						"0.3333": {
							"vector": [-13.27463, -19.50645, -5.49568]
						},
						"0.4167": {
							"vector": [68.33566, 10.11913, 40.49413]
						}
					},
					"position": {
						"0.0": {
							"vector": [0, 0, 0]
						},
						"0.1667": {
							"vector": [-1.35824, 0.89574, 4.28402]
						},
						"0.3333": {
							"vector": [-1.1892, -0.94539, 1.92147]
						},
						"0.4167": {
							"vector": [-2.19214, -2.47491, -0.46125]
						},
						"0.6667": {
							"vector": [-2.07265, -2.22335, 1.75932]
						}
					}
				},
				"left_arm": {
					"rotation": {
						"0.0": {
							"vector": [0, 0, 0]
						},
						"0.1667": {
							"vector": [-26.13532, 21.86722, 5.15006]
						},
						"0.3333": {
							"vector": [-15.50646, 20.75339, 9.88927]
						},
						"0.4167": {
							"vector": [-115.7543, 3.5905, -48.32933]
						},
						"0.6667": {
							"vector": [-120.80203, 23.18156, -39.97267]
						}
					},
					"position": {
						"0.0": {
							"vector": [0, 0, 0]
						},
						"0.1667": {
							"vector": [1.68631, 0.2236, 3.75585]
						},
						"0.3333": {
							"vector": [0.80294, -0.98435, 2.09436]
						},
						"0.4167": {
							"vector": [2.19214, -2.47491, -0.46125]
						},
						"0.6667": {
							"vector": [2.12469, -2.17357, -1.84126]
						}
					}
				},
				"right_leg": {
					"rotation": {
						"0.0": {
							"vector": [0, 0, 0]
						},
						"0.0417": {
							"vector": [25, 0, 0]
						},
						"0.1667": {
							"vector": [-52.5, 0, 0]
						},
						"0.3333": {
							"vector": [-52.5, 0, 0]
						},
						"0.375": {
							"vector": [-56.08364, -15.20008, -15.16162]
						},
						"0.4167": {
							"vector": [22.8994, 15.02976, -4.86585]
						},
						"0.6667": {
							"vector": [32.18035, 26.23038, 8.95675]
						}
					},
					"position": {
						"0.0": {
							"vector": [0, 0, 0]
						},
						"0.0417": {
							"vector": [0.15805, 5.04089, -5.6139]
						},
						"0.1667": {
							"vector": [0.12937, 6.85955, -0.58201]
						},
						"0.3333": {
							"vector": [0.24207, 5.63213, -2.15705]
						},
						"0.375": {
							"vector": [-2.09039, 3.02789, -1.35008]
						},
						"0.4167": {
							"vector": [-1.78759, 4.81691, -5.62359]
						},
						"0.6667": {
							"vector": [-1.72469, 4.52357, -4.23874]
						}
					}
				},
				"left_leg": {
					"rotation": {
						"0.0": {
							"vector": [0, 0, 0]
						},
						"0.1667": {
							"vector": [15, 0, 0]
						},
						"0.3333": {
							"vector": [69.39192, -21.63246, -2.44053]
						},
						"0.4167": {
							"vector": [45.66346, 4.70243, 3.95661]
						},
						"0.6667": {
							"vector": [35.70004, 5.95423, 3.18881]
						}
					},
					"position": {
						"0.0": {
							"vector": [0, 0, 0]
						},
						"0.1667": {
							"vector": [-0.06839, -0.78929, 0.6102]
						},
						"0.3333": {
							"vector": [2.01277, -0.2194, -8.5737]
						},
						"0.4167": {
							"vector": [1.4391, -2.06048, 2.50544]
						}
					}
				},
				"torso": {
					"rotation": {
						"0.0": {
							"vector": [0, 0, 0]
						},
						"0.1667": {
							"vector": [0.2197, 7.49521, 2.51916]
						},
						"0.25": {
							"vector": [0.2197, 7.49521, 2.51916]
						},
						"0.3333": {
							"vector": [6.72872, 10.09341, 6.36884]
						},
						"0.4167": {
							"vector": [6.521, 3.25099, -0.48072]
						}
					},
					"position": {
						"0.1667": {
							"vector": [0, 0, 0]
						},
						"0.25": {
							"vector": [0, 0, 0]
						},
						"0.3333": {
							"vector": [0, 0, 0]
						}
					}
				}
			}
		},
		"flanchet": {
			"animation_length": 0.9167,
			"bones": {
				"body": {
					"rotation": {
						"0.0": {
							"vector": [0, 0, 0]
						},
						"0.1667": {
							"vector": [52.29244, 3.92161, 3.23779]
						},
						"0.25": {
							"vector": [52.29244, 3.92161, 3.23779]
						},
						"0.3333": {
							"vector": [47.28249, -55.93705, 5.77386]
						},
						"0.375": {
							"vector": [-110.09464, -19.46044, 127.22588]
						},
						"0.4167": {
							"vector": [-122.90417, 0.75983, -199.51645]
						},
						"0.6667": {
							"vector": [-122.90417, 0.75983, -177.01645]
						}
					},
					"position": {
						"0.0": {
							"vector": [0, 0, 0]
						},
						"0.1667": {
							"vector": [0, -4, 0]
						},
						"0.25": {
							"vector": [0, -5, 0]
						},
						"0.3333": {
							"vector": [0, -2, 0]
						},
						"0.375": {
							"vector": [0, -2.5, -1]
						},
						"0.4167": {
							"vector": [0, 1, -6]
						}
					}
				},
				"head": {
					"rotation": {
						"0.0": {
							"vector": [0, 0, 0]
						},
						"0.1667": {
							"vector": [10, 7.5, 0]
						},
						"0.3333": {
							"vector": [27.57366, 14.15297, 10.99772]
						},
						"0.4167": {
							"vector": [60.90176, -17.85117, -27.85089]
						}
					},
					"position": {
						"0.1667": {
							"vector": [0, 0, 0]
						},
						"0.3333": {
							"vector": [0, 0, 0]
						}
					}
				},
				"right_arm": {
					"rotation": {
						"0.0": {
							"vector": [0, 0, 0]
						},
						"0.1667": {
							"vector": [-21.18239, -20.2361, -3.45321]
						},
						"0.3333": {
							"vector": [-13.27463, -19.50645, -5.49568]
						},
						"0.4167": {
							"vector": [68.33566, 10.11913, 40.49413]
						}
					},
					"position": {
						"0.0": {
							"vector": [0, 0, 0]
						},
						"0.1667": {
							"vector": [-1.35824, 0.89574, 4.28402]
						},
						"0.3333": {
							"vector": [-1.1892, -0.94539, 1.92147]
						},
						"0.4167": {
							"vector": [-2.19214, -2.47491, -0.46125]
						},
						"0.6667": {
							"vector": [-2.07265, -2.22335, 1.75932]
						}
					}
				},
				"left_arm": {
					"rotation": {
						"0.0": {
							"vector": [0, 0, 0]
						},
						"0.1667": {
							"vector": [-26.13532, 21.86722, 5.15006]
						},
						"0.3333": {
							"vector": [-15.50646, 20.75339, 9.88927]
						},
						"0.4167": {
							"vector": [-115.7543, 3.5905, -48.32933]
						},
						"0.6667": {
							"vector": [-120.80203, 23.18156, -39.97267]
						}
					},
					"position": {
						"0.0": {
							"vector": [0, 0, 0]
						},
						"0.1667": {
							"vector": [1.68631, 0.2236, 3.75585]
						},
						"0.3333": {
							"vector": [0.80294, -0.98435, 2.09436]
						},
						"0.4167": {
							"vector": [2.19214, -2.47491, -0.46125]
						},