{
	"format_version": "1.8.0",
	"animations": {
		"fling1": {
			"animation_length": 4,
			"bones": {
				"body": {
					"rotation": {
						"0.0": {
							"vector": [25, 0, 0]
						},
						"0.25": {
							"vector": [-5, 0, 0]
						},
						"0.4167": {
							"vector": [-16.02, 0, 0]
						},
						"0.8333": {
							"vector": [-17.13, 0, 0]
						},
						"1.5": {
							"vector": [-12.5, 0, 0]
						},
						"2.375": {
							"vector": [-30.77, 0, 0]
						},
						"3.0": {
							"vector": [-52.5, 0, 0]
						},
						"3.375": {
							"vector": [-58.47, 0, 0]
						},
						"4.0": {
							"vector": [-55, 0, 0]
						}
					},
					"position": {
						"0.0": {
							"vector": [0, 0, 0]
						},
						"0.25": {
							"vector": [0, 1, 2]
						},
						"1.5": {
							"vector": [0, -2, 6]
						},
						"3.0": {
							"vector": [0, -6, 6]
						},
						"4.0": {
							"vector": [0, -9, 6]
						}
					}
				},
				"head": {
					"rotation": {
						"0.0": {
							"vector": [17.5, 0, 0]
						},
						"0.25": {
							"vector": [50, 0, 0]
						},
						"0.5417": {
							"vector": [8.25, 0, 0]
						},
						"0.75": {
							"vector": [-4.41, 0, 0]
						},
						"1.125": {
							"vector": [-3.74, 0, 0]
						},
						"1.5": {
							"vector": [7.5, 0, 0]
						},
						"3.0": {
							"vector": [37.5, 0, 0]
						},
						"4.0": {
							"vector": [37.5, 0, 0]
						}
					}
				},
				"right_arm": {
					"rotation": {
						"0.0": {
							"vector": [-80, 0, 0]
						},
						"0.25": {
							"vector": [-30.68206, 27.03402, 37.45372]
						},
						"1.5": {
							"vector": [-62.77433, 20.05769, 10.63159]
						},
						"3.0": {
							"vector": [-92.77433, 20.05769, 10.63159]
						},
						"4.0": {
							"vector": [-92.77433, 20.05769, 10.63159]
						}
					}
				},
				"left_arm": {
					"rotation": {
						"0.0": {
							"vector": [-80, 0, 0]
						},
						"0.25": {
							"vector": [-40.88579, -26.66839, -27.40216]
						},
						"1.5": {
							"vector": [-64.14589, -4.40646, -15.50033]
						},
						"3.0": {
							"vector": [-99.14589, -4.40646, -15.50033]
						},
						"4.0": {
							"vector": [-99.14589, -4.40646, -15.50033]
						}
					}
				},
				"right_leg": {
					"rotation": {
						"0.0": {
							"vector": [-57.5, 0, 0]
						},
						"0.25": {
							"vector": [-43.36446, 16.76559, 11.06517]
						},
						"1.5": {
							"vector": [-54.89549, 20.88127, 14.06573]
						},
						"3.0": {
							"vector": [-89.89549, 20.88127, 14.06573]
						},
						"4.0": {
							"vector": [-89.89549, 20.88127, 14.06573]
						}
					}
				},
				"left_leg": {
					"rotation": {
						"0.0": {
							"vector": [-80, 0, 0]
						},
						"0.25": {
							"vector": [-43.49161, -29.4987, -5.72511]
						},
						"1.5": {
							"vector": [-55.99161, -29.4987, -5.72511]
						},
						"3.0": {
							"vector": [-78.49161, -29.4987, -5.72511]
						},
						"4.0": {
							"vector": [-78.49161, -29.4987, -5.72511]
						}
					}
				}
			}
		}
	}
}