{
	"format_version": "1.8.0",
	"animations": {
		"fling3": {
			"animation_length": 5,
			"bones": {
				"body": {
					"rotation": {
						"0.0": {
							"vector": [-25, 0, 0]
						},
						"0.0833": {
							"vector": [32.5, 0, 0]
						},
						"0.2917": {
							"vector": [-41.83407, 33.92428, -30.5941]
						},
						"0.5417": {
							"vector": [-159.95621, -17.74588, -50.37048]
						},
						"0.75": {
							"vector": [-264.09299, -25.90668, -13.56972]
						},
						"1.0": {
							"vector": [-295.00255, 2.71737, 0.28246]
						},
						"1.25": {
							"vector": [-317.01357, 19.67194, 15.42475]
						},
						"2.0": {
							"vector": [-347.24993, 21.50436, 7.65465]
						},
						"5.0": {
							"vector": [-438.13501, -2.93925, 2.29575]
						}
					},
					"position": {
						"0.0": {
							"vector": [0, 0, -10]
						},
						"0.0833": {
							"vector": [0, 6, 7]
						},
						"0.2917": {
							"vector": [0, 6, 18]
						},
						"0.5417": {
							"vector": [0, 0, 19]
						},
						"0.75": {
							"vector": [0, -3, 17]
						},
						"1.0": {
							"vector": [0, 0, 10]
						},
						"1.25": {
							"vector": [0, 2, 10]
						},
						"2.0": {
							"vector": [0, 3, 12]
						},
						"5.0": {
							"vector": [0, -7, 5]
						}
					}
				},
				"head": {
					"rotation": {
						"0.0": {
							"vector": [65, 0, 0]
						},
						"0.125": {
							"vector": [37.5, 0, 0]
						},
						"0.2917": {
							"vector": [43.79538, -17.21646, 16.30431]
						},
						"0.5": {
							"vector": [48.79538, -17.21646, 16.30431]
						},
						"0.9583": {
							"vector": [24.80929, -17.21646, 16.30431]
						},
						"1.5": {
							"vector": [-5.2391, -19.31924, 0.86174]
						},
						"2.5": {
							"vector": [27.2609, -19.31924, 0.86174]
						},
						"5.0": {
							"vector": [30.84963, -10.79131, 6.2761]
						}
					}
				},
				"right_arm": {
					"rotation": {
						"0.0": {
							"vector": [0, 0, 102.5]
						},
						"0.125": {
							"vector": [-90, 0, 102.5]
						},
						"0.4167": {
							"vector": [-54.39137, 0, 102.5]
						},
						"0.625": {
							"vector": [-24.39137, 0, 102.5]
						},
						"1.0": {
							"vector": [-44.39137, 0, 102.5]
						},
						"2.5417": {
							"vector": [-40.32221, -20.37059, 80.2001]
						},
						"5.0": {
							"vector": [-5.62275, -16.29578, 75.24245]
						}
					}
				},
				"left_arm": {
					"rotation": {
						"0.0": {
							"vector": [0.65426, -4.95712, -102.52832]
						},
						"0.125": {
							"vector": [-75.60166, -4.95712, -102.52832]
						},
						"0.4583": {
							"vector": [-20.60166, -4.95712, -102.52832]
						},
						"0.75": {
							"vector": [-14.89141, 0.98768, -77.91211]
						},
						"1.25": {
							"vector": [-34.89141, 0.98768, -77.91211]
						},
						"5.0": {
							"vector": [-12.39141, 0.98768, -77.91211]
						}
					}
				},
				"right_leg": {
					"rotation": {
						"0.0": {
							"vector": [-69.55418, 11.73507, 4.3361]
						},
						"0.1667": {
							"vector": [-84.1404, 11.73507, 4.3361]
						},
						"0.375": {
							"vector": [-64.1404, 11.73507, 4.3361]
						},
						"0.6667": {
							"vector": [-10.19658, 11.73507, 4.3361]
						},
						"0.875": {
							"vector": [28.3037, -8.8278, 41.74644]
						},
						"1.5833": {
							"vector": [-46.90241, -8.8278, 41.74644]
						},
						"2.2083": {
							"vector": [-61.05135, -8.8278, 41.74644]
						},
						"5.0": {
							"vector": [-77.52597, 27.63225, 2.21375]
						}
					}
				},
				"left_leg": {
					"rotation": {
						"0.0": {
							"vector": [-77.07362, -14.63639, -3.31914]
						},
						"0.25": {
							"vector": [-50.56858, -14.63639, -3.31914]
						},
						"0.4167": {
							"vector": [2.49982, -14.63639, -3.31914]
						},
						"0.75": {
							"vector": [47.49982, -14.63639, -3.31914]
						},
						"1.5": {
							"vector": [-52.50018, -14.63639, -3.31914]
						},
						"2.25": {
							"vector": [-46.11943, -31.81655, -19.2309]
						},
						"2.7083": {
							"vector": [-51.89833, -44.18654, -30.06392]
						},
						"5.0": {
							"vector": [-82.97873, -19.50102, 0.17429]
						}
					}
				}
			}
		}
	}
}