{
	"format_version": "1.8.0",
	"animations": {
		"fling2": {
			"animation_length": 5,
			"bones": {
				"body": {
					"rotation": {
						"0.0": {
							"vector": [7.5, 0, 0]
						},
						"0.0833": {
							"vector": [35, 0, 0]
						},
						"1.0": {
							"vector": [7.5, 0, 0]
						},
						"2.0": {
							"vector": [-7.5, 0, 0]
						},
						"5.0": {
							"vector": [-47.5, 0, 0]
						}
					},
					"position": {
						"0.0": {
							"vector": [0, 0, -7]
						},
						"0.0833": {
							"vector": [0, 0, 12]
						},
						"1.0": {
							"vector": [0, 0, 7]
						},
						"2.0": {
							"vector": [0, -2, 3]
						},
						"5.0": {
							"vector": [0, -6, 0]
						}
					}
				},
				"head": {
					"rotation": {
						"0.0": {
							"vector": [-22.5, 0, 0]
						},
						"0.0833": {
							"vector": [42.5, 0, 0]
						},
						"1.0": {
							"vector": [55, 0, 0]
						},
						"2.0": {
							"vector": [42.5, 0, 0]
						},
						"5.0": {
							"vector": [15, 0, 0]
						}
					}
				},
				"right_arm": {
					"rotation": {
						"0.0": {
							"vector": [35, 0, 60]
						},
						"0.0833": {
							"vector": [-82.5, 0, 60]
						},
						"1.0": {
							"vector": [-67.5, 0, 60]
						},
						"2.0": {
							"vector": [-67.18821, 9.23186, 63.86032]
						},
						"5.0": {
							"vector": [-27.18821, 9.23186, 63.86032]
						}
					}
				},
				"left_arm": {
					"rotation": {
						"0.0": {
							"vector": [32.5, 0, -55]
						},
						"0.0833": {
							"vector": [-80, 0, -55]
						},
						"1.0": {
							"vector": [-70, 0, -55]
						},
						"2.0": {
							"vector": [-69.84126, -7.04533, -57.57816]
						},
						"5.0": {
							"vector": [-19.84126, -7.04533, -57.57816]
						}
					}
				},
				"right_leg": {
					"rotation": {
						"0.0": {
							"vector": [19.8423, -2.55868, 7.05239]
						},
						"0.0833": {
							"vector": [-116.48119, 17.7457, -2.78255]
						},
						"1.0": {
							"vector": [-76.48119, 17.7457, -2.78255]
						},
						"2.0": {
							"vector": [-86.48119, 17.7457, -2.78255]
						},
						"5.0": {
							"vector": [-58.98119, 17.7457, -2.78255]
						}
					}
				},
				"left_leg": {
					"rotation": {
						"0.0": {
							"vector": [14.8355, -0.55345, -7.22484]
						},
						"0.0833": {
							"vector": [-113.33737, -12.95417, 2.55301]
						},
						"1.0": {
							"vector": [-75.83737, -12.95417, 2.55301]
						},
						"2.0": {
							"vector": [-85.83737, -12.95417, 2.55301]
						},
						"5.0": {
							"vector": [-48.33737, -12.95417, 2.55301]
						}
					}
				}
			}
		}
	}
}