{
	"format_version": "1.8.0",
	"animations": {
		"gammastart": {
			"animation_length": 0.5,
			"bones": {
				"body": {
					"rotation": {
						"0.0": {
							"vector": [-76.64597, -68.38265, 65.00867]
						},
						"0.0833": {
							"vector": [-7.08142, -7.22771, -0.50552]
						},
						"0.1667": {
							"vector": [24.19981, 65.4205, 0.78405]
						},
						"0.2083": {
							"vector": [200.82638, 88.38771, 185.66406]
						},
						"0.25": {
							"vector": [163.08017, 65.63903, 155.50383]
						},
						"0.3333": {
							"vector": [175.62955, 29.22894, 170.26822]
						},
						"0.5": {
							"vector": [176.14763, -8.18163, 172.95452]
						}
					},
					"position": {
						"0.0": {
							"vector": [0, 0, 0]
						},
						"0.0833": {
							"vector": [-0.58761, -3.10614, 0.08136]
						},
						"0.1667": {
							"vector": [-0.99173, -5.07896, 1.66802]
						},
						"0.3333": {
							"vector": [0.60015, -4.95986, 0.30363]
						},
						"0.5": {
							"vector": [0.15515, -1.05312, -2.36616]
						}
					}
				},
				"head": {
					"rotation": {
						"0.0": {
							"vector": [-309.68342, 59.80983, -348.27484]
						},
						"0.1667": {
							"vector": [-324.11462, 24.15979, -376.27409]
						},
						"0.5": {
							"vector": [-189.31886, 70.5652, -206.45744]
						}
					}
				},
				"right_arm": {
					"rotation": {
						"0.0": {
							"vector": [-141.83946, 31.71055, 91.22136]
						},
						"0.4167": {
							"vector": [-89.48236, 0, 125]
						},
						"0.5": {
							"vector": [-70.47108, -7.09052, 100.96436]
						}
					},
					"position": {
						"0.4167": {
							"vector": [-3.49292, -1.20607, -4.19971]
						},
						"0.5": {
							"vector": [-1.54062, -0.50458, -2.20044]
						}
					}
				},
				"left_arm": {
					"rotation": {
						"0.0": {
							"vector": [-112.5, 0, -72.5]
						},
						"0.1667": {
							"vector": [33.97794, 0, -72.5]
						},
						"0.3333": {
							"vector": [47.33914, 0, -72.5]
						},
						"0.5": {
							"vector": [61.34808, -10.97203, -62.20849]
						}
					},
					"position": {
						"0.0": {
							"vector": [0, 0, 0]
						},
						"0.1667": {
							"vector": [0.0922, -0.02907, 5.20407]
						},
						"0.5": {
							"vector": [0.56257, 0.01289, 3.86777]
						}
					}
				},
				"right_leg": {
					"rotation": {
						"0.0": {
							"vector": [-110.20848, 19.05681, 41.57337]
						},
						"0.0417": {
							"vector": [-135.20848, 19.05681, 41.57337]
						},
						"0.0833": {
							"vector": [-20.20848, 19.05681, 41.57337]
						},
						"0.2083": {
							"vector": [42.29152, 19.05681, 41.57337]
						},
						"0.375": {
							"vector": [49.79152, 19.05681, 41.57337]
						},
						"0.5": {
							"vector": [42.29152, 19.05681, 41.57337]
						}
					},
					"position": {
						"0.0": {
							"vector": [0, 2.30874, -4.43505]
						},
						"0.0417": {
							"vector": [-1.41421, 1.05558, -5.09301]
						},
						"0.0833": {
							"vector": [-1.41, -0.78699, -1.54196]
						},
						"0.2083": {
							"vector": [-1.41, -1.7135, 0.23402]
						},
						"0.375": {
							"vector": [-0.78279, -1.36687, 0.92919]
						},
						"0.5": {
							"vector": [-2.66967, -2.20924, -4.613]
						}
					}
				},
				"left_leg": {
					"rotation": {
						"0.0": {
							"vector": [0, 0, -15]
						},
						"0.1667": {
							"vector": [20.18564, 0, -15]
						},
						"0.3333": {
							"vector": [19.3221, 5.95587, -31.48522]
						}
					},
					"position": {
						"0.0": {
							"vector": [0, 0, 0]
						},
						"0.1667": {
							"vector": [-1.03528, 3.8637, -6]
						},
						"0.3333": {
							"vector": [1.37459, 2.01903, -5.11649]
						},
						"0.5": {
							"vector": [2.93642, -0.34043, -4.13272]
						}
					}
				}
			}
		}
	}
}