{
	"format_version": "1.8.0",
	"animations": {
		"gammastart2": {
			"animation_length": 5.0417,
			"bones": {
				"body": {
					"rotation": {
						"0.0": {
							"vector": [176.14763, -8.18163, 172.95452]
						},
						"1.0": {
							"vector": [176.08374, -13.17016, 173.29909]
						},
						"1.25": {
							"vector": [176.14763, -8.18163, 172.95452]
						},
						"1.2917": {
							"vector": [131.09404, -75.10252, 216.51768]
						},
						"1.3333": {
							"vector": [30.51881, -77.58178, 322.00982]
						},
						"4.25": {
							"vector": [33.70419, -74.13453, 318.78266]
						},
						"4.3333": {
							"vector": [16.22629, 0.79315, 351.58916]
						},
						"4.4167": {
							"vector": [33.47603, 50.36327, 371.92476]
						},
						"4.5": {
							"vector": [37.74358, 52.42739, 374.1861]
						},
						"4.5833": {
							"vector": [27.69551, 46.29143, 367.54617]
						},
						"4.7083": {
							"vector": [17.63011, 48.01753, 360.6421]
						},
						"5.0": {
							"vector": [4.2163, 35.55836, 359.27891]
						}
					},
					"position": {
						"0.0": {
							"vector": [0.15515, -1.05312, -2.36616]
						},
						"1.0": {
							"vector": [-0.05779, -1.14436, -3.34142]
						},
						"1.25": {
							"vector": [-0.20594, -1.2325, -4.42634]
						},
						"1.3333": {
							"vector": [-0.21, -1.23, -4.43]
						},
						"4.25": {
							"vector": [-0.02492, -1.06788, -3.56428],
							"easing": "easeInElastic",
							"easingArgs": [1.5]
						},
						"4.5833": {
							"vector": [1.44063, -0.27894, -2.27517]
						},
						"4.7083": {
							"vector": [1.90221, 0.43368, -1.87131]
						},
						"5.0": {
							"vector": [2.10578, 1.2463, -1.69307]
						}
					}
				},
				"head": {
					"rotation": {
						"0.0": {
							"vector": [-189.31886, 70.5652, -206.45744]
						},
						"1.0": {
							"vector": [-187.49946, 65.61827, -204.49826]
						},
						"1.25": {
							"vector": [-184.99946, 65.61827, -204.49826]
						},
						"1.3333": {
							"vector": [-291.95087, 78.71352, -298.89237]
						},
						"4.25": {
							"vector": [-299.45087, 78.71352, -298.89237]
						},
						"4.4167": {
							"vector": [-367.45474, -50.26622, -338.62494]
						},
						"4.5833": {
							"vector": [-354.95474, -50.26622, -338.62494]
						},
						"5.0": {
							"vector": [-339.11903, -47.60856, -353.20314]
						}
					}
				},
				"right_arm": {
					"rotation": {
						"0.0": {
							"vector": [-70.47108, -7.09052, 100.96436]
						},
						"1.0": {
							"vector": [-60.47108, -7.09052, 100.96436]
						},
						"1.25": {
							"vector": [-87.97108, -7.09052, 100.96436]
						},
						"4.25": {
							"vector": [-85.47108, -7.09052, 100.96436]
						},
						"4.2917": {
							"vector": [-12.97108, -7.09052, 100.96436]
						},
						"4.4167": {
							"vector": [39.52892, -7.09052, 100.96436]
						},
						"4.5833": {
							"vector": [55.39513, 18.02096, 84.33705]
						},
						"5.0": {
							"vector": [29.16538, 27.40628, 38.72731]
						}
					},
					"position": {
						"0.0": {
							"vector": [-1.54062, -0.50458, -2.20044]
						},
						"1.0": {
							"vector": [-1.76156, -0.16246, 0.12529]
						},
						"1.3333": {
							"vector": [-4.21075, 0.32592, 0.21783]
						},
						"4.2917": {
							"vector": [-7.09589, 0.80443, -0.44823]
						},
						"4.4167": {
							"vector": [-3.88521, 0.66207, 3.37702]
						},
						"4.5833": {
							"vector": [-2.80997, 1.27886, 1.81458]
						},
						"5.0": {
							"vector": [-2.62233, -0.6126, 1.19127]
						}
					}
				},
				"left_arm": {
					"rotation": {
						"0.0": {
							"vector": [61.34808, -10.97203, -62.20849]
						},
						"1.0": {
							"vector": [41.34808, -10.97203, -62.20849]
						},
						"1.25": {
							"vector": [18.84808, -10.97203, -62.20849]
						},
						"1.3333": {
							"vector": [51.34808, -10.97203, -62.20849]
						},
						"4.25": {
							"vector": [51.84104, -7.05286, -65.35282]
						},
						"4.3333": {
							"vector": [21.84104, -7.05286, -65.35282]
						},
						"4.5833": {
							"vector": [-26.01388, -7.05286, -65.35282]
						},
						"4.7083": {
							"vector": [-63.51388, -7.05286, -65.35282]
						},
						"5.0417": {
							"vector": [-32.34035, 27.58524, -21.13674]
						}
					},
					"position": {
						"0.0": {
							"vector": [0.56257, 0.01289, 3.86777]
						},
						"1.0": {
							"vector": [0.88552, -0.08081, 3.50151]
						},
						"1.25": {
							"vector": [1.2228, -0.07215, 2.66383]
						},
						"1.3333": {
							"vector": [1.4133, -0.23908, 2.96667]
						},
						"4.25": {
							"vector": [1.94804, 0.93262, 3.12962]
						},
						"4.5833": {
							"vector": [1.37609, -0.26301, -2.45993]
						},
						"4.7083": {
							"vector": [0.92882, -0.1739, -1.57173]
						},
						"5.0417": {
							"vector": [1.26948, -0.50693, -0.23912]
						}
					}
				},
				"right_leg": {
					"rotation": {
						"0.0": {
							"vector": [42.29152, 19.05681, 41.57337]
						},
						"1.0": {
							"vector": [32.29152, 19.05681, 41.57337]
						},
						"1.25": {
							"vector": [42.29152, 19.05681, 41.57337]
						},
						"1.3333": {
							"vector": [34.73452, 13.52454, 50.25701]
						},
						"4.25": {
							"vector": [35.61008, 10.64304, 54.43634]
						},
						"4.5": {
							"vector": [-100.3149, -48.81921, 63.5146]
						},
						"5.0": {
							"vector": [-22.17147, -39.7734, 22.67541]
						}
					},
					"position": {
						"0.0": {
							"vector": [-2.66967, -2.20924, -4.613]
						},
						"1.25": {
							"vector": [-1.95169, -0.67178, -6.00925]
						},
						"1.3333": {
							"vector": [-3.44858, -1.95261, -4.6103]
						},
						"4.25": {
							"vector": [-3.7494, -2.23016, -4.32388]
						},
						"4.5": {
							"vector": [-0.70127, -1.73051, -2.46103]
						}
					}
				},
				"left_leg": {
					"rotation": {
						"0.0": {
							"vector": [19.3221, 5.95587, -31.48522]
						},
						"1.0": {
							"vector": [-1.52251, -1.98315, -52.47365]
						},
						"1.25": {
							"vector": [-17.60455, -14.24, -37.78381]
						},
						"1.3333": {
							"vector": [11.25773, -12.67956, -32.89913]
						},
						"4.25": {
							"vector": [11.79772, -12.17987, -35.40749]
						},
						"4.4583": {
							"vector": [1.72886, -28.50821, 18.66128]
						},
						"5.0": {
							"vector": [3.367, -27.40214, 4.55728]
						}
					},
					"position": {
						"0.0": {
							"vector": [2.93642, -0.34043, -4.13272]
						},
						"1.25": {
							"vector": [1.64, -0.34, -4.13]
						},
						"1.3333": {
							"vector": [1.64, -1.94727, -0.24971]
						},
						"4.25": {
							"vector": [1.7996, -2.19685, -0.19004]
						},
						"5.0": {
							"vector": [0.99962, -1.01693, 1.53039]
						}
					}
				}
			}
		}
	}
}