{
	"format_version": "1.8.0",
	"animations": {
		"gatling": {
			"animation_length": 5,
			"bones": {
				"torso": {
					"rotation": {
						"0.0": {
							"vector": [-7.5, 0, 0]
						},
						"0.375": {
							"vector": [-9.70523, 11.27429, -5.58559]
						},
						"0.5": {
							"vector": [37.5, 0, 0]
						},
						"4.5": {
							"vector": [40, 0, 0]
						},
						"4.625": {
							"vector": [-17.5, 0, 0]
						},
						"5.0": {
							"vector": [-7.5, 0, 0]
						}
					},
					"position": {
						"0.0": {
							"vector": [0, -0.26105, 1.98289]
						},
						"0.375": {
							"vector": [0, -1.28, 0.24]
						},
						"0.5": {
							"vector": [0, -4.33674, -4.97559]
						},
						"4.5": {
							"vector": [0, -2.90534, -5.90346]
						},
						"4.625": {
							"vector": [0, -1.37565, 2.24583]
						},
						"5.0": {
							"vector": [0, -0.25803, 1.38908]
						}
					}
				},
				"head": {
					"rotation": {
						"0.0": {
							"vector": [17.5, 0, 0]
						},
						"0.5": {
							"vector": [70, 0, 0]
						},
						"4.5": {
							"vector": [75, 0, 0]
						},
						"4.6667": {
							"vector": [32.5, 0, 0]
						},
						"5.0": {
							"vector": [15, 0, 0]
						}
					},
					"position": {
						"0.0": {
							"vector": [0, 0.30071, 0.95372]
						},
						"0.375": {
							"vector": [0, -0.68, -0.73]
						},
						"0.5": {
							"vector": [0, -3.62806, -5.80058]
						},
						"4.5": {
							"vector": [0, -2.88197, -7.41676]
						},
						"4.6667": {
							"vector": [0, -0.71229, 0.64104]
						},
						"5.0": {
							"vector": [0, 0.25593, 0.38118]
						}
					}
				},
				"right_arm": {
					"rotation": {
						"0.0": {
							"vector": [0, 0, 0]
						},
						"4.5417": {
							"vector": [-60, 0, 0]
						},
						"4.6667": {
							"vector": [-106.14, 0, 0]
						},
						"5.0": {
							"vector": [0, 0, 0]
						}
					},
					"position": {
						"0.0": {
							"vector": [0, -9001, 0]
						},
						"4.5": {
							"vector": [0, -9001, 0]
						},
						"4.5417": {
							"vector": [0, -3, -5.19615]
						},
						"4.6667": {
							"vector": [0, -6.00413, 4.42829]
						},
						"5.0": {
							"vector": [0, 0, 1]
						}
					}
				},
				"left_arm": {
					"rotation": {
						"0.0": {
							"vector": [0, 0, 0]
						},
						"4.5417": {
							"vector": [-62.5, 0, 0]
						},
						"4.6667": {
							"vector": [-100.45, 0, 0]
						},
						"5.0": {
							"vector": [0, 0, 0]
						}
					},
					"position": {
						"0.0": {
							"vector": [0, -9001, 0]
						},
						"4.5": {
							"vector": [0, -9001, 0]
						},
						"4.5417": {
							"vector": [0, -3.23224, -6.20908]
						},
						"4.6667": {
							"vector": [0, -6.1306, 4.95138]
						},
						"5.0": {
							"vector": [0, 0, 1]
						}
					}
				},
				"right_leg": {
					"rotation": {
						"0.0": {
							"vector": [5, 0, 0]
						},
						"0.5": {
							"vector": [5.12076, 12.45167, 1.10693]
						},
						"4.5": {
							"vector": [5.66508, 12.21667, 3.65468]
						}
					},
					"position": {
						"0.0": {
							"vector": [0, -0.08716, -0.99619]
						},
						"0.375": {
							"vector": [-0.25, -0.09, -1]
						},
						"0.5": {
							"vector": [-1, -0.09, -1]
						}
					}
				},
				"left_leg": {
					"rotation": {
						"0.0": {
							"vector": [-12.5, 0, 0]
						},
						"0.5": {
							"vector": [5.24133, -17.43127, -1.5741]
						},
						"4.5": {
							"vector": [6.01677, -17.18601, -4.18007]
						}
					},
					"position": {
						"0.0": {
							"vector": [0, 3.21644, -2.9763]
						},
						"0.375": {
							"vector": [0.25, 2.47, -2.48]
						},
						"0.5": {
							"vector": [1, 0.22, -0.98]
						}
					}
				}
			}
		}
	}
}