{
	"format_version": "1.8.0",
	"animations": {
		"gear2activate": {
			"animation_length": 3,
			"bones": {
				"body": {
					"rotation": {
						"0.0": {
							"vector": [5, 0, 0]
						},
						"0.1667": {
							"vector": [12.5, 0, 0]
						},
						"0.3333": {
							"vector": [15, 0, 0]
						},
						"0.5": {
							"vector": [25.08377, -4.53051, -2.11751]
						},
						"0.6667": {
							"vector": [33.89218, -18.05776, -8.74472]
						},
						"0.8333": {
							"vector": [36.23749, -26.25135, -14.94287]
						},
						"1.0": {
							"vector": [42.85593, 10.87414, 10.9521]
						},
						"1.1667": {
							"vector": [45.35593, 10.87414, 10.9521]
						},
						"1.375": {
							"vector": [47.85593, 10.87414, 10.9521]
						},
						"1.5417": {
							"vector": [45.35593, 10.87414, 10.9521]
						},
						"1.7083": {
							"vector": [42.85593, 10.87414, 10.9521]
						}
					},
					"position": {
						"0.0": {
							"vector": [0, 0, 0]
						},
						"0.3333": {
							"vector": [0, -1, 0]
						},
						"0.5": {
							"vector": [0, 0, 1]
						},
						"0.6667": {
							"vector": [0, 1, 1]
						},
						"0.8333": {
							"vector": [0, -2, 1]
						},
						"1.0": {
							"vector": [0, -4, 1]
						},
						"1.1667": {
							"vector": [0, -5, 1]
						},
						"1.375": {
							"vector": [0, -4, 1]
						},
						"3.0": {
							"vector": [0, -3.5, 1]
						}
					}
				},
				"head": {
					"rotation": {
						"0.0": {
							"vector": [15, 0, 0]
						},
						"0.125": {
							"vector": [-2.5, 0, 0]
						},
						"0.3333": {
							"vector": [10, 0, 0]
						},
						"0.5": {
							"vector": [15, 0, 0]
						},
						"0.6667": {
							"vector": [17.61011, 6.59693, 1.77701]
						},
						"0.7917": {
							"vector": [18.47482, 18.48712, 5.7361]
						},
						"0.9583": {
							"vector": [17.49894, 1.8295, 0.26529]
						},
						"1.125": {
							"vector": [17.75295, -9.52908, -3.34546]
						},
						"1.2917": {
							"vector": [35.25295, -9.52908, -3.34546]
						},
						"1.5417": {
							"vector": [28.35587, -9.52908, -3.34546]
						},
						"1.7083": {
							"vector": [15.85587, -9.52908, -3.34546]
						},
						"3.0": {
							"vector": [5.85587, -9.52908, -3.34546]
						}
					}
				},
				"right_arm": {
					"rotation": {
						"0.0": {
							"vector": [-5, 0, 0]
						},
						"0.1667": {
							"vector": [-15, 0, 0]
						},
						"0.3333": {
							"vector": [5, 0, 0]
						},
						"0.5": {
							"vector": [4.83045, -1.29256, 14.94548]
						},
						"0.6667": {
							"vector": [-30.16955, -1.29256, 14.94548]
						},
						"0.875": {
							"vector": [-29.0189, -8.73288, 1.86118]
						},
						"1.0417": {
							"vector": [-74.47067, -13.90398, -8.11976]
						},
						"1.7083": {
							"vector": [-54.99752, -12.75976, -5.83536]
						}
					},
					"position": {
						"0.0": {
							"vector": [0, 0, 0]
						},
						"0.1667": {
							"vector": [0, -1, 0]
						},
						"0.3333": {
							"vector": [0, -2, 1]
						},
						"0.5": {
							"vector": [-1, 1, 1]
						},
						"0.6667": {
							"vector": [-1, 2, 3]
						},
						"1.0417": {
							"vector": [-2, 2, 3]
						}
					}
				},
				"left_arm": {
					"rotation": {
						"0.0": {
							"vector": [-5, 0, 0]
						},
						"0.1667": {
							"vector": [5.00473, -0.21782, -2.4905]
						},
						"0.3333": {
							"vector": [-8.62692, -0.21782, -2.4905]
						},
						"0.75": {
							"vector": [-21.12692, -0.21782, -2.4905]
						},
						"0.875": {
							"vector": [-82.91458, -5.56408, -16.52849]
						},
						"1.0": {
							"vector": [-45.8161, 5.00173, -14.52805]
						},
						"1.2083": {
							"vector": [-45.12958, 10.19922, -9.37426]
						},
						"1.5": {
							"vector": [-45.63901, 6.72014, -12.84258]
						},
						"1.7083": {
							"vector": [-40.63901, 6.72014, -12.84258]
						}
					},
					"position": {
						"0.0": {
							"vector": [0, 0, 0]
						},
						"0.2917": {
							"vector": [0, -1.5, 0]
						},
						"0.5": {
							"vector": [0, -3.2, 0]
						},
						"0.625": {
							"vector": [0, -1, 0]
						},
						"0.75": {
							"vector": [0, -1, 2]
						},
						"0.875": {
							"vector": [0, -1, 4]
						},
						"1.0": {
							"vector": [-1, -3, -4]
						},
						"1.2083": {
							"vector": [-1, -3, -3]
						},
						"1.5": {
							"vector": [-1, -3, -4]
						},
						"3.0": {
							"vector": [-1, -3, -4.1]
						}
					}
				},
				"right_leg": {
					"rotation": {
						"0.0": {
							"vector": [-4.99527, 0.21782, 2.4905]
						},
						"0.1667": {
							"vector": [-17.49527, 0.21782, 2.4905]
						},
						"0.3333": {
							"vector": [-14.25146, 0.21782, 2.4905]
						},
						"0.5": {
							"vector": [-26.75146, 0.21782, 2.4905]
						},
						"0.6667": {
							"vector": [-30.616, 7.98876, 18.22332]
						},
						"0.8333": {
							"vector": [-8.116, 7.98876, 18.22332]
						},
						"0.9167": {
							"vector": [-23.116, 7.98876, 18.22332]
						},
						"1.0417": {
							"vector": [-21.79254, -2.19781, -4.6673]
						},
						"1.3333": {
							"vector": [-24.29254, -2.19781, -4.6673]
						},
						"1.7083": {
							"vector": [-21.79254, -2.19781, -4.6673]
						}
					},
					"position": {
						"0.0": {
							"vector": [0, 0, 0]
						},
						"0.3333": {
							"vector": [0, 0, -1]
						},
						"0.9167": {
							"vector": [-1, 4, -4]
						},
						"1.0417": {
							"vector": [-2, 6, -4]
						},
						"1.1667": {
							"vector": [-2, 7, -4]
						},
						"1.3333": {
							"vector": [-2, 7, -4]
						}
					}
				},
				"left_leg": {
					"rotation": {
						"0.0": {
							"vector": [-7.46271, -0.86717, -4.92442]
						},
						"0.125": {
							"vector": [-17.46271, -0.86717, -4.92442]
						},
						"0.3333": {
							"vector": [-14.96271, -0.86717, -4.92442]
						},
						"0.5": {
							"vector": [-14.73084, -2.79151, -12.17739]
						},
						"0.9167": {
							"vector": [-22.33242, -2.15651, -9.7773]
						},
						"1.0": {
							"vector": [-34.11056, -7.82637, -18.04944]
						}
					},
					"position": {
						"0.0": {
							"vector": [0, 0, 0]
						},
						"0.5": {
							"vector": [0, 1, -2]
						},
						"0.7083": {
							"vector": [0, 3, -2]
						},
						"0.9167": {
							"vector": [1, 6, -2]
						},
						"1.0": {
							"vector": [4, 6, -2]
						},
						"1.1667": {
							"vector": [4, 7, 0]
						},
						"1.7083": {
							"vector": [4, 6, 0]
						}
					}
				}
			}
		}
	}
}