{
	"format_version": "1.8.0",
	"animations": {
		"geppo2": {
			"animation_length": 0.5,
			"bones": {
				"body": {
					"rotation": {
						"vector": [25, 0, 0]
					},
					"position": {
						"0.0": {
							"vector": [0, -6.34415, 2.95833]
						},
						"0.1667": {
							"vector": [0, -0.90215, 0.42429]
						},
						"0.5": {
							"vector": [0, -1.80631, 0.84262]
						}
					}
				},
				"head": {
					"rotation": {
						"vector": [-42.5, 0, 0]
					}
				},
				"right_arm": {
					"rotation": {
						"0.0": {
							"vector": [0, 0, 12.5]
						},
						"0.1667": {
							"vector": [-95, 0, 12.5]
						},
						"0.5": {
							"vector": [-100, 0, 12.5]
						}
					},
					"position": {
						"0.0": {
							"vector": [0, 0, 0]
						},
						"0.1667": {
							"vector": [-0.62798, -2.83265, -1.25766]
						}
					}
				},
				"left_arm": {
					"rotation": {
						"0.0": {
							"vector": [0, 0, -12.5]
						},
						"0.1667": {
							"vector": [40, 0, -12.5]
						},
						"0.5": {
							"vector": [45, 0, -12.5]
						}
					},
					"position": {
						"0.0": {
							"vector": [0, 0, 0]
						},
						"0.1667": {
							"vector": [-0.11245, 0.50722, 2.17488]
						}
					}
				},
				"right_leg": {
					"rotation": {
						"0.0": {
							"vector": [-2.5, 0, 0]
						},
						"0.1667": {
							"vector": [2.5, 0, 0]
						},
						"0.5": {
							"vector": [-5, 0, 0]
						}
					},
					"position": {
						"0.0": {
							"vector": [0, 6.41295, -4.45804]
						},
						"0.1667": {
							"vector": [0, -0.40306, -0.28729]
						}
					}
				},
				"left_leg": {
					"rotation": {
						"0.0": {
							"vector": [2.5, 0, 0]
						},
						"0.1667": {
							"vector": [7.5, 0, 0]
						}
					},
					"position": {
						"0.0": {
							"vector": [0, 0, 0]
						},
						"0.1667": {
							"vector": [0, 5.81981, -4.25791]
						},
						"0.5": {
							"vector": [0, 5.76779, -4.65658]
						}
					}
				}
			}
		}
	}
}