{
	"format_version": "1.8.0",
	"animations": {
		"getsuga": {
			"animation_length": 3,
			"bones": {
				"body": {
					"rotation": {
						"0.0": {
							"vector": [2.58807, 14.98539, 0.66963]
						},
						"1.25": {
							"vector": [2.62116, 17.48281, 0.78795]
						},
						"1.3333": {
							"vector": [2.50238, 2.49762, 0.10912]
						},
						"1.5833": {
							"vector": [2.50954, -4.99523, -0.21865]
						},
						"3.0": {
							"vector": [2.50238, -2.49762, -0.10912]
						}
					}
				},
				"head": {
					"rotation": {
						"0.0": {
							"vector": [5, -17.5, 0]
						},
						"1.25": {
							"vector": [12.5745, -19.99035, -0.23179]
						},
						"1.3333": {
							"vector": [11.91668, -7.77238, 2.4941]
						},
						"1.5833": {
							"vector": [11.85877, 4.97348, 2.61775]
						},
						"3.0": {
							"vector": [9.35877, 4.97348, 2.61775]
						}
					}
				},
				"right_arm": {
					"rotation": {
						"0.0": {
							"vector": [-180, 0, -5]
						},
						"1.25": {
							"vector": [-182.5, 0, -5]
						},
						"1.3333": {
							"vector": [-32.5, 0, -5]
						},
						"1.5833": {
							"vector": [-27.5, 0, -5]
						}
					},
					"position": {
						"0.0": {
							"vector": [0, 3, 0]
						},
						"1.25": {
							"vector": [0, 3, 0]
						},
						"1.3333": {
							"vector": [0, -2, -3]
						},
						"1.5833": {
							"vector": [0, -2, -2]
						}
					}
				},
				"left_arm": {
					"rotation": {
						"0.0": {
							"vector": [9.96271, 0.86717, 7.57558]
						},
						"1.25": {
							"vector": [9.91615, 1.29876, 5.11267]
						}
					}
				},
				"right_leg": {
					"rotation": {
						"0.0": {
							"vector": [0.43688, 4.98093, 5.019]
						},
						"1.25": {
							"vector": [0.65426, 4.95712, 7.52832]
						}
					}
				},
				"left_leg": {
					"rotation": {
						"0.0": {
							"vector": [2.06754, -22.40972, -5.40961]
						},
						"1.25": {
							"vector": [3.09472, -22.29711, -8.11003]
						}
					}
				}
			}
		}
	}
}