{
	"format_version": "1.8.0",
	"animations": {
		"gigantrifle": {
			"animation_length": 5,
			"bones": {
				"body": {
					"rotation": {
						"0.0": {
							"vector": [0, -52.5, 0]
						},
						"1.0": {
							"vector": [0, 35, 0]
						},
						"1.75": {
							"vector": [0, 42.5, 0]
						},
						"2.0": {
							"vector": [27.5, -17.5, 0]
						},
						"4.0": {
							"vector": [37.5, -17.5, 0]
						},
						"5.0": {
							"vector": [2.5, -17.5, 0]
						}
					},
					"position": {
						"0.0": {
							"vector": [0, 0, 0]
						},
						"2.0": {
							"vector": [-0.67231, 0.03649, 2.13229]
						}
					}
				},
				"head": {
					"rotation": {
						"0.0": {
							"vector": [17.5, 42.5, 0]
						},
						"1.0": {
							"vector": [7.04003, -40.52496, -3.42563]
						},
						"1.75": {
							"vector": [14.54003, -40.52496, -3.42563]
						},
						"2.0": {
							"vector": [34.54003, -40.52496, -3.42563]
						},
						"4.0": {
							"vector": [42.04003, -40.52496, -3.42563]
						},
						"5.0": {
							"vector": [3.65623, 19.34956, 0.74084]
						}
					}
				},
				"right_arm": {
					"position": {
						"vector": [0, -5244, 0]
					}
				},
				"left_arm": {
					"rotation": {
						"0.0": {
							"vector": [-22.5, 0, -7.5]
						},
						"1.0": {
							"vector": [-21.55613, -6.60796, -23.74074]
						},
						"1.75": {
							"vector": [-26.55613, -6.60796, -23.74074]
						},
						"2.0": {
							"vector": [35.94387, -6.60796, -23.74074]
						},
						"4.0": {
							"vector": [36.40417, 2.27877, -35.84573]
						},
						"5.0": {
							"vector": [-2.70338, 5.92031, 9.1358]
						}
					},
					"position": {
						"0.0": {
							"vector": [0.04995, -0.37941, 0.92388]
						},
						"2.0": {
							"vector": [-1.00011, 1.1129, 4.02942]
						},
						"5.0": {
							"vector": [-1.4902, -1.84633, 3.88926]
						}
					}
				},
				"right_leg": {
					"rotation": {
						"0.0": {
							"vector": [0, 35, 0]
						},
						"1.0": {
							"vector": [0, 40, 0]
						},
						"1.75": {
							"vector": [-5, 40, 0]
						},
						"2.0": {
							"vector": [55, 40, 0]
						},
						"4.0": {
							"vector": [59.69468, 29.45459, 8.19675]
						},
						"5.0": {
							"vector": [19.69468, 29.45459, 8.19675]
						}
					},
					"position": {
						"vector": [-1.39273, 0, -0.24558]
					}
				},
				"left_leg": {
					"rotation": {
						"0.0": {
							"vector": [0, -25, -17.5]
						},
						"1.0": {
							"vector": [0, -30, -17.5]
						},
						"1.75": {
							"vector": [-5, -30, -17.5]
						},
						"2.0": {
							"vector": [-75, -30, -17.5]
						},
						"4.0": {
							"vector": [-76.98156, -5.71768, -11.1888]
						},
						"5.0": {
							"vector": [-19.48156, -5.71768, -11.1888]
						}
					}
				}
			}
		}
	}
}