{
	"format_version": "1.8.0",
	"animations": {
		"gigantpistol": {
			"animation_length": 5,
			"bones": {
				"body": {
					"rotation": {
						"0.0": {
							"vector": [2.34914, -0.01753, 0.85481]
						},
						"1.0417": {
							"vector": [4.43381, -9.43817, 0.10817]
						},
						"1.25": {
							"vector": [4.85381, -2.50857, 0.64334]
						},
						"1.5": {
							"vector": [5.59388, 29.86416, 3.64842]
						},
						"1.75": {
							"vector": [6.01697, 36.07874, 4.4122]
						},
						"2.0": {
							"vector": [5.85156, 33.83131, 4.12532]
						},
						"3.0": {
							"vector": [6.10223, 37.32531, 4.56519]
						},
						"3.2083": {
							"vector": [6.37725, 40.33241, 4.9965]
						},
						"3.5": {
							"vector": [5.74291, 32.35194, 3.9368]
						},
						"3.625": {
							"vector": [6.10508, -37.36029, -2.8573]
						},
						"3.875": {
							"vector": [9.36107, -58.57549, -7.15678]
						},
						"4.125": {
							"vector": [8.27884, -53.0044, -5.8062]
						},
						"5.0": {
							"vector": [6.84353, -44.81275, -3.97853]
						}
					},
					"position": {
						"0.0": {
							"vector": [0, 0, 0]
						},
						"1.5": {
							"vector": [-2.23167, 0.04462, 0.13281]
						},
						"3.0": {
							"vector": [-2.65622, -0.13925, -2.05774]
						},
						"3.625": {
							"vector": [-1.07231, -0.06076, -0.84635]
						}
					}
				},
				"head": {
					"rotation": {
						"0.0": {
							"vector": [40, 0, 0]
						},
						"1.5": {
							"vector": [33.22318, -8.85429, -7.52139]
						},
						"1.75": {
							"vector": [4.41329, -43.7831, -10.0816]
						},
						"3.0": {
							"vector": [4.69765, -43.88889, 0.32176]
						},
						"3.5": {
							"vector": [7.19765, -43.88889, 0.32176]
						},
						"3.625": {
							"vector": [1.14543, 38.65911, -3.34549]
						},
						"4.1667": {
							"vector": [1.2359, 43.63603, -3.20815]
						},
						"4.375": {
							"vector": [6.1915, 43.63603, -3.20815]
						}
					}
				},
				"right_arm": {
					"position": {
						"vector": [0, -17985, 0]
					}
				},
				"left_arm": {
					"rotation": {
						"0.0": {
							"vector": [0, 0, 0]
						},
						"0.2083": {
							"vector": [0, -27.5, 0]
						},
						"0.625": {
							"vector": [4.9712, -27.5, 0]
						},
						"1.5417": {
							"vector": [-7.5288, -27.5, 0]
						},
						"1.75": {
							"vector": [-52.5288, -27.5, 0]
						},
						"2.0": {
							"vector": [-76.34194, -27.5, 0]
						},
						"2.4167": {
							"vector": [-83.55997, -27.5, 0]
						},
						"3.4167": {
							"vector": [-90.91343, -27.5, 0]
						},
						"3.5417": {
							"vector": [-100.91343, -27.5, 0]
						},
						"3.7083": {
							"vector": [-64.69786, -16.02502, -35.77511]
						},
						"4.0417": {
							"vector": [-54.69786, -16.02502, -35.77511]
						},
						"4.2083": {
							"vector": [-47.29345, -16.02502, -35.77511]
						},
						"4.7917": {
							"vector": [-44.79345, -16.02502, -35.77511]
						}
					},
					"position": {
						"0.0": {
							"vector": [0, 0, 0]
						},
						"0.625": {
							"vector": [-0.46005, 0.08566, 0.88375]
						},
						"1.5417": {
							"vector": [0.00001, 0.00335, -0.00367]
						},
						"1.75": {
							"vector": [1.3733, 0.39307, -2.63809]
						},
						"2.0": {
							"vector": [1.20981, -0.86286, -2.33228]
						},
						"3.4167": {
							"vector": [1.21062, -0.95999, -2.33119]
						},
						"3.5417": {
							"vector": [1.8906, -1.99176, 0.2608]
						},
						"3.7083": {
							"vector": [-0.42233, -2.95556, 4.70194]
						},
						"4.0417": {
							"vector": [0.06675, -4.01755, 5.47761]
						},
						"4.7917": {
							"vector": [-0.26322, -3.17323, 4.69773]
						}
					}
				}
			}
		}
	}
}