{
	"format_version": "1.8.0",
	"animations": {
		"gigantgatling": {
			"animation_length": 3.5,
			"bones": {
				"body": {
					"rotation": {
						"0.0": {
							"vector": [5, 0, 0]
						},
						"1.0": {
							"vector": [-25, 0, 0]
						},
						"1.125": {
							"vector": [45, 0, 0]
						},
						"1.4167": {
							"vector": [55.33, 0, 0]
						},
						"2.0833": {
							"vector": [60.39, 0, 0]
						},
						"3.5": {
							"vector": [47.5, 0, 0]
						}
					},
					"position": {
						"0.0": {
							"vector": [0, 0, 0]
						},
						"1.0": {
							"vector": [0, -3.3829, 0.62928]
						},
						"1.125": {
							"vector": [0, -0.46711, 3.02711]
						}
					}
				},
				"head": {
					"rotation": {
						"0.0": {
							"vector": [25, 0, 0]
						},
						"1.0": {
							"vector": [27.5, 0, 0]
						}
					}
				},
				"right_arm": {
					"position": {
						"vector": [0, -5429, 0]
					}
				},
				"left_arm": {
					"position": {
						"vector": [0, -4049, 0]
					}
				},
				"right_leg": {
					"rotation": {
						"0.0": {
							"vector": [0, 0, 7.5]
						},
						"1.0": {
							"vector": [30, 0, 7.5]
						},
						"1.125": {
							"vector": [-47.5, 0, 7.5]
						}
					},
					"position": {
						"0.0": {
							"vector": [0, 0, -1]
						},
						"1.125": {
							"vector": [-2.68563, 2.58449, -3.02677]
						},
						"1.75": {
							"vector": [-2.51364, 3.91962, -1.55545]
						},
						"3.0": {
							"vector": [-2.59818, 3.25019, -2.29728]
						}
					}
				},
				"left_leg": {
					"rotation": {
						"0.0": {
							"vector": [0, 0, -5]
						},
						"1.0": {
							"vector": [22.5, 0, -5]
						},
						"1.125": {
							"vector": [-50, 0, -5]
						}
					},
					"position": {
						"0.0": {
							"vector": [0, 0, -1]
						},
						"1.125": {
							"vector": [1.79209, 2.4637, -2.92836]
						},
						"1.75": {
							"vector": [1.67795, 3.74068, -1.39791]
						},
						"3.0": {
							"vector": [1.73602, 3.09966, -2.16604]
						}
					}
				}
			}
		}
	}
}