{
	"format_version": "1.8.0",
	"animations": {
		"gigantstamp": {
			"animation_length": 3,
			"bones": {
				"body": {
					"rotation": {
						"0.0": {
							"vector": [17.5, 0, 0]
						},
						"0.25": {
							"vector": [5, 0, 0]
						},
						"1.25": {
							"vector": [2.5, 0, 0]
						},
						"1.75": {
							"vector": [-17.40744, -43.65747, 12.2127]
						},
						"3.0": {
							"vector": [-12.40744, -43.65747, 12.2127]
						}
					},
					"position": {
						"vector": [0, -0.85835, 0.27064]
					}
				},
				"head": {
					"rotation": {
						"0.0": {
							"vector": [10, 0, 0]
						},
						"0.25": {
							"vector": [0, 0, 0]
						},
						"1.25": {
							"vector": [12.5, 0, 0]
						},
						"1.75": {
							"vector": [30.0844, 64.41955, 27.58848]
						},
						"3.0": {
							"vector": [37.5844, 64.41955, 27.58848]
						}
					}
				},
				"right_arm": {
					"rotation": {
						"0.0": {
							"vector": [35, 0, 20]
						},
						"1.25": {
							"vector": [40, 0, 20]
						},
						"1.75": {
							"vector": [57.5, 0, 20]
						}
					},
					"position": {
						"0.0": {
							"vector": [0, 0, 0]
						},
						"0.25": {
							"vector": [-0.13151, -0.36132, 3.80948]
						}
					}
				},
				"left_arm": {
					"rotation": {
						"0.0": {
							"vector": [26.40319, 7.98133, -15.62489]
						},
						"0.25": {
							"vector": [-138.59681, 7.98133, -15.62489]
						},
						"1.25": {
							"vector": [-141.09681, 7.98133, -15.62489]
						},
						"1.75": {
							"vector": [56.40319, 7.98133, -15.62489]
						}
					},
					"position": {
						"0.0": {
							"vector": [0, 0, 0]
						},
						"0.25": {
							"vector": [0.29575, -2.52687, -2.82267]
						},
						"1.75": {
							"vector": [0.06907, 0.58083, 1.56969]
						}
					}
				},
				"right_leg": {
					"position": {
						"vector": [0, -33278, 0]
					}
				},
				"left_leg": {
					"rotation": {
						"0.0": {
							"vector": [35, 0, 0]
						},
						"0.25": {
							"vector": [-12.5, 0, 0]
						},
						"1.25": {
							"vector": [-27.5, 0, 0]
						},
						"1.75": {
							"vector": [42.5, 0, 0]
						},
						"3.0": {
							"vector": [47.5, 0, 0]
						}
					},
					"position": {
						"0.0": {
							"vector": [0, 0.16315, -4.99734]
						},
						"0.25": {
							"vector": [0, 4.95383, -5.25922]
						},
						"1.25": {
							"vector": [0, 3.20756, -5.37789]
						},
						"1.75": {
							"vector": [0, -0.26507, 0.93854]
						}
					}
				}
			}
		}
	}
}