{
	"format_version": "1.8.0",
	"animations": {
		"globaldecimation": {
			"animation_length": 7,
			"bones": {
				"body": {
					"rotation": {
						"0.0": {
							"vector": [22.5, 0, 0]
						},
						"0.125": {
							"vector": [26.5, 0, 0]
						},
						"0.25": {
							"vector": [29.5, 0, 0]
						},
						"0.4167": {
							"vector": [30.5, 0, 0]
						},
						"0.5": {
							"vector": [31.5, 0, 0]
						},
						"0.5833": {
							"vector": [1.5, 0, 0]
						},
						"0.75": {
							"vector": [-16.5, 0, 0]
						},
						"0.875": {
							"vector": [-39.5, 0, 0]
						},
						"1.1667": {
							"vector": [-80.5, 0, 0]
						},
						"1.75": {
							"vector": [-358, 0, 0]
						},
						"1.9167": {
							"vector": [-373.34, 0, 0]
						},
						"2.2083": {
							"vector": [-364.68, 0, 0]
						},
						"2.9583": {
							"vector": [-360.5, 0, 0]
						},
						"7.0": {
							"vector": [-365.5, 0, 0]
						}
					},
					"position": {
						"0.0": {
							"vector": [0, -9, 4]
						},
						"0.125": {
							"vector": [0, -9.3, 4]
						},
						"0.25": {
							"vector": [0, -9.4, 4]
						},
						"0.4167": {
							"vector": [0, -7.9, 4]
						},
						"0.5": {
							"vector": [0, -6.1, 4]
						},
						"0.5833": {
							"vector": [0, 5.7, -0.5]
						},
						"0.75": {
							"vector": [0, 7.9, -0.5]
						},
						"0.875": {
							"vector": [0, 9.8, -0.5]
						},
						"1.1667": {
							"vector": [0, 10.3, -0.5]
						},
						"2.9583": {
							"vector": [0, 12.4, -0.5]
						},
						"7.0": {
							"vector": [0, 6.3, -0.5]
						}
					}
				},
				"head": {
					"rotation": {
						"0.0": {
							"vector": [25, 0, 0]
						},
						"0.1667": {
							"vector": [-20, 0, 0]
						},
						"0.3333": {
							"vector": [-45, 0, 0]
						},
						"0.5": {
							"vector": [-40, 0, 0]
						},
						"0.6667": {
							"vector": [-15, 0, 0]
						},
						"1.1667": {
							"vector": [-47.5, 0, 0]
						},
						"1.75": {
							"vector": [-5, 0, 0]
						},
						"2.875": {
							"vector": [12.5, 0, 0]
						},
						"7.0": {
							"vector": [7.5, 0, 0]
						}
					}
				},
				"right_arm": {
					"rotation": {
						"0.0": {
							"vector": [41.15088, 11.72145, 46.9133]
						},
						"0.5": {
							"vector": [37.69778, 21.2842, 34.84067]
						},
						"0.75": {
							"vector": [22.69778, 21.2842, 34.84067]
						},
						"1.5417": {
							"vector": [-8.233, 29.41725, 66.91849]
						},
						"2.2083": {
							"vector": [-123.233, 29.41725, 66.91849]
						},
						"2.9583": {
							"vector": [-151.98608, -6.10218, 90.99699]
						}
					},
					"position": {
						"0.0": {
							"vector": [0, 0, 0]
						},
						"2.7083": {
							"vector": [0, -0.5, 0]
						},
						"3.0417": {
							"vector": [0, -2.9, 0]
						},
						"3.4583": {
							"vector": [0, -2, -0.12]
						},
						"7.0": {
							"vector": [0, -2.9, -1.2]
						}
					}
				},
				"left_arm": {
					"rotation": {
						"0.0": {
							"vector": [40, 0, -50]
						},
						"0.5": {
							"vector": [38.66901, -11.14485, -36.42125]
						},
						"0.75": {
							"vector": [23.66901, -11.14485, -36.42125]
						},
						"1.5417": {
							"vector": [-21.74593, 3.87543, -68.19262]
						},
						"2.2083": {
							"vector": [-104.24593, 3.87543, -68.19262]
						},
						"2.9583": {
							"vector": [-153.43781, 17.37071, -86.25842]
						}
					},
					"position": {
						"0.0": {
							"vector": [0, 0, 0]
						},
						"2.7083": {
							"vector": [0, -0.7, 0]
						},
						"3.0417": {
							"vector": [0, -3.7, 0]
						},
						"3.4583": {
							"vector": [0, -3.4, -0.06]
						},
						"7.0": {
							"vector": [0, -3.7, -0.6]
						}
					}
				},
				"right_leg": {
					"rotation": {
						"0.0": {
							"vector": [0, 0, 0]
						},
						"0.5": {
							"vector": [-10, 0, 0]
						},
						"0.5833": {
							"vector": [9.99067, -0.43399, 2.46207]
						},
						"1.0417": {
							"vector": [9.76758, -2.15393, 12.31594]
						},
						"1.75": {
							"vector": [24.45782, -2.15393, 12.31594]
						},
						"2.1667": {
							"vector": [9.45782, -2.15393, 12.31594]
						},
						"3.0": {
							"vector": [2.19138, 0.35499, -2.47577]
						},
						"7.0": {
							"vector": [2.20476, 0.25909, 0.02243]
						}
					},
					"position": {
						"0.0": {
							"vector": [0, 10, -5]
						},
						"0.5": {
							"vector": [0, 8, -5]
						},
						"0.5833": {
							"vector": [-0.5, 0, 0]
						}
					}
				},
				"left_leg": {
					"rotation": {
						"0.0": {
							"vector": [0, 0, 0]
						},
						"0.5": {
							"vector": [-15, 0, 0]
						},
						"0.5833": {
							"vector": [14.98637, 0.64686, -2.41492]
						},
						"1.0417": {
							"vector": [14.78217, 2.57594, -9.6658]
						},
						"1.75": {
							"vector": [27.06063, 2.57594, -9.6658]
						},
						"2.1667": {
							"vector": [7.06063, 2.57594, -9.6658]
						},
						"3.0": {
							"vector": [2.39841, 1.31434, 0.26024]
						},
						"7.0": {
							"vector": [2.39841, 1.31434, 0.26024]
						}
					},
					"position": {
						"0.0": {
							"vector": [0, 10, -5]
						},
						"0.5": {
							"vector": [0, 9, -5]
						},
						"0.5833": {
							"vector": [0.4, 0, 0]
						}
					}
				}
			}
		}
	}
}