{
	"format_version": "1.8.0",
	"animations": {
		"gokukick": {
			"animation_length": 0.3333,
			"bones": {
				"body": {
					"rotation": {
						"0.0": {
							"vector": [0, -37.5, -40]
						},
						"0.0833": {
							"vector": [-1.16524, -24.97457, -37.24194]
						},
						"0.125": {
							"vector": [-58.93301, 42.51196, -38.70243]
						},
						"0.3333": {
							"vector": [-60.96109, 43.76431, -41.66797]
						}
					},
					"position": {
						"0.0": {
							"vector": [0, 0, 0]
						},
						"0.125": {
							"vector": [0, 0, 0]
						},
						"0.1667": {
							"vector": [0, 0, 1]
						},
						"0.2083": {
							"vector": [0, 0, 0]
						}
					}
				},
				"head": {
					"rotation": {
						"0.0": {
							"vector": [44.78507, 38.84468, 36.36024]
						},
						"0.0833": {
							"vector": [38.23726, 27.56578, 24.49135]
						},
						"0.125": {
							"vector": [64.68665, -51.35089, -24.75684]
						},
						"0.3333": {
							"vector": [67.18665, -51.35089, -24.75684]
						}
					}
				},
				"right_arm": {
					"rotation": {
						"0.0": {
							"vector": [-105, 0, 95]
						},
						"0.0833": {
							"vector": [-85, 0, 95]
						},
						"0.125": {
							"vector": [-105, 0, 95]
						},
						"0.3333": {
							"vector": [-92.5, 0, 95]
						}
					}
				},
				"left_arm": {
					"rotation": {
						"0.0": {
							"vector": [41.9978, 43.69869, -37.50059]
						},
						"0.0833": {
							"vector": [36.29418, 26.71662, -55.75979]
						},
						"0.125": {
							"vector": [53.8964, -3.00543, -32.08258]
						},
						"0.3333": {
							"vector": [53.8944, 3.05715, -36.49998]
						}
					}
				},
				"right_leg": {
					"rotation": {
						"0.0": {
							"vector": [0, 37.5, 72.5]
						},
						"0.0833": {
							"vector": [23.44899, 35.64743, 78.28436]
						},
						"0.125": {
							"vector": [19.25637, -11.33111, 60.17126]
						}
					}
				},
				"left_leg": {
					"rotation": {
						"0.0": {
							"vector": [55, 0, -72.5]
						},
						"0.0833": {
							"vector": [32.5, 0, -72.5]
						},
						"0.125": {
							"vector": [-12.5, 0, -72.5]
						},
						"0.3333": {
							"vector": [10, 0, -72.5]
						}
					},
					"position": {
						"0.0": {
							"vector": [4, 0, -4]
						},
						"0.0833": {
							"vector": [4, 0, -6]
						},
						"0.125": {
							"vector": [4, 0, -2]
						}
					}
				}
			}
		}
	}
}