{
	"format_version": "1.8.0",
	"animations": {
		"granderuption": {
			"animation_length": 1.25,
			"bones": {
				"body": {
					"rotation": {
						"0.0": {
							"vector": [-9.13022, 22.63805, 1.87223]
						},
						"0.25": {
							"vector": [-6.9492, 25.81332, 6.91678]
						},
						"0.5": {
							"vector": [54.11955, -41.99293, -32.44295]
						},
						"0.75": {
							"vector": [58.04506, -44.78579, -38.15313]
						},
						"1.25": {
							"vector": [56.656, -46.89101, -36.21724]
						}
					},
					"position": {
						"0.0": {
							"vector": [0, 0, 0]
						},
						"0.25": {
							"vector": [0, 0, 0]
						},
						"0.3333": {
							"vector": [0, -1, 0]
						},
						"0.5": {
							"vector": [0, -9, 0]
						},
						"0.5833": {
							"vector": [0, -10, 0]
						},
						"0.75": {
							"vector": [0, -9, 0]
						}
					}
				},
				"head": {
					"rotation": {
						"0.0": {
							"vector": [22.31791, -20.60059, -5.52798]
						},
						"0.25": {
							"vector": [22.69991, -22.91021, -6.55838]
						},
						"0.5": {
							"vector": [-13.09944, 61.49887, -22.11788]
						},
						"0.75": {
							"vector": [-18.09944, 61.49887, -22.11788]
						},
						"1.25": {
							"vector": [-8.09944, 61.49887, -22.11788]
						}
					}
				},
				"right_arm": {
					"rotation": {
						"0.0": {
							"vector": [-60, 0, 0]
						},
						"0.25": {
							"vector": [-65, 0, 0]
						},
						"0.5": {
							"vector": [-46.17023, 35.63104, 19.52546]
						},
						"0.75": {
							"vector": [-43.45693, 39.15717, 23.98977]
						},
						"1.25": {
							"vector": [-40.95693, 39.15717, 23.98977]
						}
					},
					"position": {
						"0.0": {
							"vector": [0, 5, 0]
						},
						"0.25": {
							"vector": [0, 5, 0]
						},
						"0.375": {
							"vector": [0, 2, 2.5]
						},
						"0.5": {
							"vector": [0, -1, -1]
						}
					}
				},
				"left_arm": {
					"rotation": {
						"0.0": {
							"vector": [-26.94678, -8.21039, -72.83455]
						},
						"0.25": {
							"vector": [-16.94678, -8.21039, -72.83455]
						},
						"0.5": {
							"vector": [55.55322, -8.21039, -72.83455]
						},
						"0.75": {
							"vector": [63.05322, -8.21039, -72.83455]
						},
						"1.25": {
							"vector": [53.05322, -8.21039, -72.83455]
						}
					}
				},
				"right_leg": {
					"rotation": {
						"0.0": {
							"vector": [12.39638, -1.61888, 7.32417]
						},
						"0.25": {
							"vector": [12.45392, -1.08089, 4.88206]
						},
						"0.5": {
							"vector": [45.58511, 24.20608, -16.15636]
						}
					}
				},
				"left_leg": {
					"rotation": {
						"0.0": {
							"vector": [0, -30, -10]
						},
						"0.25": {
							"vector": [4.30963, -29.7174, -18.64388]
						},
						"0.5": {
							"vector": [-2.81841, -29.44347, -4.29979]
						}
					},
					"position": {
						"0.0": {
							"vector": [0, 0, 0]
						},
						"0.25": {
							"vector": [0, 0, 0]
						},
						"0.5": {
							"vector": [0, 11, -5]
						}
					}
				}
			}
		}
	}
}