{
	"format_version": "1.8.0",
	"animations": {
		"grillshot": {
			"animation_length": 2,
			"bones": {
				"body": {
					"rotation": {
						"0.0": {
							"vector": [45, 0, 0]
						},
						"0.0417": {
							"vector": [52.5, 0, 0]
						},
						"0.0833": {
							"vector": [50, 0, 0]
						},
						"0.125": {
							"vector": [45, 0, 0]
						},
						"0.1667": {
							"vector": [52.5, 0, 0]
						},
						"0.2083": {
							"vector": [50, 0, 0]
						},
						"0.25": {
							"vector": [45, 0, 0]
						},
						"0.2917": {
							"vector": [52.5, 0, 0]
						},
						"0.3333": {
							"vector": [50, 0, 0]
						},
						"0.375": {
							"vector": [45, 0, 0]
						},
						"0.4167": {
							"vector": [52.5, 0, 0]
						},
						"0.4583": {
							"vector": [50, 0, 0]
						},
						"0.5": {
							"vector": [45, 0, 0]
						},
						"0.5417": {
							"vector": [52.5, 0, 0]
						},
						"0.5833": {
							"vector": [50, 0, 0]
						},
						"0.625": {
							"vector": [45, 0, 0]
						},
						"0.6667": {
							"vector": [52.5, 0, 0]
						},
						"0.7083": {
							"vector": [50, 0, 0]
						},
						"0.75": {
							"vector": [45, 0, 0]
						},
						"0.7917": {
							"vector": [52.5, 0, 0]
						},
						"0.8333": {
							"vector": [50, 0, 0]
						},
						"0.875": {
							"vector": [45, 0, 0]
						},
						"0.9167": {
							"vector": [52.5, 0, 0]
						},
						"0.9583": {
							"vector": [50, 0, 0]
						},
						"1.0": {
							"vector": [45, 0, 0]
						},
						"1.0417": {
							"vector": [35.26439, -30, 35.26439]
						},
						"1.0833": {
							"vector": [-35.63359, -14.58562, 63.24981]
						},
						"1.125": {
							"vector": [-85.63359, -14.58562, 63.24981]
						},
						"1.1667": {
							"vector": [-163.13359, -14.58562, 63.24981]
						},
						"1.2083": {
							"vector": [-250.63359, -14.58562, 63.24981]
						},
						"1.25": {
							"vector": [-324.76012, 12.01795, 26.61183]
						},
						"1.2917": {
							"vector": [-396.93565, 51.93372, 0.8625]
						},
						"1.3333": {
							"vector": [-479.62271, 44.48535, -100.93462]
						},
						"1.375": {
							"vector": [-481.53052, 37.86346, -96.24708]
						},
						"1.4167": {
							"vector": [-484.03052, 37.86346, -96.24708]
						},
						"1.4583": {
							"vector": [-486.53052, 37.86346, -96.24708]
						},
						"1.5": {
							"vector": [-489.03052, 37.86346, -96.24708]
						},
						"1.5417": {
							"vector": [-425.90812, 4.86979, -20.98069]
						},
						"2.0": {
							"vector": [-433.40812, 4.86979, -20.98069]
						}
					},
					"position": {
						"0.0": {
							"vector": [0, 0, 0]
						},
						"0.0417": {
							"vector": [0, 2, 0]
						},
						"0.125": {
							"vector": [0, 0, 0]
						},
						"0.1667": {
							"vector": [0, 2, 0]
						},
						"0.25": {
							"vector": [0, 0, 0]
						},
						"0.2917": {
							"vector": [0, 2, 0]
						},
						"0.375": {
							"vector": [0, 0, 0]
						},
						"0.4167": {
							"vector": [0, 2, 0]
						},
						"0.5": {
							"vector": [0, 0, 0]
						},
						"0.5417": {
							"vector": [0, 2, 0]
						},
						"0.625": {
							"vector": [0, 0, 0]
						},
						"0.6667": {
							"vector": [0, 2, 0]
						},
						"0.75": {
							"vector": [0, 0, 0]
						},
						"0.7917": {
							"vector": [0, 2, 0]
						},
						"0.875": {
							"vector": [0, 0, 0]
						},
						"0.9167": {
							"vector": [0, 2, 0]
						},
						"1.0": {
							"vector": [0, 0, 0]
						},
						"1.0417": {
							"vector": [4, 3, 0]
						},
						"1.0833": {
							"vector": [5, 6, 3]
						},
						"1.125": {
							"vector": [3, 8, 7]
						},
						"1.1667": {
							"vector": [1, 8, 9]
						},
						"1.2083": {
							"vector": [-3, 7, 6]
						},
						"1.25": {
							"vector": [-3, 3, 2]
						},
						"1.2917": {
							"vector": [-4, 3, -1]
						},
						"1.3333": {
							"vector": [-4, 6, 2]
						},
						"1.375": {
							"vector": [-4, 5, 7]
						},
						"1.4167": {
							"vector": [-4, 4, 8]
						},
						"1.5": {
							"vector": [-4, 4, 7]
						},
						"1.5417": {
							"vector": [-1, 2, -5]
						},
						"1.6667": {
							"vector": [-1, 2, -11.93]
						},
						"1.75": {
							"vector": [-1, 2, -12.89]
						},
						"1.8333": {
							"vector": [-1, 2, -11.93]
						},
						"2.0": {
							"vector": [-1, 2, -7]
						}
					}
				},
				"torso": {
					"rotation": {
						"0.0": {
							"vector": [0, -25, 0]
						},
						"0.125": {
							"vector": [0, 25, 0],
							"easing": "linear"
						},
						"0.25": {
							"vector": [0, -25, 0],
							"easing": "linear"
						},
						"0.375": {
							"vector": [0, 25, 0],
							"easing": "linear"
						},
						"0.5": {
							"vector": [0, -25, 0],
							"easing": "linear"
						},
						"0.625": {
							"vector": [0, 25, 0],
							"easing": "linear"
						},
						"0.75": {
							"vector": [0, -25, 0],
							"easing": "linear"
						},
						"0.875": {
							"vector": [0, 25, 0],
							"easing": "linear"
						},
						"1.0": {
							"vector": [0, -25, 0],
							"easing": "linear"
						},
						"1.5417": {
							"vector": [0, 7.5, 0]
						}
					}
				},
				"head": {
					"rotation": {
						"0.0": {
							"vector": [-37.5, 0, 0]
						},
						"0.25": {
							"vector": [-37.5, 0, 0]
						},
						"0.5": {
							"vector": [-37.5, 0, 0]
						},
						"0.75": {
							"vector": [-37.5, 0, 0]
						},
						"1.5": {
							"vector": [107.23636, -72.81784, -33.62437]
						},
						"1.5417": {
							"vector": [87.53004, -21.4763, 2.42055]
						},
						"2.0": {
							"vector": [70.03004, -21.4763, 2.42055]
						}
					}
				},
				"right_arm": {
					"rotation": {
						"0.0": {
							"vector": [-166.07191, 17.55092, 13.92809]
						},
						"0.0417": {
							"vector": [-133.57191, 17.55092, 13.92809]
						},
						"0.0833": {
							"vector": [-68.57191, 17.55092, 13.92809]
						},
						"0.125": {
							"vector": [48.8594, 2.69995, 27.57892]
						},
						"0.1667": {
							"vector": [31.3594, 2.69995, 27.57892]
						},
						"0.2083": {
							"vector": [-23.6406, 2.69995, 27.57892]
						},
						"0.25": {
							"vector": [-166.07191, 17.55092, 13.92809]
						},
						"0.2917": {
							"vector": [-133.57191, 17.55092, 13.92809]
						},
						"0.3333": {
							"vector": [-68.57191, 17.55092, 13.92809]
						},
						"0.375": {
							"vector": [48.8594, 2.69995, 27.57892]
						},
						"0.4167": {
							"vector": [31.3594, 2.69995, 27.57892]
						},
						"0.4583": {
							"vector": [-23.6406, 2.69995, 27.57892]
						},
						"0.5": {
							"vector": [-166.07191, 17.55092, 13.92809]
						},
						"0.5417": {
							"vector": [-133.57191, 17.55092, 13.92809]
						},
						"0.5833": {
							"vector": [-68.57191, 17.55092, 13.92809]
						},
						"0.625": {
							"vector": [48.8594, 2.69995, 27.57892]
						},
						"0.6667": {
							"vector": [31.3594, 2.69995, 27.57892]
						},
						"0.7083": {
							"vector": [-23.6406, 2.69995, 27.57892]
						},
						"0.75": {
							"vector": [-166.07191, 17.55092, 13.92809]
						},
						"0.7917": {
							"vector": [-133.57191, 17.55092, 13.92809]
						},
						"0.8333": {
							"vector": [-68.57191, 17.55092, 13.92809]
						},
						"0.875": {
							"vector": [48.8594, 2.69995, 27.57892]
						},
						"0.9167": {
							"vector": [31.3594, 2.69995, 27.57892]
						},
						"0.9583": {
							"vector": [-23.6406, 2.69995, 27.57892]
						},
						"1.0": {
							"vector": [-166.07191, 17.55092, 13.92809]
						},
						"1.0833": {
							"vector": [-45.82564, 67.2349, 50.70428]
						},
						"1.2083": {
							"vector": [76.44313, 74.03111, 110.73673]
						},
						"1.5": {
							"vector": [-17.77284, 49.59493, 119.76015]
						},
						"1.5417": {
							"vector": [15.92439, 50.06751, 162.99824]
						}
					},
					"position": {
						"0.0": {
							"vector": [0, 1, -3]
						},