{
	"format_version": "1.8.0",
	"animations": {
		"gura2": {
			"animation_length": 3,
			"bones": {
				"body": {
					"rotation": {
						"0.0": {
							"vector": [2.5, 0, 0]
						},
						"0.1667": {
							"vector": [3.8, 0, 0]
						},
						"0.5": {
							"vector": [30, 0, 0]
						},
						"0.625": {
							"vector": [32.5, 0, 0]
						},
						"0.75": {
							"vector": [-5, 0, 0]
						},
						"1.5": {
							"vector": [-10, 0, 0]
						},
						"2.0": {
							"vector": [-5, 0, 0]
						},
						"2.0833": {
							"vector": [40, 0, 0]
						},
						"2.1667": {
							"vector": [65, 0, 0]
						},
						"3.0": {
							"vector": [70, 0, 0]
						}
					},
					"position": {
						"0.0": {
							"vector": [0, 0, 0]
						},
						"0.1667": {
							"vector": [0, -1.56, 0]
						},
						"0.5": {
							"vector": [0, -8, 0]
						},
						"0.625": {
							"vector": [0, -7, 0]
						},
						"0.75": {
							"vector": [0, 8, 0]
						},
						"1.5": {
							"vector": [0, 12, 0]
						},
						"1.6667": {
							"vector": [0, 12.33, 0]
						},
						"2.0": {
							"vector": [0, 10, 0]
						},
						"2.0833": {
							"vector": [0, -8, 0]
						},
						"2.1667": {
							"vector": [0, 0, 6]
						},
						"3.0": {
							"vector": [0, 1, 6]
						}
					}
				},
				"head": {
					"rotation": {
						"0.0": {
							"vector": [0, 0, 0]
						},
						"0.1667": {
							"vector": [-2.5, 0, 0]
						},
						"0.3333": {
							"vector": [12.5, 0, 0]
						},
						"0.5": {
							"vector": [22.5, 0, 0]
						},
						"0.7083": {
							"vector": [37.5, 0, 0]
						},
						"0.9167": {
							"vector": [25, 0, 0]
						},
						"1.125": {
							"vector": [17.5, 0, 0]
						},
						"1.2917": {
							"vector": [25, 0, 0]
						},
						"1.4583": {
							"vector": [32.5, 0, 0]
						},
						"1.6667": {
							"vector": [52.5, 0, 0]
						},
						"1.875": {
							"vector": [47.5, 0, 0]
						}
					}
				},
				"right_arm": {
					"rotation": {
						"0.0": {
							"vector": [-7.5, 0, 0]
						},
						"0.125": {
							"vector": [-25, 0, 0]
						},
						"0.2917": {
							"vector": [-12.5, 0, 0]
						},
						"0.4167": {
							"vector": [10, 0, 0]
						},
						"0.5417": {
							"vector": [-40, 0, 0]
						},
						"0.7083": {
							"vector": [-110, 0, 0]
						},
						"0.875": {
							"vector": [-172.5, 0, 0]
						},
						"1.0417": {
							"vector": [-200, 0, 0]
						},
						"1.5": {
							"vector": [-205.75612, 8.31087, 23.66235]
						},
						"2.0": {
							"vector": [-208.25612, 8.31087, 23.66235]
						},
						"2.0833": {
							"vector": [-61.10395, -22.85726, 7.3958]
						},
						"2.25": {
							"vector": [-41.10395, -22.85726, 7.3958]
						},
						"3.0": {
							"vector": [-76.10395, -22.85726, 7.3958]
						}
					},
					"position": {
						"0.0": {
							"vector": [0, -1, 0]
						},
						"0.125": {
							"vector": [0, -2, 1.6]
						},
						"0.2917": {
							"vector": [0, -1, 3]
						},
						"0.4167": {
							"vector": [0, -1, 3.5]
						},
						"0.5417": {
							"vector": [0, -3, 2.5]
						},
						"0.7083": {
							"vector": [0, 0.3, -2.9]
						},
						"0.875": {
							"vector": [0, 2.6, 0.5]
						},
						"1.0417": {
							"vector": [0, 2.9, 2.2]
						},
						"1.5": {
							"vector": [0, 2.3, 2.2]
						},
						"2.0833": {
							"vector": [0, -0.7, -2.8]
						}
					}
				},
				"left_arm": {
					"rotation": {
						"0.0": {
							"vector": [-7.5, 0, 0]
						},
						"0.125": {
							"vector": [-25, 0, 0]
						},
						"0.2917": {
							"vector": [-12.5, 0, 0]
						},
						"0.4167": {
							"vector": [10, 0, 0]
						},
						"0.5417": {
							"vector": [-40, 0, 0]
						},
						"0.7083": {
							"vector": [-110, 0, 0]
						},
						"0.875": {
							"vector": [-172.5, 0, 0]
						},
						"1.0417": {
							"vector": [-200, 0, 0]
						},
						"1.5": {
							"vector": [-207.49524, -9.84655, -28.48124]
						},
						"2.0": {
							"vector": [-207.49524, -9.84655, -28.48124]
						},
						"2.0833": {
							"vector": [-63.2888, 19.66469, -9.37553]
						},
						"2.25": {
							"vector": [-45.7888, 19.66469, -9.37553]
						},
						"3.0": {
							"vector": [-63.2888, 19.66469, -9.37553]
						}
					},
					"position": {
						"0.0": {
							"vector": [0, -1, 0]
						},
						"0.125": {
							"vector": [0, -2, 1.6]
						},
						"0.2917": {
							"vector": [0, -1, 3]
						},
						"0.4167": {
							"vector": [0, -1, 3.5]
						},
						"0.5417": {
							"vector": [0, -3, 2.5]
						},
						"0.7083": {
							"vector": [0, 0.3, -2.9]
						},
						"0.875": {
							"vector": [0, 2.6, 0.5]
						},
						"1.0417": {
							"vector": [0, 2.9, 2.2]
						},
						"1.5": {
							"vector": [0, 2.3, 2.2]
						},
						"2.0833": {
							"vector": [0, -0.7, -2.8]
						}
					}
				},
				"right_leg": {
					"rotation": {
						"0.0": {
							"vector": [5, 0, 0]
						},
						"0.375": {
							"vector": [12.5, 0, 0]
						},
						"0.625": {
							"vector": [15, 0, 0]
						},
						"0.875": {
							"vector": [-10, 0, 0]
						},
						"2.0": {
							"vector": [-20, 0, 0]
						},
						"2.25": {
							"vector": [47.5, 0, 0]
						},
						"3.0": {
							"vector": [57.5, 0, 0]
						}
					},
					"position": {
						"0.0": {
							"vector": [0, 0, -1]
						},
						"0.375": {
							"vector": [0, 6, -5]
						},
						"0.625": {
							"vector": [0, 8, -6]
						},
						"0.75": {
							"vector": [0, -1, 0]
						},
						"0.875": {
							"vector": [0, 0, 0]
						},
						"2.0": {
							"vector": [0, 0, -1]
						},
						"2.25": {
							"vector": [0, 0, 2]
						}
					}
				},
				"left_leg": {
					"rotation": {
						"0.0": {
							"vector": [5, 0, 0]
						},
						"0.1667": {
							"vector": [12.5, 0, 0]
						},
						"0.375": {
							"vector": [2.5, 0, 0]
						},
						"0.625": {
							"vector": [5, 0, 0]
						},
						"0.7083": {
							"vector": [-9.96944, -0.46757, 0.52087]
						},
						"0.875": {
							"vector": [10.03056, -0.46757, 0.52087]
						},
						"1.0417": {
							"vector": [26.2232, -0.46757, 0.52087]
						},
						"1.25": {
							"vector": [34.95768, -0.46757, 0.52087]
						},
						"1.4167": {
							"vector": [39.81768, -0.46757, 0.52087]
						},
						"2.0": {
							"vector": [42.31768, -0.46757, 0.52087]
						},
						"2.25": {
							"vector": [-37.68232, -0.46757, 0.52087]
						},
						"3.0": {
							"vector": [-47.68232, -0.46757, 0.52087]
						}
					},
					"position": {
						"0.0": {
							"vector": [0, 0, -1]
						},
						"0.1667": {
							"vector": [0, 0, -4]
						},
						"0.375": {
							"vector": [0, 7, -6]
						},
						"0.625": {
							"vector": [0, 9, -5]
						},
						"0.7083": {
							"vector": [0, -1, -1]
						},
						"0.875": {
							"vector": [0, -1, 0]
						},
						"1.0417": {
							"vector": [0, 0, 1]
						},
						"1.25": {
							"vector": [0, 0, -3]
						},
						"1.4167": {
							"vector": [0, 0, -4]
						},
						"2.0": {
							"vector": [0, 0, -5]
						},
						"2.25": {
							"vector": [0, 0, -1]
						}
					}
				}
			}
		}
	}
}