{
	"format_version": "1.8.0",
	"animations": {
		"gurauppercut2": {
			"animation_length": 1.3333,
			"bones": {
				"body": {
					"rotation": {
						"0.0": {
							"vector": [15.12353, 7.24305, 1.95155]
						},
						"0.0833": {
							"vector": [13.00409, 14.47751, 3.96713]
						},
						"0.2083": {
							"vector": [14.52342, 21.17052, 8.38578]
						},
						"0.3333": {
							"vector": [10.29685, 28.22073, -1.16971]
						},
						"0.375": {
							"vector": [12.09739, -39.70959, -16.10797]
						},
						"0.75": {
							"vector": [12.09739, -39.70959, -16.10797]
						},
						"0.7917": {
							"vector": [76.98332, -84.71187, -66.73424]
						},
						"1.0": {
							"vector": [131.35936, -83.59795, -116.33528]
						},
						"1.25": {
							"vector": [128.85936, -83.59795, -116.33528]
						}
					},
					"position": {
						"0.0": {
							"vector": [0, 0, 0]
						},
						"0.0833": {
							"vector": [0, 0.9, 1]
						},
						"0.2083": {
							"vector": [0, 0.4, 1.5]
						},
						"0.3333": {
							"vector": [0, -0.3, 1.2]
						},
						"0.375": {
							"vector": [0, -0.3, -0.9]
						},
						"0.75": {
							"vector": [0, -0.3, -0.9]
						}
					}
				},
				"head": {
					"rotation": {
						"0.0": {
							"vector": [12.5, 0, 0]
						},
						"0.1667": {
							"vector": [12.79362, -12.19908, -2.74715]
						},
						"0.3333": {
							"vector": [14.35885, -29.21893, -7.12284]
						},
						"0.375": {
							"vector": [16.14054, 38.86967, 10.29354]
						},
						"0.75": {
							"vector": [16.14054, 38.86967, 10.29354]
						},
						"0.875": {
							"vector": [46.14054, 38.86967, 10.29354]
						},
						"1.0417": {
							"vector": [36.14054, 38.86967, 10.29354]
						}
					}
				},
				"right_arm": {
					"rotation": {
						"0.0": {
							"vector": [-55, 0, 0]
						},
						"0.1667": {
							"vector": [-69.3531, 14.0761, 5.23619]
						},
						"0.3333": {
							"vector": [-68.58254, 49.19625, 20.95834]
						},
						"0.375": {
							"vector": [-104.78909, 22.94725, 31.34969]
						},
						"0.75": {
							"vector": [-104.78909, 22.94725, 31.34969]
						},
						"0.7917": {
							"vector": [-162.9023, 25.69483, 9.99741]
						},
						"1.0": {
							"vector": [-177.9023, 25.69483, 9.99741]
						},
						"1.25": {
							"vector": [-190.4023, 25.69483, 9.99741]
						}
					},
					"position": {
						"0.0": {
							"vector": [0, -3, 3]
						},
						"0.1667": {
							"vector": [0, -2, 5.5]
						},
						"0.3333": {
							"vector": [1.4, -3, 5]
						},
						"0.375": {
							"vector": [-1.6, -6, -1]
						},
						"0.75": {
							"vector": [-1.6, -6, -1]
						},
						"0.7917": {
							"vector": [-2.6, 4, -2]
						},
						"1.0": {
							"vector": [-1.6, 5, -2]
						},
						"1.25": {
							"vector": [-1.6, 2, -3]
						}
					}
				},
				"left_arm": {
					"rotation": {
						"0.0": {
							"vector": [-37.5, 0, 0]
						},
						"0.2083": {
							"vector": [-36.54514, -9.06524, -12.0012]
						},
						"0.375": {
							"vector": [-35.79355, -12.0174, -16.10644]
						},
						"0.75": {
							"vector": [-35.79355, -12.0174, -16.10644]
						},
						"0.9167": {
							"vector": [-32.90921, -19.09208, -26.81303]
						}
					},
					"position": {
						"0.0": {
							"vector": [0, 0, 5]
						},
						"0.2083": {
							"vector": [0, -2, 5]
						},
						"0.75": {
							"vector": [0, -2, 5]
						},
						"0.9167": {
							"vector": [0, -4, 5]
						}
					}
				},
				"right_leg": {
					"rotation": {
						"0.0": {
							"vector": [-30, 0, 0]
						},
						"0.3333": {
							"vector": [-7.5, 0, 0]
						},
						"0.375": {
							"vector": [-7.32417, 1.61888, 12.39638]
						},
						"0.75": {
							"vector": [-7.32417, 1.61888, 12.39638]
						},
						"0.7917": {
							"vector": [5.17583, 1.61888, 12.39638]
						},
						"1.0": {
							"vector": [-7.32417, 1.61888, 12.39638]
						}
					},
					"position": {
						"0.0": {
							"vector": [0, 0, 0]
						},
						"0.3333": {
							"vector": [0, 1, -3]
						}
					}
				},
				"left_leg": {
					"rotation": {
						"0.0": {
							"vector": [-7.5, 0, 0]
						},
						"0.3333": {
							"vector": [5, 0, 0]
						},
						"0.375": {
							"vector": [4.99527, -0.21782, 2.4905]
						},
						"0.75": {
							"vector": [4.99527, -0.21782, 2.4905]
						},
						"1.0": {
							"vector": [7.49527, -0.21782, 2.4905]
						}
					}
				}
			}
		}
	}
}