{
	"format_version": "1.8.0",
	"animations": {
		"gura1": {
			"animation_length": 2.2917,
			"bones": {
				"body": {
					"rotation": {
						"0.0": {
							"vector": [22.5, 0, 0]
						},
						"0.125": {
							"vector": [13.1015, -39.69703, -9.22048]
						},
						"0.3333": {
							"vector": [13.87929, -51.79365, -13.77022]
						},
						"0.5417": {
							"vector": [12.1984, -54.2164, -14.79554]
						},
						"1.5": {
							"vector": [15.48978, -56.65632, -15.75632]
						},
						"1.5417": {
							"vector": [18.51544, -7.53937, -3.84667]
						},
						"1.75": {
							"vector": [18.51544, -7.53937, -3.84667]
						},
						"1.7917": {
							"vector": [24.0703, 39.47744, 14.52388]
						},
						"1.875": {
							"vector": [41.95112, 63.44172, 37.08304]
						},
						"2.0833": {
							"vector": [27.75486, 48.02756, 19.85624]
						},
						"2.25": {
							"vector": [17.56935, 41.15418, 8.34418]
						}
					},
					"position": {
						"0.0": {
							"vector": [0, 0, 0]
						},
						"1.5417": {
							"vector": [0, 0, 0.45]
						},
						"1.75": {
							"vector": [0, 0, -0.4]
						}
					}
				},
				"head": {
					"rotation": {
						"0.0": {
							"vector": [5, 0, 0]
						},
						"0.25": {
							"vector": [7.05323, 44.78238, 4.98107]
						},
						"0.5833": {
							"vector": [14.87872, 47.2626, 5.43327]
						},
						"0.8333": {
							"vector": [17.37872, 47.2626, 5.43327]
						},
						"1.5": {
							"vector": [19.87872, 47.2626, 5.43327]
						},
						"1.5417": {
							"vector": [-7.99187, 6.949, 0.00245]
						},
						"1.75": {
							"vector": [-0.49187, 6.949, 0.00245]
						},
						"1.7917": {
							"vector": [-0.73039, -48.04844, 0.60517]
						},
						"1.875": {
							"vector": [-3.97215, -67.90625, 4.65346]
						},
						"2.25": {
							"vector": [-8.97078, -47.41171, 11.72511]
						}
					}
				},
				"right_arm": {
					"rotation": {
						"0.0": {
							"vector": [0, 0, 72.5]
						},
						"0.1667": {
							"vector": [14.67824, 0, 72.5]
						},
						"0.3333": {
							"vector": [-170.5648, -5.71131, 77.36925]
						},
						"0.5833": {
							"vector": [-193.0648, -5.71131, 77.36925]
						},
						"1.5": {
							"vector": [-195.5648, -5.71131, 77.36925]
						},
						"1.5417": {
							"vector": [-167.03178, 11.05392, 95.74971]
						},
						"1.75": {
							"vector": [-162.03178, 11.05392, 95.74971]
						},
						"1.7917": {
							"vector": [-47.03178, 11.05392, 95.74971]
						},
						"2.0417": {
							"vector": [4.68433, -11.43552, 73.01531]
						},
						"2.25": {
							"vector": [-39.30225, -30.17673, 54.06998]
						}
					},
					"position": {
						"0.0": {
							"vector": [0, 0, 0]
						},
						"0.3333": {
							"vector": [3, 0, -8]
						},
						"0.5833": {
							"vector": [4, 0, -6]
						},
						"1.5": {
							"vector": [4, -1, -6]
						},
						"1.5417": {
							"vector": [1, -1, -7]
						},
						"1.75": {
							"vector": [1, -1, -7]
						},
						"1.7917": {
							"vector": [-2, -1, -2]
						}
					}
				},
				"left_arm": {
					"rotation": {
						"0.0": {
							"vector": [-32.5, 0, 0]
						},
						"0.2083": {
							"vector": [-14.54207, -3.00943, -15.92381]
						},
						"0.5417": {
							"vector": [0.45793, -3.00943, -15.92381]
						},
						"0.75": {
							"vector": [5.45793, -3.00943, -15.92381]
						},
						"0.9583": {
							"vector": [7.95793, -3.00943, -15.92381]
						},
						"1.1667": {
							"vector": [5.45793, -3.00943, -15.92381]
						},
						"1.5": {
							"vector": [2.95793, -3.00943, -15.92381]
						},
						"1.5417": {
							"vector": [18.5387, -2.29832, -28.4171]
						},
						"1.75": {
							"vector": [23.5387, -2.29832, -28.4171]
						},
						"1.7917": {
							"vector": [46.0387, -2.29832, -28.4171]
						},
						"2.25": {
							"vector": [45.58168, -7.67985, -23.17135]
						}
					},
					"position": {
						"0.0": {
							"vector": [0, 0, 0]
						},
						"1.7917": {
							"vector": [0, 0, 2]
						}
					}
				},
				"right_leg": {
					"rotation": {
						"0.0": {
							"vector": [-45, 0, 0]
						},
						"0.25": {
							"vector": [-17.25002, 2.99318, 9.54589]
						},
						"1.5": {
							"vector": [-14.60967, 3.73171, 11.93845]
						},
						"1.5417": {
							"vector": [-29.60967, 3.73171, 11.93845]
						},
						"1.7917": {
							"vector": [-38.3127, -9.78376, -12.10156]
						}
					}
				},
				"left_leg": {
					"rotation": {
						"0.0": {
							"vector": [0, 0, 0]
						},
						"1.5": {
							"vector": [0, 0, -2.5]
						},
						"1.5417": {
							"vector": [7.5, 0, -2.5]
						},
						"1.7917": {
							"vector": [10, 0, -2.5]
						}
					}
				}
			}
		}
	}
}