{
	"format_version": "1.8.0",
	"animations": {
		"haki3": {
			"animation_length": 1,
			"bones": {
				"body": {
					"rotation": {
						"0.0": {
							"vector": [5, 0, 0]
						},
						"0.125": {
							"vector": [-2.5, 0, 0]
						},
						"0.5": {
							"vector": [4.87884, 17.48281, -0.78795]
						},
						"1.0": {
							"vector": [5.3134, 12.28083, 1.32676]
						}
					}
				},
				"head": {
					"rotation": {
						"0.0": {
							"vector": [20, 0, 0]
						},
						"0.125": {
							"vector": [12.5, 0, 0]
						},
						"0.5": {
							"vector": [12.76697, -13.82107, 4.58156]
						},
						"1.0": {
							"vector": [13.23086, -10.82299, 2.6643]
						}
					}
				},
				"right_arm": {
					"rotation": {
						"0.0": {
							"vector": [-161.36519, -18.95323, 1.25332]
						},
						"0.125": {
							"vector": [-150.01857, 3.3631, -11.96907]
						},
						"0.5": {
							"vector": [-96.388, -20.7885, -52.09348]
						},
						"1.0": {
							"vector": [-101.63197, -25.75631, -51.47659]
						}
					},
					"position": {
						"0.0": {
							"vector": [0, 0, 0]
						},
						"0.125": {
							"vector": [0, -6, 4]
						},
						"0.5": {
							"vector": [0, -5, 1]
						}
					}
				},
				"left_arm": {
					"rotation": {
						"0.0": {
							"vector": [-154.41991, 32.96131, 5.50708]
						},
						"0.125": {
							"vector": [-146.46067, -6.40896, 16.90758]
						},
						"0.5": {
							"vector": [-105.25286, 26.16307, 36.72539]
						},
						"1.0": {
							"vector": [-121.63863, 30.45237, 33.80563]
						}
					},
					"position": {
						"0.0": {
							"vector": [0, 0, 0]
						},
						"0.125": {
							"vector": [0, -6, 4]
						},
						"0.5": {
							"vector": [1, -4, -1]
						}
					}
				}
			}
		}
	}
}