{
	"format_version": "1.8.0",
	"animations": {
		"haki2": {
			"animation_length": 1.9167,
			"bones": {
				"body": {
					"rotation": {
						"0.0": {
							"vector": [-2.5, 0, 0]
						},
						"0.2083": {
							"vector": [5, 0, 0]
						},
						"0.625": {
							"vector": [0, 0, 0]
						},
						"1.25": {
							"vector": [0, -22.5, 0]
						},
						"1.75": {
							"vector": [0, -17.5, 0]
						}
					}
				},
				"head": {
					"rotation": {
						"0.0": {
							"vector": [12.5, 0, 0]
						},
						"0.2083": {
							"vector": [12.5, 0, 0]
						},
						"0.75": {
							"vector": [7.5, 0, 0]
						},
						"1.25": {
							"vector": [17.85952, 17.34551, 2.35666]
						},
						"1.75": {
							"vector": [17.45395, 12.58075, 0.78732]
						}
					}
				},
				"right_arm": {
					"rotation": {
						"0.0": {
							"vector": [-163.49629, -5.90316, 19.14314]
						},
						"0.2083": {
							"vector": [-160.99629, -5.90316, 19.14314]
						},
						"0.375": {
							"vector": [-134.90866, -5.90316, 19.14314]
						},
						"0.625": {
							"vector": [4.00371, -5.90316, 19.14314]
						},
						"0.75": {
							"vector": [14.00371, -5.90316, 19.14314]
						},
						"1.25": {
							"vector": [-120.99629, -5.90316, 19.14314]
						},
						"1.4583": {
							"vector": [-123.9905, -5.90316, 19.14314]
						},
						"1.75": {
							"vector": [-115.99629, -5.90316, 19.14314]
						}
					},
					"position": {
						"0.0": {
							"vector": [0, -3, -4]
						},
						"0.0833": {
							"vector": [-0.67, -8, -3.33]
						},
						"0.2083": {
							"vector": [-1, -6, -3]
						},
						"0.625": {
							"vector": [-1, 0, 0]
						},
						"1.25": {
							"vector": [-1, -4, -2]
						},
						"1.75": {
							"vector": [-1, -4, -1]
						}
					}
				},
				"left_arm": {
					"rotation": {
						"0.0": {
							"vector": [-168.42482, 4.75113, -22.01816]
						},
						"0.2083": {
							"vector": [-165.92482, 4.75113, -22.01816]
						},
						"0.375": {
							"vector": [-136.88636, 4.75113, -22.01816]
						},
						"0.625": {
							"vector": [1.57518, 4.75113, -22.01816]
						},
						"0.75": {
							"vector": [6.57518, 4.75113, -22.01816]
						},
						"1.25": {
							"vector": [-125.92482, 4.75113, -22.01816]
						},
						"1.4583": {
							"vector": [-125.45482, 4.75113, -22.01816]
						},
						"1.75": {
							"vector": [-118.42482, 4.75113, -22.01816]
						}
					},
					"position": {
						"0.0": {
							"vector": [0, -3, -5]
						},
						"0.0833": {
							"vector": [0.67, -8, -4.33]
						},
						"0.2083": {
							"vector": [1, -6, -4]
						},
						"0.625": {
							"vector": [1, 0, 0]
						},
						"1.25": {
							"vector": [1, -5, -1]
						},
						"1.75": {
							"vector": [1, -5, 0]
						}
					}
				}
			}
		}
	}
}