{
	"format_version": "1.8.0",
	"animations": {
		"haki1": {
			"animation_length": 0.75,
			"bones": {
				"body": {
					"rotation": {
						"0.0": {
							"vector": [0, 10, 0]
						},
						"0.125": {
							"vector": [0, -5, 0]
						},
						"0.75": {
							"vector": [2.39088, -2.49762, 2.50238]
						}
					}
				},
				"head": {
					"rotation": {
						"0.0": {
							"vector": [9.25768, -10.68992, 3.25489]
						},
						"0.125": {
							"vector": [9.8159, 5.35489, -1.60212]
						},
						"0.75": {
							"vector": [4.8159, 5.35489, -1.60212]
						}
					}
				},
				"right_arm": {
					"rotation": {
						"0.0": {
							"vector": [0, 0, 5]
						},
						"0.2083": {
							"vector": [0, 0, 17.5]
						},
						"0.5417": {
							"vector": [2.44081, 0.54094, 5.01152]
						}
					}
				},
				"left_arm": {
					"rotation": {
						"0.0": {
							"vector": [-44.31081, 26.06465, 24.23178]
						},
						"0.125": {
							"vector": [8.65714, -4.59121, -28.76383]
						},
						"0.1667": {
							"vector": [23.65714, -4.59121, -28.76383]
						},
						"0.4167": {
							"vector": [21.82409, -10.41868, -14.81573]
						},
						"0.625": {
							"vector": [14.32409, -10.41868, -14.81573]
						},
						"0.75": {
							"vector": [-0.67591, -10.41868, -14.81573]
						}
					}
				}
			}
		}
	}
}