{
	"format_version": "1.8.0",
	"animations": {
		"headcrushercontinue": {
			"animation_length": 3,
			"bones": {
				"body": {
					"rotation": {
						"0.0": {
							"vector": [7.97532, -19.82169, -2.71994]
						},
						"0.25": {
							"vector": [7.97532, -19.82169, -2.71994]
						},
						"0.5": {
							"vector": [-4.5254, -17.32326, 12.88969]
						},
						"0.75": {
							"vector": [2.9746, -17.32326, 12.88969]
						},
						"0.7917": {
							"vector": [88.99553, -35.63953, -29.70691]
						},
						"1.5": {
							"vector": [91.49553, -35.63953, -29.70691],
							"easing": "easeOutQuint"
						},
						"2.0": {
							"vector": [86.1252, -35.48343, -20.48601]
						},
						"2.125": {
							"vector": [93.28332, -35.53527, -32.77853]
						},
						"3.0": {
							"vector": [89.70197, -35.66566, -26.63028]
						}
					},
					"position": {
						"0.0": {
							"vector": [0, 0, -1]
						},
						"0.25": {
							"vector": [0, 0, -1]
						},
						"0.375": {
							"vector": [1, 0, -2]
						},
						"0.5": {
							"vector": [2, 0, -5]
						},
						"0.75": {
							"vector": [2, 0, -6]
						},
						"0.7917": {
							"vector": [2, -14, -9]
						},
						"0.8333": {
							"vector": [2, -1, -9]
						},
						"0.875": {
							"vector": [2, -4, -9]
						},
						"2.0": {
							"vector": [2, -3.2, -9]
						},
						"2.0417": {
							"vector": [2, -5, -9]
						},
						"2.0833": {
							"vector": [2, -3, -9]
						},
						"2.125": {
							"vector": [2, -4, -9]
						},
						"3.0": {
							"vector": [2, -3, -9]
						}
					}
				},
				"head": {
					"rotation": {
						"0.0": {
							"vector": [10, 30, 0]
						},
						"0.25": {
							"vector": [2.5, 30, 0]
						},
						"0.5": {
							"vector": [25.03417, 16.18195, -6.33313]
						},
						"0.75": {
							"vector": [20.03417, 16.18195, -6.33313]
						},
						"0.7917": {
							"vector": [27.53417, 16.18195, -6.33313]
						},
						"1.5": {
							"vector": [20.03417, 16.18195, -6.33313],
							"easing": "easeOutQuint"
						}
					}
				},
				"right_arm": {
					"rotation": {
						"0.0": {
							"vector": [-95, 12.5, 0]
						},
						"0.25": {
							"vector": [-95, 12.5, 0]
						},
						"0.5": {
							"vector": [-82.5, 12.5, 0]
						},
						"0.75": {
							"vector": [-80.78842, 37.24551, 3.97353]
						},
						"0.7917": {
							"vector": [-82.20938, 19.93354, 1.03842]
						},
						"1.25": {
							"vector": [-82.077, 22.41008, 1.40487],
							"easing": "easeOutQuint"
						},
						"2.125": {
							"vector": [-81.75054, 27.36045, 2.17993]
						},
						"3.0": {
							"vector": [-82.077, 22.41008, 1.40487],
							"easing": "easeOutQuint"
						}
					},
					"position": {
						"0.0": {
							"vector": [-1, 1, -4]
						},
						"0.25": {
							"vector": [-1, 1, -4]
						},
						"0.5": {
							"vector": [-2, 0, 5]
						},
						"0.6667": {
							"vector": [-0.33, 0, 6.67]
						},
						"0.7083": {
							"vector": [-4.16, 0, 0.84]
						},
						"0.75": {
							"vector": [0, 0, 7]
						},
						"0.7917": {
							"vector": [0, 0, -2]
						},
						"1.25": {
							"vector": [-2, 0, 2],
							"easing": "easeOutQuint"
						},
						"2.0": {
							"vector": [-2, 0, 2.9]
						},
						"2.0417": {
							"vector": [-2, 0, -1]
						},
						"2.0833": {
							"vector": [-2, 0, 2.6]
						},
						"2.125": {
							"vector": [-2, 0, 0]
						},
						"3.0": {
							"vector": [-2, 0, 2],
							"easing": "easeOutQuint"
						}
					}
				},
				"left_arm": {
					"rotation": {
						"0.0": {
							"vector": [-7.5, -30, 0]
						},
						"0.25": {
							"vector": [-7.5, -30, 0]
						},
						"0.5": {
							"vector": [-27.5, -30, 0]
						},
						"0.75": {
							"vector": [0.71678, -34.18337, -10.73075]
						},
						"0.7917": {
							"vector": [55.71678, -34.18337, -10.73075]
						},
						"1.25": {
							"vector": [-60.56797, -23.61472, -18.37717],
							"easing": "easeOutQuint"
						},
						"1.5417": {
							"vector": [-61.77305, -17.3377, -14.75554]
						},
						"2.125": {
							"vector": [-58.64411, -30.08724, -22.62824]
						},
						"2.2917": {
							"vector": [-53.69747, -40.49341, -31.1449]
						},
						"2.5": {
							"vector": [-58.57511, -30.24759, -22.75241]
						},
						"3.0": {
							"vector": [-59.76851, -21.57478, -17.41212]
						}
					},
					"position": {
						"0.0": {
							"vector": [0, 0, 0]
						},
						"0.25": {
							"vector": [0, 0, 0]
						},
						"0.5": {
							"vector": [0, 0, 4]
						},
						"0.7917": {
							"vector": [0, 1, 4]
						}
					}
				},
				"right_leg": {
					"rotation": {
						"0.0": {
							"vector": [-2.5, 0, 12.5]
						},
						"0.25": {
							"vector": [-2.5, 0, 12.5]
						},
						"0.5": {
							"vector": [15, 0, 12.5]
						},
						"0.75": {
							"vector": [-12.5, 0, 12.5]
						},
						"0.7917": {
							"vector": [10, 0, 12.5]
						},
						"1.25": {
							"vector": [17.5, 0, 12.5],
							"easing": "easeOutQuint"
						},
						"3.0": {
							"vector": [17.5, 0, 12.5],
							"easing": "easeOutQuint"
						}
					},
					"position": {
						"0.0": {
							"vector": [0, 0, 0]
						},
						"0.25": {
							"vector": [0, 0, 0]
						},
						"0.5": {
							"vector": [0, 3, -5]
						},
						"0.75": {
							"vector": [0, 3, -4]
						},
						"0.7917": {
							"vector": [0, 3, -6]
						}
					}
				},
				"left_leg": {
					"rotation": {
						"0.0": {
							"vector": [-7.5, 0, -5]
						},
						"0.25": {
							"vector": [-7.5, 0, -5]
						},
						"0.5": {
							"vector": [27.14233, 4.59902, -13.88927]
						},
						"0.75": {
							"vector": [24.64233, 4.59902, -13.88927]
						},
						"0.7917": {
							"vector": [39.69625, 13.88896, -42.1397]
						},
						"1.25": {
							"vector": [-21.25346, -8.63076, -1.07708],
							"easing": "easeOutQuint"
						},
						"3.0": {
							"vector": [-21.25346, -8.63076, -1.07708],
							"easing": "easeOutQuint"
						}
					},
					"position": {
						"0.0": {
							"vector": [0, 0, 0]
						},
						"1.25": {
							"vector": [0, -1, 0]
						},
						"3.0": {
							"vector": [0, -1, 0]
						}
					}
				}
			}
		}
	}
}