{
	"format_version": "1.8.0",
	"animations": {
		"headcrusherstart": {
			"animation_length": 0.375,
			"bones": {
				"body": {
					"rotation": {
						"0.0": {
							"vector": [7.5, 35, 0]
						},
						"0.0833": {
							"vector": [31.50519, -46.91401, -10.92044]
						},
						"0.1667": {
							"vector": [44.16672, -58.75335, -26.57449]
						},
						"0.25": {
							"vector": [38.62711, -55.12155, -20.05126]
						}
					}
				},
				"head": {
					"rotation": {
						"0.0": {
							"vector": [-2.5, -32.5, 0]
						},
						"0.0833": {
							"vector": [-3.91686, 57.4145, -4.64565]
						},
						"0.125": {
							"vector": [-5.48911, 67.38194, -6.41308]
						},
						"0.1667": {
							"vector": [-8.08232, 74.83145, -9.14812]
						}
					}
				},
				"right_arm": {
					"rotation": {
						"0.0": {
							"vector": [-40, 0, 105]
						},
						"0.0833": {
							"vector": [-28.76309, 7.30349, 101.71255]
						},
						"0.125": {
							"vector": [-60.01309, 7.30349, 101.71255]
						},
						"0.25": {
							"vector": [-73.76309, 7.30349, 101.71255]
						}
					},
					"position": {
						"0.0": {
							"vector": [-3, 0, 3]
						},
						"0.0833": {
							"vector": [-3, 1, -2]
						},
						"0.25": {
							"vector": [-2, 0, -3]
						}
					}
				},
				"left_arm": {
					"rotation": {
						"0.0": {
							"vector": [-47.5, 0, -50]
						},
						"0.0833": {
							"vector": [-15, 0, -50]
						},
						"0.25": {
							"vector": [7.5, 0, -50]
						}
					},
					"position": {
						"0.0": {
							"vector": [2, 0, 0]
						},
						"0.25": {
							"vector": [2, 0, 1]
						}
					}
				},
				"right_leg": {
					"rotation": {
						"vector": [-17.43745, 1.50179, 4.76968]
					}
				},
				"left_leg": {
					"rotation": {
						"0.0": {
							"vector": [-6.53923, -39.23193, -0.61418]
						},
						"0.0833": {
							"vector": [-14.33791, -37.41144, 11.93029]
						}
					},
					"position": {
						"vector": [1, 0, 0]
					}
				}
			}
		}
	}
}