{
	"format_version": "1.8.0",
	"animations": {
		"heavenandearth": {
			"animation_length": 5,
			"bones": {
				"body": {
					"rotation": {
						"0.0": {
							"vector": [-12.08291, -5.94824, -3.82197]
						},
						"0.25": {
							"vector": [-4.40348, 6.54834, -2.20214]
						},
						"0.5": {
							"vector": [-2.40348, 6.54834, -2.20214]
						},
						"4.0": {
							"vector": [0.09652, 6.54834, -2.20214]
						},
						"4.125": {
							"vector": [41.76241, 47.88428, 7.82523]
						},
						"4.25": {
							"vector": [48.21703, 53.20074, 16.17016]
						},
						"4.375": {
							"vector": [49.23387, 53.86044, 17.43458]
						},
						"4.5": {
							"vector": [33.58905, 43.49082, 7.00576]
						},
						"5.0": {
							"vector": [29.92935, 41.33675, 5.28675],
							"easing": "easeOutSine"
						}
					},
					"position": {
						"0.0": {
							"vector": [0, 0, 0]
						},
						"0.0833": {
							"vector": [0, -0.47, -0.37]
						},
						"0.25": {
							"vector": [0, -2, -2]
						},
						"0.5": {
							"vector": [0, -2.4, -2.4]
						},
						"4.0": {
							"vector": [0, -2.8, -2.4]
						}
					}
				},
				"head": {
					"rotation": {
						"0.0": {
							"vector": [0, -22.5, 10]
						},
						"0.25": {
							"vector": [32.5, -22.5, 10]
						},
						"0.5": {
							"vector": [30, -22.5, 10]
						},
						"4.0": {
							"vector": [32.5, -22.5, 10]
						},
						"4.125": {
							"vector": [-41.30307, -49.73508, 32.57298]
						},
						"4.25": {
							"vector": [-48.80307, -49.73508, 32.57298]
						},
						"4.5": {
							"vector": [-41.30307, -49.73508, 32.57298]
						},
						"5.0": {
							"vector": [-35.47805, -45.7467, 28.08414],
							"easing": "easeOutSine"
						}
					}
				},
				"right_arm": {
					"rotation": {
						"0.0": {
							"vector": [-162.5, 0, 42.5]
						},
						"0.25": {
							"vector": [-155, 0, 42.5]
						},
						"0.5": {
							"vector": [-157.5, 0, 42.5]
						},
						"4.0": {
							"vector": [-155, 0, 42.5]
						},
						"4.125": {
							"vector": [-27.5, 0, 42.5]
						},
						"4.25": {
							"vector": [-12.5, 0, 42.5]
						},
						"4.375": {
							"vector": [-10, 0, 42.5]
						},
						"4.5": {
							"vector": [0, 0, 42.5]
						},
						"5.0": {
							"vector": [-5, 0, 42.5],
							"easing": "easeOutSine"
						}
					},
					"position": {
						"0.0": {
							"vector": [4, 0, -5]
						},
						"0.25": {
							"vector": [1, -2, -5]
						},
						"0.5": {
							"vector": [1, -2.2, -5]
						},
						"0.5417": {
							"vector": [1, -2, -5]
						},
						"0.5833": {
							"vector": [1, -2.2, -5]
						},
						"0.625": {
							"vector": [1, -2, -5]
						},
						"0.6667": {
							"vector": [1, -2.2, -5]
						},
						"0.7083": {
							"vector": [1, -2, -5]
						},
						"0.75": {
							"vector": [1, -2.2, -5]
						},
						"0.7917": {
							"vector": [1, -2, -5]
						},
						"0.8333": {
							"vector": [1, -2.2, -5]
						},
						"0.875": {
							"vector": [1, -2, -5]
						},
						"0.9167": {
							"vector": [1, -2.2, -5]
						},
						"0.9583": {
							"vector": [1, -2, -5]
						},
						"1.0": {
							"vector": [1, -2.2, -5]
						},
						"1.0417": {
							"vector": [1, -2, -5]
						},
						"1.0833": {
							"vector": [1, -2.2, -5]
						},
						"1.125": {
							"vector": [1, -2, -5]
						},
						"1.1667": {
							"vector": [1, -2.2, -5]
						},
						"1.2083": {
							"vector": [1, -2, -5]
						},
						"1.25": {
							"vector": [1, -2.2, -5]
						},
						"1.2917": {
							"vector": [1, -2, -5]
						},
						"1.3333": {
							"vector": [1, -2.2, -5]
						},
						"1.375": {
							"vector": [1, -2, -5]
						},
						"1.4167": {
							"vector": [1, -2.2, -5]
						},
						"1.4583": {
							"vector": [1, -2, -5]
						},
						"1.5": {
							"vector": [1, -2.2, -5]
						},
						"1.5417": {
							"vector": [1, -2, -5]
						},
						"1.5833": {
							"vector": [1, -2.2, -5]
						},
						"1.625": {
							"vector": [1, -2, -5]
						},
						"1.6667": {
							"vector": [1, -2.2, -5]
						},
						"1.7083": {
							"vector": [1, -2, -5]
						},
						"1.75": {
							"vector": [1, -2.2, -5]
						},
						"1.7917": {
							"vector": [1, -2, -5]
						},
						"1.8333": {
							"vector": [1, -2.2, -5]
						},
						"1.875": {
							"vector": [1, -2, -5]
						},
						"1.9167": {
							"vector": [1, -2.2, -5]
						},
						"1.9583": {
							"vector": [1, -2, -5]
						},
						"2.0": {
							"vector": [1, -2.2, -5]
						},
						"2.0417": {
							"vector": [1, -2, -5]
						},
						"2.0833": {
							"vector": [1, -2.2, -5]
						},
						"2.125": {
							"vector": [1, -2, -5]
						},
						"2.1667": {
							"vector": [1, -2.2, -5]
						},
						"2.2083": {
							"vector": [1, -2, -5]
						},
						"2.25": {
							"vector": [1, -2.2, -5]
						},
						"2.2917": {
							"vector": [1, -2, -5]
						},
						"2.3333": {
							"vector": [1, -2.2, -5]
						},
						"2.375": {
							"vector": [1, -2, -5]
						},
						"2.4167": {
							"vector": [1, -2.2, -5]
						},
						"2.4583": {
							"vector": [1, -2, -5]
						},
						"2.5": {
							"vector": [1, -2.2, -5]
						},
						"2.5417": {
							"vector": [1, -2, -5]
						},
						"2.5833": {
							"vector": [1, -2.2, -5]
						},
						"2.625": {
							"vector": [1, -2, -5]
						},
						"2.6667": {
							"vector": [1, -2.2, -5]
						},
						"2.7083": {
							"vector": [1, -2, -5]
						},
						"2.75": {
							"vector": [1, -2.2, -5]
						},
						"2.7917": {
							"vector": [1, -2, -5]
						},
						"2.8333": {
							"vector": [1, -2.2, -5]
						},
						"2.875": {
							"vector": [1, -2, -5]
						},
						"2.9167": {
							"vector": [1, -2.2, -5]
						},
						"2.9583": {
							"vector": [1, -2, -5]
						},
						"3.0": {
							"vector": [1, -2.2, -5]
						},
						"3.0417": {
							"vector": [1, -2, -5]
						},
						"3.0833": {
							"vector": [1, -2.2, -5]
						},
						"3.125": {
							"vector": [1, -2, -5]
						},
						"3.1667": {
							"vector": [1, -2.2, -5]
						},
						"3.2083": {
							"vector": [1, -2, -5]
						},
						"3.25": {
							"vector": [1, -2.2, -5]
						},
						"3.2917": {
							"vector": [1, -2, -5]
						},
						"3.3333": {
							"vector": [1, -2.2, -5]
						},
						"3.375": {
							"vector": [1, -2, -5]
						},
						"3.4167": {
							"vector": [1, -2.2, -5]
						},
						"3.4583": {
							"vector": [1, -2, -5]
						},
						"3.5": {
							"vector": [1, -2.2, -5]
						},
						"3.5417": {
							"vector": [1, -2, -5]
						},
						"3.5833": {
							"vector": [1, -2.2, -5]
						},
						"3.625": {
							"vector": [1, -2, -5]
						},
						"3.6667": {
							"vector": [1, -2.2, -5]
						},
						"3.7083": {
							"vector": [1, -2, -5]
						},
						"3.75": {
							"vector": [1, -2.2, -5]
						},
						"3.7917": {
							"vector": [1, -2, -5]
						},
						"3.8333": {
							"vector": [1, -2.2, -5]
						},
						"3.875": {
							"vector": [1, -2, -5]
						},
						"3.9167": {
							"vector": [1, -2.2, -5]
						},
						"3.9583": {
							"vector": [1, -2, -5]
						},
						"4.0": {
							"vector": [1, -2.2, -5]
						},
						"4.125": {
							"vector": [-1, -3.2, 0]
						},
						"4.5": {
							"vector": [-1, -2.2, 0]
						}
					}
				},
				"left_arm": {
					"rotation": {
						"0.0": {
							"vector": [-176.30934, -3.37562, 42.39121]
						},
						"0.25": {
							"vector": [-153.80934, -3.37562, 42.39121]
						},
						"0.5": {
							"vector": [-158.80934, -3.37562, 42.39121]
						},
						"1.0": {
							"vector": [-158.80934, -3.37562, 42.39121]
						},
						"1.5": {
							"vector": [-158.80934, -3.37562, 42.39121]
						},
						"2.0": {
							"vector": [-158.80934, -3.37562, 42.39121]
						},
						"2.5": {
							"vector": [-158.80934, -3.37562, 42.39121]
						},