{
	"format_version": "1.8.0",
	"animations": {
		"injectionshot": {
			"animation_length": 1.5833,
			"bones": {
				"body": {
					"rotation": {
						"0.0": {
							"vector": [17.64168, 7.15102, 2.26708]
						},
						"1.0": {
							"vector": [20.49807, 30.82594, 10.8448]
						},
						"1.0833": {
							"vector": [25.01852, -44.68059, -18.16791]
						},
						"1.25": {
							"vector": [30.40531, -53.54818, -25.26795]
						},
						"1.5": {
							"vector": [34.32669, -57.77464, -30.0129]
						}
					},
					"position": {
						"0.0": {
							"vector": [0, 0, 0]
						},
						"1.0": {
							"vector": [0, 0, 3.5]
						},
						"1.0833": {
							"vector": [0, 0, -6.5]
						},
						"1.25": {
							"vector": [0, 0, -7.5]
						},
						"1.5": {
							"vector": [0, 0, -7.2]
						}
					}
				},
				"head": {
					"rotation": {
						"0.0": {
							"vector": [10, -7.5, 0]
						},
						"1.0": {
							"vector": [11.72196, -32.06858, -4.9681]
						},
						"1.0833": {
							"vector": [19.47402, 46.46378, 11.91769]
						}
					}
				},
				"right_arm": {
					"rotation": {
						"0.0": {
							"vector": [-25, 0, 80]
						},
						"1.0": {
							"vector": [-30, 0, 80]
						},
						"1.0833": {
							"vector": [-3.49062, 6.08551, 102.68824]
						},
						"1.2917": {
							"vector": [-31.92838, 6.08551, 102.68824]
						},
						"1.4583": {
							"vector": [-54.42838, 6.08551, 102.68824]
						}
					},
					"position": {
						"0.0": {
							"vector": [0, 0, -2]
						},
						"1.0": {
							"vector": [-2.6, 0, 3.5]
						},
						"1.0833": {
							"vector": [-2.6, 0, -2.5]
						},
						"1.2917": {
							"vector": [-2.6, 0, -3.8]
						},
						"1.4583": {
							"vector": [-2.6, 0, -2.9]
						}
					}
				},
				"left_arm": {
					"rotation": {
						"0.0": {
							"vector": [-90, 0, -90]
						},
						"1.0": {
							"vector": [-55, 0, -90]
						},
						"1.0833": {
							"vector": [-92.5, 0, -90]
						},
						"1.25": {
							"vector": [-70.43147, 0, -90]
						},
						"1.375": {
							"vector": [-60.43147, 0, -90]
						}
					},
					"position": {
						"0.0": {
							"vector": [0, 0, -4]
						},
						"1.0": {
							"vector": [1.9, 0, -3.7]
						},
						"1.0833": {
							"vector": [3.7, 0, -0.8]
						},
						"1.25": {
							"vector": [3.7, 0, 0.9]
						},
						"1.375": {
							"vector": [3.7, 0, 1.5]
						}
					}
				}
			}
		}
	}
}