{
	"format_version": "1.8.0",
	"animations": {
		"jankaka": {
			"animation_length": 1.0417,
			"bones": {
				"right_arm": {
					"rotation": {
						"0.0": {
							"vector": [-125, -87.5, 0]
						},
						"0.1667": {
							"vector": [-113.25169, -87.5, 0]
						},
						"0.4167": {
							"vector": [-131.66026, -87.5, 0]
						},
						"0.5833": {
							"vector": [-121.66026, -87.5, 0]
						},
						"0.875": {
							"vector": [-91.66026, -87.5, 0]
						},
						"1.0": {
							"vector": [-124.16026, -87.5, 0]
						}
					},
					"position": {
						"0.0": {
							"vector": [-1.41032, -5.54481, -2.94128]
						},
						"0.25": {
							"vector": [-1.73769, -3.32812, -2.92569]
						},
						"0.5": {
							"vector": [-6.65023, -6.77146, -2.71561]
						},
						"0.75": {
							"vector": [-2.72113, -8.89946, -2.89154]
						},
						"1.0": {
							"vector": [-0.79429, -6.36012, -1.97313]
						}
					}
				},
				"left_arm": {
					"rotation": {
						"0.0": {
							"vector": [0, 90, 117.5]
						},
						"0.125": {
							"vector": [0, 90, 125]
						},
						"0.3333": {
							"vector": [70.55604, 88.40432, 162.34277]
						},
						"0.5417": {
							"vector": [30.55604, 88.40432, 162.34277]
						},
						"0.7083": {
							"vector": [14.08872, 88.40432, 162.34277]
						},
						"1.0": {
							"vector": [44.08872, 88.40432, 162.34277]
						}
					},
					"position": {
						"0.0": {
							"vector": [0.81404, -4.93329, -4]
						},
						"0.25": {
							"vector": [1.66052, -7.62752, -4]
						},
						"0.5": {
							"vector": [5.35399, -0.53391, -4]
						},
						"0.75": {
							"vector": [1.80196, 1.31699, -4]
						},
						"1.0": {
							"vector": [0.81404, -4.93329, -3]
						}
					}
				}
			}
		}
	}
}