{
	"format_version": "1.8.0",
	"animations": {
		"jetbazooka": {
			"animation_length": 0.5,
			"bones": {
				"body": {
					"rotation": {
						"0.0": {
							"vector": [42.5, 0, 0]
						},
						"0.0417": {
							"vector": [45, 0, 0]
						},
						"0.125": {
							"vector": [40, 0, 0]
						},
						"0.2917": {
							"vector": [35, 0, 0]
						},
						"0.5": {
							"vector": [37.5, 0, 0]
						}
					},
					"position": {
						"0.0": {
							"vector": [0, -3.56301, 0.55222]
						},
						"0.0417": {
							"vector": [0, -3.00778, 4.11301]
						},
						"0.125": {
							"vector": [0, -3.01, 5.52421]
						},
						"0.2917": {
							"vector": [0, -3.58358, 4.70085]
						},
						"0.5": {
							"vector": [0, -2.78665, 4.09124]
						}
					}
				},
				"head": {
					"rotation": {
						"0.0": {
							"vector": [-25, 0, 0]
						},
						"0.0417": {
							"vector": [2.5, 0, 0]
						},
						"0.0833": {
							"vector": [30, 0, 0]
						},
						"0.4167": {
							"vector": [0, 0, 0]
						}
					}
				},
				"right_arm": {
					"rotation": {
						"0.0": {
							"vector": [-130, 0, 0]
						},
						"0.0417": {
							"vector": [-131.7633, 15.18892, -13.16783]
						},
						"0.1667": {
							"vector": [-147.74994, 22.07708, -20.0313]
						},
						"0.4583": {
							"vector": [-145.24994, 22.07708, -20.0313]
						}
					},
					"position": {
						"0.0": {
							"vector": [0, 3.21394, -3.83022]
						},
						"0.0417": {
							"vector": [0, -1.28951, 1.53231]
						},
						"0.0833": {
							"vector": [3.09881, -6.7116, 6.46491]
						},
						"0.125": {
							"vector": [-0.26238, -1.54234, 1.31453]
						},
						"0.1667": {
							"vector": [-0.11034, -1.90606, 0.75007]
						},
						"0.2917": {
							"vector": [-0.22586, -2.52022, -0.03372]
						}
					}
				},
				"left_arm": {
					"rotation": {
						"0.0": {
							"vector": [-130, 0, 0]
						},
						"0.0417": {
							"vector": [-131.34198, -13.31791, 11.45696]
						},
						"0.1667": {
							"vector": [-145.0899, -13.31791, 11.45696]
						},
						"0.4583": {
							"vector": [-140.13562, -13.31791, 11.45696]
						}
					},
					"position": {
						"0.0": {
							"vector": [0, 3.21394, -3.83022]
						},
						"0.0417": {
							"vector": [0, -1.28951, 1.53231]
						},
						"0.0833": {
							"vector": [-2.37796, -6.86826, 6.68518]
						},
						"0.125": {
							"vector": [0.33433, -0.74386, 0.61562]
						},
						"0.1667": {
							"vector": [0.06884, -1.89535, 0.73702]
						},
						"0.2917": {
							"vector": [0.14146, -2.49841, -0.058]
						}
					}
				},
				"right_leg": {
					"rotation": {
						"0.0": {
							"vector": [-20.44582, 11.73507, -4.3361]
						},
						"0.0417": {
							"vector": [-50.44582, 11.73507, -4.3361]
						},
						"0.5": {
							"vector": [-15.44582, 11.73507, -4.3361]
						}
					},
					"position": {
						"vector": [-2, 5, -4]
					}
				},
				"left_leg": {
					"rotation": {
						"0.0": {
							"vector": [-12.92638, -14.63639, 3.31914]
						},
						"0.0417": {
							"vector": [-47.92638, -14.63639, 3.31914]
						},
						"0.5": {
							"vector": [-22.92638, -14.63639, 3.31914]
						}
					},
					"position": {
						"vector": [1.2941, 4.95051, -3.84939]
					}
				}
			}
		}
	}
}