{
	"format_version": "1.8.0",
	"animations": {
		"jetgatling": {
			"animation_length": 9.375,
			"bones": {
				"body": {
					"rotation": {
						"0.0": {
							"vector": [20, 0, 0]
						},
						"0.1667": {
							"vector": [24.97911, 1.05627, -2.26603]
						},
						"0.3333": {
							"vector": [17.20675, 3.29487, -9.42977]
						},
						"0.5": {
							"vector": [16.41028, 6.19342, -19.0345]
						},
						"0.6667": {
							"vector": [42.43867, 2.1774, 1.19872]
						},
						"0.8333": {
							"vector": [14.93867, 2.1774, 1.19872]
						},
						"1.0": {
							"vector": [-10.00545, 2.1774, 1.19872]
						},
						"1.4167": {
							"vector": [-15.00545, 2.1774, 1.19872]
						},
						"1.5": {
							"vector": [57.49455, 2.1774, 1.19872]
						},
						"1.5833": {
							"vector": [62.49455, 2.1774, 1.19872]
						},
						"1.75": {
							"vector": [64.99455, 2.1774, 1.19872]
						},
						"1.875": {
							"vector": [59.99455, 2.1774, 1.19872]
						},
						"8.5417": {
							"vector": [62.49455, 2.1774, 1.19872]
						},
						"9.375": {
							"vector": [74.99455, 2.1774, 1.19872]
						}
					},
					"position": {
						"0.0": {
							"vector": [0, -1.93185, 0.51764]
						},
						"0.1667": {
							"vector": [0, -1.50738, 1.42631]
						},
						"0.3333": {
							"vector": [0.98486, -1.34643, 1.37253]
						},
						"0.5": {
							"vector": [0.97431, -1.65082, 0.41634]
						},
						"0.6667": {
							"vector": [0.92785, -2.32407, -0.31747]
						},
						"0.8333": {
							"vector": [0.88791, -2.57696, -1.2855]
						},
						"1.0": {
							"vector": [0.85503, -2.45025, -2.28093]
						},
						"1.4167": {
							"vector": [0.82873, -2.19038, -3.2452]
						},
						"1.5": {
							"vector": [0.90964, -2.42314, -1.02755]
						},
						"1.5833": {
							"vector": [0.87194, -3.26273, -1.56699]
						},
						"1.75": {
							"vector": [0.9061, -2.37359, -1.1085]
						},
						"8.5": {
							"vector": [1.15593, -2.77779, 5.58128]
						},
						"8.5417": {
							"vector": [0.91191, 1.14906, -3.10544]
						},
						"9.375": {
							"vector": [0.87873, 1.40962, -4.0752]
						}
					}
				},
				"head": {
					"rotation": {
						"0.0": {
							"vector": [0, 0, 0]
						},
						"8.5": {
							"vector": [22.5, 0, 0]
						},
						"8.5417": {
							"vector": [32.5, 0, 0]
						},
						"9.375": {
							"vector": [40, 0, 0]
						}
					}
				},
				"right_arm": {
					"rotation": {
						"0.0": {
							"vector": [17.5, 0, 0]
						},
						"0.1667": {
							"vector": [-17.5, 0, 0]
						},
						"0.375": {
							"vector": [-42.5, 0, 0]
						},
						"0.5": {
							"vector": [-71.70612, 16.66577, 5.41615]
						},
						"0.7083": {
							"vector": [-86.04865, 16.66577, 5.41615]
						},
						"1.3333": {
							"vector": [-85.4264, 34.11836, 6.85038]
						},
						"1.4167": {
							"vector": [-84.93602, 41.592, 7.64777]
						},
						"8.5417": {
							"vector": [-85.4264, 34.11836, 6.85038]
						},
						"9.375": {
							"vector": [-100.4264, 34.11836, 6.85038]
						}
					},
					"position": {
						"0.0": {
							"vector": [0, -1, 0]
						},
						"0.1667": {
							"vector": [0, -1.95372, 0.30071]
						},
						"0.5": {
							"vector": [0, -1.64929, 1.25372]
						},
						"0.7083": {
							"vector": [-1.20282, -2.79715, -2.3883]
						},
						"1.0": {
							"vector": [0.548, -2.55042, 3.3443]
						},
						"1.1667": {
							"vector": [1.13267, -2.46681, 5.25143]
						},
						"1.3333": {
							"vector": [1.42133, -2.4284, 6.20572]
						},
						"1.4167": {
							"vector": [0.7529, -2.42948, 5.46503]
						},
						"1.4583": {
							"vector": [-13123.02885, 7.71256, -14650.35665]
						},
						"8.5": {
							"vector": [-13123.02885, 7.71256, -14650.35665]
						},
						"8.5417": {
							"vector": [-0.07414, -0.90098, 1.40879]
						},
						"9.375": {
							"vector": [0.01994, -3.0742, 1.92456]
						}
					}
				},
				"left_arm": {
					"rotation": {
						"0.0": {
							"vector": [7.5, 0, 0]
						},
						"0.3333": {
							"vector": [-25, 0, 0]
						},
						"0.5": {
							"vector": [-60, 0, 0]
						},
						"0.6667": {
							"vector": [-80.9333, -17.2294, -10.3141]
						},
						"1.2917": {
							"vector": [-79.3274, -35.30675, -13.83387]
						},
						"1.375": {
							"vector": [-78.58504, -40.21437, -15.04502]
						},
						"1.4167": {
							"vector": [-78.13976, -42.66301, -15.71768]
						},
						"8.5417": {
							"vector": [-78.97878, -37.76211, -14.41935]
						},
						"9.375": {
							"vector": [-91.40694, -49.98009, -18.10859]
						}
					},
					"position": {
						"0.0": {
							"vector": [0, 0, 0]
						},
						"0.1667": {
							"vector": [0, -0.99144, 0.13053]
						},
						"0.3333": {
							"vector": [0, -1.98144, 0.26053]
						},
						"0.5": {
							"vector": [0, -1.43932, 1.10123]
						},
						"0.6667": {
							"vector": [1.57993, -1.95334, -3.61596]
						},
						"0.875": {
							"vector": [1.89599, -2.05267, -4.56319]
						},
						"1.0833": {
							"vector": [-1.57584, -0.92065, 5.81512]
						},
						"1.375": {
							"vector": [-2.24256, -0.89315, 6.56853]
						},
						"1.4167": {
							"vector": [-1.5459, -0.90818, 5.85035]
						},
						"1.4583": {
							"vector": [13853.28227, -363.72342, -14359.15993]
						},
						"8.5": {
							"vector": [13853.28227, -363.72342, -14359.15993]
						},
						"8.5417": {
							"vector": [0.72162, 0.41659, 2.07502]
						},
						"9.375": {
							"vector": [1.37719, -1.46868, 2.04842]
						}
					}
				},
				"right_leg": {
					"rotation": {
						"0.0": {
							"vector": [-15, 0, 0]
						},
						"0.2083": {
							"vector": [-20, 0, 0]
						},
						"0.375": {
							"vector": [-19.37006, 5.07855, 14.13272]
						},
						"0.5417": {
							"vector": [-9.14314, 5.90316, 16.50371]
						},
						"0.7083": {
							"vector": [-10.16516, 3.78786, 4.1573]
						},
						"0.875": {
							"vector": [9.83484, 3.78786, 4.1573]
						},
						"1.0": {
							"vector": [19.83484, 3.78786, 4.1573]
						},
						"1.4167": {
							"vector": [24.83484, 3.78786, 4.1573]
						},
						"1.5": {
							"vector": [-50.16516, 3.78786, 4.1573]
						},
						"1.875": {
							"vector": [-50.2442, 1.86689, 2.55531]
						},
						"8.5": {
							"vector": [-37.7442, 1.86689, 2.55531]
						},
						"8.5417": {
							"vector": [24.7558, 1.86689, 2.55531]
						},
						"9.375": {
							"vector": [34.7558, 1.86689, 2.55531]
						}
					},
					"position": {
						"0.0": {
							"vector": [0, 1, -2]
						},
						"0.5417": {
							"vector": [-0.05222, 1.1812, -2.98206]
						},
						"0.7083": {
							"vector": [-0.50367, 3.33333, -3.57715]
						},
						"0.875": {
							"vector": [-1.55537, 2.41881, -3.3435]
						},
						"1.0": {
							"vector": [-1.62018, 1.43647, -3.16956]
						},
						"1.4167": {
							"vector": [-2.61537, 1.50881, -3.1035]
						},
						"1.5": {
							"vector": [-2.20013, 5.59107, -1.31743]
						},
						"8.5": {
							"vector": [-1.17111, 7.20641, -2.80135]
						},
						"8.5417": {
							"vector": [-1.42062, 2.18069, -3.60199]
						},
						"9.375": {
							"vector": [-1.47216, 1.61168, -4.42115]
						}
					}
				},
				"left_leg": {
					"rotation": {
						"0.0": {
							"vector": [-20, 0, 0]
						},
						"0.1667": {
							"vector": [-25, 0, 0]
						},
						"0.3333": {
							"vector": [-24.81197, 3.1622, 6.80423]
						},
						"0.5833": {
							"vector": [-24.81197, -3.1622, -6.80423]
						},
						"1.0": {
							"vector": [15.18803, -3.1622, -6.80423]
						},
						"1.4167": {
							"vector": [17.68803, -3.1622, -6.80423]
						},
						"1.5": {
							"vector": [-49.81197, -3.1622, -6.80423]
						},
						"1.875": {
							"vector": [-49.8741, -1.25137, -5.1909]
						},
						"8.5": {
							"vector": [-34.8741, -1.25137, -5.1909]
						},
						"8.5417": {
							"vector": [-122.3741, -1.25137, -5.1909]
						},