{
	"format_version": "1.8.0",
	"animations": {
		"jetpistol": {
			"animation_length": 0.5,
			"bones": {
				"body": {
					"rotation": {
						"0.0": {
							"vector": [20, -42.5, 0]
						},
						"0.0417": {
							"vector": [19.09808, 30.56809, -0.47628]
						},
						"0.125": {
							"vector": [24.3304, 46.86031, 7.79654]
						},
						"0.3333": {
							"vector": [20.79673, 52.57677, 3.40446]
						},
						"0.5": {
							"vector": [20.16464, 53.40062, -0.51727]
						}
					}
				},
				"head": {
					"rotation": {
						"0.0": {
							"vector": [-20.40534, 40.11485, -23.15411]
						},
						"0.0417": {
							"vector": [-17.40447, -26.94715, -1.59025]
						},
						"0.2083": {
							"vector": [-0.87438, -26.94715, -1.59025]
						},
						"0.375": {
							"vector": [-8.18107, -26.94715, -1.59025]
						}
					}
				},
				"right_arm": {
					"rotation": {
						"0.0": {
							"vector": [-115.01852, 44.68059, -18.16791]
						},
						"0.0417": {
							"vector": [-110.00533, -28.48042, 9.8491]
						},
						"0.1667": {
							"vector": [-107.75313, -9.53274, 3.03513]
						},
						"0.3333": {
							"vector": [-107.5, 0, 0]
						},
						"0.5": {
							"vector": [-115, 0, 0]
						}
					},
					"position": {
						"0.0": {
							"vector": [-1, 0, -1]
						},
						"0.0417": {
							"vector": [-1.5, -0.26042, -0.17406]
						},
						"0.0833": {
							"vector": [-5.73887, -3.12927, 8.7987]
						},
						"0.125": {
							"vector": [-2.03502, 0.40852, -2.24029]
						},
						"0.1667": {
							"vector": [-3.5, -1.30168, 3.13377]
						},
						"0.3333": {
							"vector": [-2.34154, -1.05608, 2.35638]
						},
						"0.5": {
							"vector": [-0.34, -1.54369, 1.03107]
						}
					}
				},
				"left_arm": {
					"rotation": {
						"0.0": {
							"vector": [0, 0, -67.5]
						},
						"0.0417": {
							"vector": [-143.27566, 36.2391, -45.53524]
						},
						"0.375": {
							"vector": [-163.83613, 41.77581, -64.34914]
						},
						"0.5": {
							"vector": [-173.65694, 41.77581, -64.34914]
						}
					},
					"position": {
						"0.0": {
							"vector": [1, 1, 0]
						},
						"0.2083": {
							"vector": [-1.17435, -0.34356, -3.3863]
						},
						"0.375": {
							"vector": [-1.29304, -1.71015, -4.84174]
						},
						"0.5": {
							"vector": [-0.36995, -2.65592, -5.34867]
						}
					}
				},
				"right_leg": {
					"rotation": {
						"0.0": {
							"vector": [-35.64211, 43.96613, -12.328]
						},
						"0.0417": {
							"vector": [-44.57981, -19.92083, 19.75118]
						},
						"0.2083": {
							"vector": [-59.57981, -19.92083, 19.75118]
						},
						"0.4167": {
							"vector": [-57.07981, -19.92083, 19.75118]
						}
					},
					"position": {
						"vector": [-2, 0, -1]
					}
				},
				"left_leg": {
					"rotation": {
						"0.0": {
							"vector": [0, 0, -22.5]
						},
						"0.0417": {
							"vector": [13.50918, 8.75979, 0.50577]
						},
						"0.4583": {
							"vector": [14.79495, 6.30883, 10.28618]
						}
					},
					"position": {
						"0.0": {
							"vector": [0, 0, -2]
						},
						"0.0417": {
							"vector": [-0.0839, -0.63729, -1.23396]
						}
					}
				}
			}
		}
	}
}