{
	"format_version": "1.8.0",
	"animations": {
		"jetpistol2": {
			"animation_length": 1,
			"bones": {
				"body": {
					"rotation": {
						"0.0": {
							"vector": [76.35027, 6.27967, 24.24769]
						},
						"0.125": {
							"vector": [88.85027, 6.27967, 24.24769]
						},
						"0.2917": {
							"vector": [83.85027, 6.27967, 24.24769]
						},
						"0.5": {
							"vector": [81.35027, 6.27967, 24.24769]
						},
						"0.5417": {
							"vector": [91.50239, 13.97369, -46.09878]
						},
						"1.0": {
							"vector": [90.26064, 19.05032, -51.2282]
						}
					},
					"position": {
						"0.0": {
							"vector": [0, 0, 0]
						},
						"0.125": {
							"vector": [0.8252, 1.82139, 0.03989]
						},
						"0.2917": {
							"vector": [0.83, 1.82, 0.04]
						},
						"0.5": {
							"vector": [0.40899, 0.92535, -0.10949]
						},
						"0.5417": {
							"vector": [0.51356, -1.84566, 0.42384]
						},
						"1.0": {
							"vector": [-0.08192, -2.58695, 0.7464]
						}
					}
				},
				"head": {
					"rotation": {
						"0.0": {
							"vector": [20, 0, 0]
						},
						"0.1667": {
							"vector": [2.5, 0, 0]
						},
						"0.3333": {
							"vector": [-10, 0, 0]
						},
						"0.5": {
							"vector": [-12.5, 0, 0]
						},
						"0.6667": {
							"vector": [19.28958, 26.89364, 14.00323]
						},
						"0.9167": {
							"vector": [21.34069, 35.90584, 17.91527]
						}
					}
				},
				"right_arm": {
					"rotation": {
						"0.0": {
							"vector": [-55, 0, 0]
						},
						"0.1667": {
							"vector": [-61.06645, 41.47336, 18.15344]
						},
						"0.3333": {
							"vector": [-59.9358, 43.64947, 19.82469]
						},
						"0.5": {
							"vector": [-62.98502, 37.05634, 15.12474]
						},
						"0.5417": {
							"vector": [-65.31081, -29.79222, -14.8207]
						},
						"0.7083": {
							"vector": [-52.64715, -51.24563, -32.98143]
						}
					},
					"position": {
						"0.0": {
							"vector": [0, 0, 0]
						},
						"0.1667": {
							"vector": [0, 0.16796, 4.99718]
						},
						"0.3333": {
							"vector": [0.03176, -0.76142, 5.36255]
						},
						"0.5": {
							"vector": [-0.70188, -1.02868, 4.73377]
						},
						"0.5417": {
							"vector": [1.59349, 0.74385, -1.94783]
						}
					}
				},
				"left_arm": {
					"rotation": {
						"0.0": {
							"vector": [-100, 0, 0]
						},
						"0.1667": {
							"vector": [-110.90025, -60.87208, 18.44741]
						},
						"0.3333": {
							"vector": [-120.38638, -69.92229, 28.84341]
						},
						"0.5": {
							"vector": [-129.16869, -74.04208, 38.07076]
						},
						"0.5417": {
							"vector": [-92.14787, 34.39275, -6.93255]
						},
						"1.0": {
							"vector": [-92.08754, 31.89445, -6.82223]
						}
					},
					"position": {
						"0.0": {
							"vector": [0, 0, 0]
						},
						"0.5417": {
							"vector": [1.14715, -0.28449, 1.61341]
						},
						"1.0": {
							"vector": [2.27973, -0.21815, 3.25921]
						}
					}
				},
				"right_leg": {
					"rotation": {
						"0.0": {
							"vector": [-60, 0, 0]
						},
						"0.1667": {
							"vector": [5, 0, 0]
						},
						"0.375": {
							"vector": [60, 0, 0]
						},
						"0.5417": {
							"vector": [65, 0, 0]
						},
						"0.7083": {
							"vector": [64.92354, -4.26778, 1.99441]
						},
						"0.875": {
							"vector": [64.69437, -8.56187, 4.02671]
						}
					}
				},
				"left_leg": {
					"rotation": {
						"0.0": {
							"vector": [-44.31282, -8.80348, -8.90928]
						},
						"0.1667": {
							"vector": [-31.81282, -8.80348, -8.90928]
						},
						"0.3333": {
							"vector": [-34.31282, -8.80348, -8.90928]
						},
						"0.5": {
							"vector": [-64.31282, -8.80348, -8.90928]
						},
						"0.6667": {
							"vector": [-66.81282, -8.80348, -8.90928]
						}
					}
				}
			}
		}
	}
}