{
	"format_version": "1.8.0",
	"animations": {
		"jetrifle": {
			"animation_length": 1.5,
			"bones": {
				"body": {
					"rotation": {
						"0.0": {
							"vector": [32.5, 0, 0]
						},
						"0.125": {
							"vector": [49.58859, 18.82943, 12.54707]
						},
						"0.2917": {
							"vector": [49.53677, 55.49422, 47.18592]
						},
						"0.375": {
							"vector": [46.20772, 67.0044, 44.04031]
						},
						"0.5": {
							"vector": [43.70772, 67.0044, 44.04031]
						},
						"1.0417": {
							"vector": [43.92091, 63.47018, 44.21492]
						},
						"1.0833": {
							"vector": [45.6219, -51.98786, -30.88766]
						},
						"1.5": {
							"vector": [55.6219, -51.98786, -30.88766]
						}
					},
					"position": {
						"0.0": {
							"vector": [0, -4.37328, -3.14236]
						},
						"0.125": {
							"vector": [0, -5.21339, -2.6027]
						},
						"0.2917": {
							"vector": [-1.155, -3.96333, -0.12779]
						},
						"0.5": {
							"vector": [-1.15342, -4.91941, 0.152]
						},
						"1.0417": {
							"vector": [-1.15342, -4.91941, 0.152]
						},
						"1.0833": {
							"vector": [-0.77732, -2.25214, -1.17047]
						}
					}
				},
				"head": {
					"rotation": {
						"0.0": {
							"vector": [0, 0, 0]
						},
						"0.125": {
							"vector": [12.68664, -9.76061, -2.18558]
						},
						"0.2917": {
							"vector": [16.92027, -40.49998, -11.24253]
						},
						"0.4167": {
							"vector": [21.2302, -52.32691, -17.1586]
						},
						"0.5": {
							"vector": [25.62013, -59.21536, -22.45738]
						},
						"1.0417": {
							"vector": [26.15281, -69.20943, -28.33566]
						},
						"1.0833": {
							"vector": [-12.69273, 40.35555, -19.49118]
						},
						"1.5": {
							"vector": [-16.91758, 54.87271, -25.16319]
						}
					}
				},
				"right_arm": {
					"rotation": {
						"0.0": {
							"vector": [-25, 0, 0]
						},
						"0.125": {
							"vector": [-50, 0, 0]
						},
						"0.2083": {
							"vector": [-95, 0, 0]
						}
					},
					"position": {
						"0.0": {
							"vector": [0, -0.90631, -0.42262]
						},
						"0.125": {
							"vector": [0, -0.06476, -2.23262]
						},
						"0.2083": {
							"vector": [0, -2.53244, 1.69075]
						},
						"0.25": {
							"vector": [-16220, -2.53, 1.69]
						}
					}
				},
				"left_arm": {
					"rotation": {
						"0.0": {
							"vector": [-12.5, 0, 0]
						},
						"0.125": {
							"vector": [-9.97528, -7.57131, -36.83829]
						},
						"0.2917": {
							"vector": [-16.36104, -21.09975, -89.76095]
						},
						"0.5": {
							"vector": [-19.91744, -24.83826, -99.83925]
						},
						"1.0417": {
							"vector": [-32.41744, -24.83826, -99.83925]
						},
						"1.0833": {
							"vector": [-112.41744, -24.83826, -99.83925]
						},
						"1.5": {
							"vector": [-102.41744, -24.83826, -99.83925]
						}
					},
					"position": {
						"0.0": {
							"vector": [0, -0.9763, -0.21644]
						},
						"0.125": {
							"vector": [0, 0.97259, 0.21288]
						},
						"0.2917": {
							"vector": [1.92345, 1.13318, -0.31317]
						},
						"0.4167": {
							"vector": [2.87992, 1.2274, -0.5728]
						},
						"0.5": {
							"vector": [2.87611, 0.29705, -0.92999]
						},
						"1.0417": {
							"vector": [3.03118, -0.5971, -1.35005]
						},
						"1.0833": {
							"vector": [1.89385, 0.18522, -1.04975]
						}
					}
				},
				"right_leg": {
					"rotation": {
						"0.0": {
							"vector": [17.35932, -2.24944, 7.15656]
						},
						"0.1667": {
							"vector": [-5.45209, -1.32402, 17.11862]
						},
						"0.375": {
							"vector": [-5.55917, 0.18224, 32.58797]
						},
						"0.5": {
							"vector": [-0.55917, 0.18224, 32.58797]
						},
						"1.0417": {
							"vector": [-0.55917, 0.18224, 32.58797]
						},
						"1.0833": {
							"vector": [-70.24268, 51.88029, -9.40358]
						},
						"1.5": {
							"vector": [-85.24268, 51.88029, -9.40358]
						}
					},
					"position": {
						"0.0": {
							"vector": [0, 0, 0]
						},
						"0.5": {
							"vector": [-0.53859, -0.84251, -0.00976]
						},
						"1.0417": {
							"vector": [-0.53859, -0.84251, -0.00976]
						}
					}
				},
				"left_leg": {
					"rotation": {
						"0.0": {
							"vector": [-15, 0, 0]
						},
						"0.1667": {
							"vector": [-9.73615, -10.85068, -47.36999]
						},
						"0.3333": {
							"vector": [22.76385, -10.85068, -47.36999]
						},
						"0.5": {
							"vector": [22.76385, -10.85068, -47.36999]
						},
						"1.0417": {
							"vector": [22.76385, -10.85068, -47.36999]
						},
						"1.0833": {
							"vector": [59.35643, 6.16715, -25.66915]
						},
						"1.5": {
							"vector": [64.35643, 6.16715, -25.66915]
						}
					},
					"position": {
						"0.0": {
							"vector": [0, 4, -3]
						},
						"0.1667": {
							"vector": [-2.21333, 5.96171, -2.49718]
						},
						"0.3333": {
							"vector": [2.08787, 1.3987, -0.17757]
						},
						"0.5": {
							"vector": [1.86315, 1.94376, -1.46564]
						},
						"1.0417": {
							"vector": [1.86315, 1.94376, -1.46564]
						},
						"1.0833": {
							"vector": [2.22026, 1.09293, -1.86076]
						}
					}
				}
			}
		}
	}
}