{
	"format_version": "1.8.0",
	"animations": {
		"jetrocket": {
			"animation_length": 0.5,
			"bones": {
				"body": {
					"rotation": {
						"0.0": {
							"vector": [347.5, 0, 0]
						},
						"0.2083": {
							"vector": [143.62, 0, 0]
						},
						"0.375": {
							"vector": [22.98, 0, 0]
						},
						"0.5": {
							"vector": [-15, 0, 0]
						}
					},
					"position": {
						"vector": [0, -3.81487, -1.20282]
					}
				},
				"head": {
					"rotation": {
						"0.0": {
							"vector": [35, 0, 0]
						},
						"0.125": {
							"vector": [52.5, 0, 0]
						},
						"0.3333": {
							"vector": [-67.5, 0, 0]
						},
						"0.5": {
							"vector": [27.5, 0, 0]
						}
					}
				},
				"right_arm": {
					"rotation": {
						"0.0": {
							"vector": [-87.5, 0, 0]
						},
						"0.0417": {
							"vector": [87.11386, 29.96852, 178.55739]
						},
						"0.25": {
							"vector": [81.4392, 63.30723, 171.89378]
						},
						"0.5": {
							"vector": [116.4392, 63.30723, 171.89378]
						}
					}
				},
				"left_arm": {
					"rotation": {
						"0.0": {
							"vector": [-90, 0, 0]
						},
						"0.0417": {
							"vector": [90, -25, -180]
						},
						"0.25": {
							"vector": [90, -62.1884, -180]
						},
						"0.5": {
							"vector": [115, -62.1884, -180]
						}
					}
				},
				"right_leg": {
					"rotation": {
						"0.0": {
							"vector": [27.5, 0, 0]
						},
						"0.125": {
							"vector": [37.5, 0, 0]
						},
						"0.25": {
							"vector": [-7.5, 0, 0]
						},
						"0.4167": {
							"vector": [-35, 0, 0]
						}
					},
					"position": {
						"0.0": {
							"vector": [0, 3.47507, -6.31854]
						},
						"0.4167": {
							"vector": [0, 1.75927, -3.86254]
						}
					}
				},
				"left_leg": {
					"rotation": {
						"0.0": {
							"vector": [-35, 0, 0]
						},
						"0.1667": {
							"vector": [57.5, 0, 0]
						},
						"0.3333": {
							"vector": [79.79839, 1.29355, 2.96058]
						},
						"0.4583": {
							"vector": [57.29839, 1.29355, 2.96058]
						}
					},
					"position": {
						"0.0": {
							"vector": [0, 0, 0]
						},
						"0.3333": {
							"vector": [-0.02314, 0.3895, -1.96157]
						},
						"0.4583": {
							"vector": [-0.19752, -2.37999, -3.47514]
						}
					}
				}
			}
		}
	}
}