{
	"format_version": "1.8.0",
	"animations": {
		"kariskill": {
			"animation_length": 2,
			"bones": {
				"body": {
					"rotation": {
						"0.0": {
							"vector": [35, 0, 0]
						},
						"0.9583": {
							"vector": [35, 0, 0]
						},
						"1.0417": {
							"vector": [-17.5, 0, 0]
						},
						"1.9583": {
							"vector": [-17.5, 0, 0]
						}
					}
				},
				"torso": {
					"position": {
						"0.0": {
							"vector": [0, -1, -1]
						},
						"0.9583": {
							"vector": [0, -1, -1]
						},
						"1.0": {
							"vector": [0, -1, -1]
						},
						"1.9167": {
							"vector": [0, -1, -1]
						}
					}
				},
				"head": {
					"rotation": {
						"0.0": {
							"vector": [27.5, 0, 0]
						},
						"0.9583": {
							"vector": [36.5, 0, 0]
						},
						"1.0417": {
							"vector": [14, 0, 0]
						},
						"1.9583": {
							"vector": [14, 0, 0]
						}
					},
					"position": {
						"0.0": {
							"vector": [0, -1, -1]
						},
						"0.9583": {
							"vector": [0, -1, -1]
						}
					}
				},
				"right_arm": {
					"rotation": {
						"0.0": {
							"vector": [-58.68934, -75.4534, -30.48811]
						},
						"0.9583": {
							"vector": [-58.68934, -75.4534, -30.48811]
						},
						"1.0417": {
							"vector": [-58.88608, 75.48216, 30.30266]
						},
						"1.9583": {
							"vector": [-58.88608, 75.48216, 30.30266]
						}
					},
					"position": {
						"0.0": {
							"vector": [-5, -3, -3]
						},
						"0.0417": {
							"vector": [-5.25, -3, -3]
						},
						"0.0833": {
							"vector": [-5, -3, -3.25]
						},
						"0.125": {
							"vector": [-5.25, -3, -3]
						},
						"0.1667": {
							"vector": [-5.25, -3, -3]
						},
						"0.2083": {
							"vector": [-5, -3, -3.25]
						},
						"0.25": {
							"vector": [-5.25, -3, -3]
						},
						"0.2917": {
							"vector": [-5.25, -3, -3]
						},
						"0.3333": {
							"vector": [-5, -3, -3.25]
						},
						"0.375": {
							"vector": [-5.25, -3, -3]
						},
						"0.4167": {
							"vector": [-5.25, -3, -3]
						},
						"0.4583": {
							"vector": [-5, -3, -3.25]
						},
						"0.5": {
							"vector": [-5.25, -3, -3]
						},
						"0.5417": {
							"vector": [-5.25, -3, -3]
						},
						"0.5833": {
							"vector": [-5, -3, -3.25]
						},
						"0.625": {
							"vector": [-5.25, -3, -3]
						},
						"0.6667": {
							"vector": [-5.25, -3, -3]
						},
						"0.7083": {
							"vector": [-5, -3, -3.25]
						},
						"0.75": {
							"vector": [-5.25, -3, -3]
						},
						"0.7917": {
							"vector": [-5.25, -3, -3]
						},
						"0.8333": {
							"vector": [-5, -3, -3.25]
						},
						"0.875": {
							"vector": [-5.25, -3, -3]
						},
						"0.9167": {
							"vector": [-5.25, -3, -3]
						},
						"0.9583": {
							"vector": [-5, -3, -3.25]
						},
						"1.0417": {
							"vector": [-1, -3, -3.25]
						},
						"1.0833": {
							"vector": [-1.2, -3, -3.25]
						},
						"1.125": {
							"vector": [-0.99, -2.7, -3.25]
						},
						"1.1667": {
							"vector": [-1.19, -3.22, -3.25]
						},
						"1.2083": {
							"vector": [-1.2, -3, -3.25]
						},
						"1.25": {
							"vector": [-0.99, -2.7, -3.25]
						},
						"1.2917": {
							"vector": [-1.2, -3, -3.25]
						},
						"1.3333": {
							"vector": [-0.99, -2.7, -3.25]
						},
						"1.375": {
							"vector": [-1.19, -3.22, -3.25]
						},
						"1.4167": {
							"vector": [-1.2, -3, -3.25]
						},
						"1.4583": {
							"vector": [-0.99, -2.7, -3.25]
						},
						"1.5": {
							"vector": [-1.19, -3.22, -3.25]
						},
						"1.5417": {
							"vector": [-1.2, -3, -3.25]
						},
						"1.5833": {
							"vector": [-0.99, -2.7, -3.25]
						},
						"1.625": {
							"vector": [-1.19, -3.22, -3.25]
						},
						"1.6667": {
							"vector": [-1.2, -3, -3.25]
						},
						"1.7083": {
							"vector": [-0.99, -2.7, -3.25]
						},
						"1.75": {
							"vector": [-1.2, -3, -3.25]
						},
						"1.7917": {
							"vector": [-0.99, -2.7, -3.25]
						},
						"1.8333": {
							"vector": [-1.19, -3.22, -3.25]
						},
						"1.875": {
							"vector": [-1.2, -3, -3.25]
						},
						"1.9167": {
							"vector": [-0.99, -2.7, -3.25]
						},
						"1.9583": {
							"vector": [-1.19, -3.22, -3.25]
						}
					}
				},
				"left_arm": {
					"rotation": {
						"0.0": {
							"vector": [-95.40158, 62.39543, -4.78974]
						},
						"0.9583": {
							"vector": [-95.40158, 62.39543, -4.78974]
						},
						"1.0": {
							"vector": [-95.40158, 62.39543, -4.78974]
						},
						"1.0417": {
							"vector": [-98.32459, -72.32521, 7.93845]
						},
						"1.9583": {
							"vector": [-98.32459, -72.32521, 7.93845]
						}
					},
					"position": {
						"0.0": {
							"vector": [5, -4, 0]
						},
						"0.0417": {
							"vector": [4.8, -4, 0]
						},
						"0.0833": {
							"vector": [5, -4, -0.2]
						},
						"0.125": {
							"vector": [5, -3.8, 0]
						},
						"0.1667": {
							"vector": [4.8, -4, 0]
						},
						"0.2083": {
							"vector": [5, -4, -0.2]
						},
						"0.25": {
							"vector": [5, -3.8, 0]
						},
						"0.2917": {
							"vector": [4.8, -4, 0]
						},
						"0.3333": {
							"vector": [5, -4, -0.2]
						},
						"0.375": {
							"vector": [5, -3.8, 0]
						},
						"0.4167": {
							"vector": [4.8, -4, 0]
						},
						"0.4583": {
							"vector": [5, -4, -0.2]
						},
						"0.5": {
							"vector": [5, -3.8, 0]
						},
						"0.5417": {
							"vector": [4.8, -4, 0]
						},
						"0.5833": {
							"vector": [5, -4, -0.2]
						},
						"0.625": {
							"vector": [5, -3.8, 0]
						},
						"0.6667": {
							"vector": [4.8, -4, 0]
						},
						"0.7083": {
							"vector": [5, -4, -0.2]
						},
						"0.75": {
							"vector": [5, -3.8, 0]
						},
						"0.7917": {
							"vector": [4.8, -4, 0]
						},
						"0.8333": {
							"vector": [5, -4, -0.2]
						},
						"0.875": {
							"vector": [5, -3.8, 0]
						},
						"0.9167": {
							"vector": [4.8, -4, 0]
						},
						"0.9583": {
							"vector": [5, -4, -0.2]
						},
						"1.0417": {
							"vector": [1.25, -2, -2.2]
						},
						"1.0833": {
							"vector": [1.25, -2.3, -2.2]
						},
						"1.125": {
							"vector": [1.55, -2.29, -2.2]
						},
						"1.1667": {
							"vector": [1.34, -1.88, -2.2]
						},
						"1.2083": {
							"vector": [1.25, -2.3, -2.2]
						},
						"1.25": {
							"vector": [1.55, -2.29, -2.2]
						},
						"1.2917": {
							"vector": [1.34, -1.88, -2.2]
						},
						"1.3333": {
							"vector": [1.25, -2.3, -2.2]
						},
						"1.375": {
							"vector": [1.55, -2.29, -2.2]
						},
						"1.4167": {
							"vector": [1.34, -1.88, -2.2]
						},
						"1.4583": {
							"vector": [1.25, -2.3, -2.2]
						},
						"1.5": {
							"vector": [1.55, -2.29, -2.2]
						},
						"1.5417": {
							"vector": [1.34, -1.88, -2.2]
						},
						"1.5833": {
							"vector": [1.25, -2.3, -2.2]
						},
						"1.625": {
							"vector": [1.55, -2.29, -2.2]
						},
						"1.6667": {
							"vector": [1.34, -1.88, -2.2]
						},
						"1.7083": {
							"vector": [1.25, -2.3, -2.2]
						},
						"1.75": {
							"vector": [1.55, -2.29, -2.2]
						},
						"1.7917": {
							"vector": [1.34, -1.88, -2.2]
						},
						"1.8333": {
							"vector": [1.25, -2.3, -2.2]
						},
						"1.875": {
							"vector": [1.55, -2.29, -2.2]
						},
						"1.9167": {
							"vector": [1.34, -1.88, -2.2]
						},
						"1.9583": {
							"vector": [1.25, -2, -2.2]
						}
					}
				},
				"right_leg": {
					"rotation": {
						"0.0": {
							"vector": [15, 0, 0]
						},
						"0.9583": {
							"vector": [18, 0, 0]
						}
					},
					"position": {
						"0.0": {
							"vector": [0, -2, -1]
						},
						"0.9583": {
							"vector": [0, -2, -1]
						},
						"1.0417": {
							"vector": [0, -1.25, -1]
						},
						"1.9583": {
							"vector": [0, -1.25, -1]
						}
					}
				},