{
	"format_version": "1.8.0",
	"animations": {
		"kiribachi3": {
			"animation_length": 0.5,
			"bones": {
				"body": {
					"rotation": {
						"0.0": {
							"vector": [-20, 0, 0]
						},
						"0.25": {
							"vector": [55, 0, 0]
						},
						"0.5": {
							"vector": [50, 0, 0]
						}
					},
					"position": {
						"0.0": {
							"vector": [0, 0, 0]
						},
						"0.125": {
							"vector": [0, -1, 0]
						},
						"0.2917": {
							"vector": [0, 0, 0]
						}
					}
				},
				"head": {
					"rotation": {
						"0.0": {
							"vector": [35, 0, 0]
						},
						"0.25": {
							"vector": [-50, 0, 0]
						},
						"0.5": {
							"vector": [-42.5, 0, 0]
						}
					}
				},
				"right_arm": {
					"rotation": {
						"0.0": {
							"vector": [-194.13272, 5.07855, 19.37006]
						},
						"0.25": {
							"vector": [-48.80565, -7.97083, -4.10382]
						},
						"0.5": {
							"vector": [-46.30565, -7.97083, -4.10382]
						}
					},
					"position": {
						"0.0": {
							"vector": [2, 1, 0]
						},
						"0.25": {
							"vector": [2, -1, -5]
						},
						"0.2917": {
							"vector": [2, -2, -5]
						},
						"0.3333": {
							"vector": [2, -1, -5]
						}
					}
				},
				"left_arm": {
					"rotation": {
						"0.0": {
							"vector": [-196.73634, -5.188, -16.73634]
						},
						"0.25": {
							"vector": [-50.48301, 7.87462, -1.05749]
						},
						"0.5": {
							"vector": [-45.48301, 7.87462, -1.05749]
						}
					},
					"position": {
						"0.0": {
							"vector": [-2, 1, 0]
						},
						"0.25": {
							"vector": [-2, -1, -5]
						},
						"0.2917": {
							"vector": [-2, -2, -5]
						},
						"0.3333": {
							"vector": [-2, -1, -5]
						}
					}
				}
			}
		}
	}
}