{
	"format_version": "1.8.0",
	"animations": {
		"kiribachi2": {
			"animation_length": 0.5,
			"bones": {
				"body": {
					"rotation": {
						"0.0": {
							"vector": [17.5, -25, 0]
						},
						"0.25": {
							"vector": [-11.29228, 36.26069, -5.06597]
						},
						"0.5": {
							"vector": [4.13896, 43.74322, -4.39654]
						}
					}
				},
				"head": {
					"rotation": {
						"0.0": {
							"vector": [-12.5, 22.5, -5]
						},
						"0.25": {
							"vector": [15.66899, -42.47092, -0.97326]
						},
						"0.5": {
							"vector": [6.34237, -44.39102, 12.55801]
						}
					}
				},
				"right_arm": {
					"rotation": {
						"0.0": {
							"vector": [-147.81942, -24.08123, 122.27951]
						},
						"0.25": {
							"vector": [-7.40934, 15.59392, 117.07021]
						},
						"0.5": {
							"vector": [13.90408, 33.27746, 74.1596]
						}
					},
					"position": {
						"0.0": {
							"vector": [4, -2, -1]
						},
						"0.25": {
							"vector": [-2, 2, -1]
						},
						"0.5": {
							"vector": [-2, 0, 2]
						}
					}
				},
				"left_arm": {
					"rotation": {
						"0.0": {
							"vector": [-145.67331, -57.77464, 132.4871]
						},
						"0.25": {
							"vector": [6.40212, 17.01546, 113.40636]
						},
						"0.5": {
							"vector": [13.6101, 17.01993, 71.49061]
						}
					},
					"position": {
						"0.0": {
							"vector": [0, 0, 0]
						},
						"0.25": {
							"vector": [-8, 1, -6]
						},
						"0.5": {
							"vector": [-8, 1, -2]
						}
					}
				}
			}
		}
	}
}