{
	"format_version": "1.8.0",
	"animations": {
		"kiribachispin": {
			"animation_length": 3,
			"bones": {
				"body": {
					"rotation": {
						"0.0": {
							"vector": [22.5, 35, 0]
						},
						"0.2083": {
							"vector": [32.74752, 51.55923, 14.66702]
						},
						"0.2917": {
							"vector": [30.77062, 42.9699, 12.93424]
						},
						"0.5": {
							"vector": [0, 0, 0]
						},
						"0.75": {
							"vector": [0, -268.56, 0]
						},
						"2.0": {
							"vector": [0, -2142.5, 0]
						},
						"2.125": {
							"vector": [12.6459, -2200.46179, -7.2546]
						},
						"2.2917": {
							"vector": [36.72014, -2219.48415, -18.57249]
						},
						"2.5417": {
							"vector": [43.15676, -2227.88725, -31.1762]
						},
						"2.6667": {
							"vector": [24.87974, -2220.15178, -16.3451]
						}
					},
					"position": {
						"0.0": {
							"vector": [0, 0, 0]
						},
						"0.5": {
							"vector": [0, 0, -2]
						}
					}
				},
				"head": {
					"rotation": {
						"0.0": {
							"vector": [-9.42961, -36.46498, 15.61249]
						},
						"0.5": {
							"vector": [-8.14907, -21.63824, 12.99783]
						},
						"2.75": {
							"vector": [-14.14231, 57.36613, -2.00465]
						}
					}
				},
				"right_arm": {
					"rotation": {
						"0.0": {
							"vector": [-167.92445, -7.9185, -83.87327]
						},
						"0.5": {
							"vector": [-85.42068, 2.08123, -83.94702]
						},
						"2.0": {
							"vector": [-85.42068, 2.08123, -83.94702]
						},
						"2.2917": {
							"vector": [-53.51298, 23.86613, -54.8904]
						},
						"2.75": {
							"vector": [-18.07036, -21.68487, -33.69468]
						}
					},
					"position": {
						"0.0": {
							"vector": [-2, 2, -2]
						},
						"0.5": {
							"vector": [1, 2, -5]
						},
						"2.0": {
							"vector": [1, 2, -5]
						},
						"2.2917": {
							"vector": [6, 0, -5]
						},
						"2.75": {
							"vector": [3, -1, -3]
						}
					}
				},
				"left_arm": {
					"rotation": {
						"0.0": {
							"vector": [-167.5, 0, -90]
						},
						"0.5": {
							"vector": [-125, 0, -90]
						},
						"2.0": {
							"vector": [-125, 0, -90]
						},
						"2.2917": {
							"vector": [-77.84794, 35.07663, -62.6454]
						},
						"2.75": {
							"vector": [-17.47717, 15.64919, 1.00832]
						}
					},
					"position": {
						"0.0": {
							"vector": [-7, 0, -5]
						},
						"0.5": {
							"vector": [-1, 0, -5]
						},
						"2.0": {
							"vector": [-1, 0, -5]
						},
						"2.2917": {
							"vector": [2, -2, -3]
						},
						"2.75": {
							"vector": [0, -1, -3]
						}
					}
				},
				"right_leg": {
					"rotation": {
						"0.0": {
							"vector": [22.5, 0, 0]
						},
						"0.2083": {
							"vector": [37.5, 0, 0]
						},
						"0.4167": {
							"vector": [-7.5, 0, 0]
						},
						"0.5": {
							"vector": [-37.5, 0, 0]
						},
						"0.625": {
							"vector": [22.5, 0, 0]
						},
						"0.7917": {
							"vector": [62.5, 0, 0]
						},
						"2.0": {
							"vector": [42.5, 0, 0]
						},
						"2.25": {
							"vector": [-47.5, 0, 0]
						},
						"2.75": {
							"vector": [-40, 0, 0]
						}
					},
					"position": {
						"0.0": {
							"vector": [0, 0, 0]
						},
						"0.2083": {
							"vector": [0, 2, -6]
						},
						"0.4167": {
							"vector": [0, 3, -6]
						},
						"0.5": {
							"vector": [0, 0, -4]
						},
						"0.625": {
							"vector": [0, 0, 3]
						},
						"0.7917": {
							"vector": [0, 0, -4]
						},
						"2.0": {
							"vector": [0, 1, -7]
						},
						"2.25": {
							"vector": [0, 1, -2]
						},
						"2.75": {
							"vector": [0, 0, -2]
						}
					}
				},
				"left_leg": {
					"rotation": {
						"0.0": {
							"vector": [-55, 0, 0]
						},
						"0.25": {
							"vector": [-36.21433, -14.26008, -10.25103]
						},
						"0.5": {
							"vector": [-3.15043, -13.97286, 7.79597]
						},
						"2.0": {
							"vector": [-3.76797, -13.82199, 10.36667]
						},
						"2.25": {
							"vector": [1.28567, -14.26008, -10.25103]
						},
						"2.5833": {
							"vector": [16.28567, -14.26008, -10.25103]
						}
					}
				}
			}
		}
	}
}