{
	"format_version": "1.8.0",
	"animations": {
		"kiribachi": {
			"animation_length": 0.5833,
			"bones": {
				"body": {
					"rotation": {
						"0.0": {
							"vector": [-12.5, 22.5, 0]
						},
						"0.25": {
							"vector": [40.01636, -48.77307, -3.43163]
						},
						"0.5": {
							"vector": [36.74298, -59.40478, -14.76204]
						}
					}
				},
				"head": {
					"rotation": {
						"0.0": {
							"vector": [13.74538, -24.3683, -5.7632]
						},
						"0.25": {
							"vector": [-31.78392, 36.89694, -47.22508]
						},
						"0.5": {
							"vector": [-6.78967, 56.8771, -10.45503]
						}
					}
				},
				"right_arm": {
					"rotation": {
						"0.0": {
							"vector": [-137.0646, -14.30997, -30.3106]
						},
						"0.25": {
							"vector": [-37.0646, -14.30997, -30.3106]
						},
						"0.5": {
							"vector": [-14.5646, -14.30997, -30.3106]
						}
					},
					"position": {
						"0.0": {
							"vector": [0, 0, 0]
						},
						"0.25": {
							"vector": [4, 0, -4]
						},
						"0.5": {
							"vector": [5, -2, -4]
						}
					}
				},
				"left_arm": {
					"rotation": {
						"0.0": {
							"vector": [-157.54739, -26.67222, -71.4579]
						},
						"0.25": {
							"vector": [-47.33472, 13.73891, -33.04971]
						},
						"0.5": {
							"vector": [-24.83472, 13.73891, -33.04971]
						}
					},
					"position": {
						"0.0": {
							"vector": [-4, 0, -6]
						},
						"0.25": {
							"vector": [-1, 0, -3]
						}
					}
				}
			}
		}
	}
}