{
	"format_version": "1.8.0",
	"animations": {
		"leftright": {
			"animation_length": 0.7083,
			"bones": {
				"body": {
					"rotation": {
						"0.0": {
							"vector": [10, -32.5, 0]
						},
						"0.0417": {
							"vector": [-3.84316, -17.69934, -2.70402]
						},
						"0.0833": {
							"vector": [-8.72004, -10.21562, -3.21336]
						},
						"0.125": {
							"vector": [5.23218, 34.76862, 0.51519]
						},
						"0.1667": {
							"vector": [7.62804, 55.64389, 3.83501]
						},
						"0.2083": {
							"vector": [29.19598, 69.49117, 16.76247]
						},
						"0.25": {
							"vector": [2.73537, 42.74424, 6.74048]
						},
						"0.2917": {
							"vector": [-6.34396, 32.814, 8.23763]
						},
						"0.375": {
							"vector": [-5.3802, 7.9398, 10.94012]
						},
						"0.4583": {
							"vector": [-5.35275, 5.45076, 11.17553]
						},
						"0.5417": {
							"vector": [26.39337, -51.79372, -2.70983]
						},
						"0.625": {
							"vector": [50.00897, -68.10792, -26.77429]
						},
						"0.7083": {
							"vector": [47.64854, -69.62878, -32.28335]
						}
					},
					"position": {
						"0.0": {
							"vector": [-0.74402, 0.52094, 3.02903]
						},
						"0.0417": {
							"vector": [-0.44718, 0.68773, 2.08866]
						},
						"0.0833": {
							"vector": [-0.25963, 0.77217, 1.00972]
						},
						"0.125": {
							"vector": [-0.34215, 0.53363, -2.08635]
						},
						"0.1667": {
							"vector": [-1.47737, 0.35784, -3.72608]
						},
						"0.2083": {
							"vector": [-1.41748, 0.16177, -4.92029]
						},
						"0.25": {
							"vector": [-0.50855, 0.04771, -5.89808]
						},
						"0.375": {
							"vector": [-0.60378, 0.14453, -6.68884]
						},
						"0.4583": {
							"vector": [-0.62241, 0.17295, -6.98734]
						},
						"0.5417": {
							"vector": [0.53986, -0.54522, -9.81722]
						},
						"0.625": {
							"vector": [1.31766, -1.01576, -10.33799]
						},
						"0.7083": {
							"vector": [1.43295, -0.55022, -10.46863]
						}
					}
				},
				"head": {
					"rotation": {
						"0.0": {
							"vector": [14.35289, 33.87334, -5.74574]
						},
						"0.1667": {
							"vector": [14.59536, -43.93914, 4.68726]
						},
						"0.25": {
							"vector": [13.07245, -36.65545, 7.03702]
						},
						"0.375": {
							"vector": [10.53975, -7.25547, 13.58322]
						},
						"0.5417": {
							"vector": [-9.32001, 47.22049, -22.30343]
						}
					}
				},
				"right_arm": {
					"rotation": {
						"0.0": {
							"vector": [-105, 0, 0]
						},
						"0.1667": {
							"vector": [-142.76221, 67.28266, -51.56207]
						},
						"0.3333": {
							"vector": [-115.89872, 45.25865, -20.07909]
						},
						"0.5": {
							"vector": [-119.88127, 51.89357, -25.37977]
						},
						"0.5417": {
							"vector": [-122.37313, 36.12469, -14.69108]
						},
						"0.7083": {
							"vector": [-116.02949, 9.75655, 1.07105]
						}
					},
					"position": {
						"0.0": {
							"vector": [0, 1.03528, -3.8637]
						},
						"0.1667": {
							"vector": [-1.68055, -1.07744, 2.59695]
						},
						"0.3333": {
							"vector": [0.23266, -2.17137, 6.08577]
						},
						"0.5": {
							"vector": [3.27742, -2.37857, 6.90838]
						},
						"0.5417": {
							"vector": [-2.34172, 0.13565, -1.19366]
						}
					}
				},
				"left_arm": {
					"rotation": {
						"0.0": {
							"vector": [-125.6484, -10.21235, 7.24677]
						},
						"0.0833": {
							"vector": [-90.6484, -10.21235, 7.24677]
						},
						"0.1667": {
							"vector": [-91.05328, -52.70833, 7.96979]
						},
						"0.25": {
							"vector": [-90.63864, 2.28686, 7.10632]
						},
						"0.4167": {
							"vector": [-90.76854, 29.37846, 6.74707]
						},
						"0.625": {
							"vector": [-91.11579, -53.11412, 8.0166]
						}
					},
					"position": {
						"0.0": {
							"vector": [0, -6.71807, 2.62061]
						},
						"0.0833": {
							"vector": [0.39027, -0.74452, 4.65501]
						},
						"0.1667": {
							"vector": [3.63322, -1.09481, 0.11785]
						},
						"0.25": {
							"vector": [2.56204, -0.93439, -1.83838]
						},
						"0.4167": {
							"vector": [3.91567, -1.13105, 0.82866]
						},
						"0.625": {
							"vector": [-0.84749, -0.57656, 4.43066]
						}
					}
				},
				"right_leg": {
					"rotation": {
						"0.0": {
							"vector": [-29.14743, 7.43547, 13.06431]
						},
						"0.0833": {
							"vector": [3.35257, 7.43547, 13.06431]
						},
						"0.1667": {
							"vector": [3.02368, 7.57453, 10.54661]
						},
						"0.2917": {
							"vector": [23.02368, 7.57453, 10.54661]
						},
						"0.4583": {
							"vector": [39.05698, 13.98446, 2.72853]
						},
						"0.5417": {
							"vector": [6.76291, 16.79406, -15.19421]
						},
						"0.7083": {
							"vector": [11.76291, 16.79406, -15.19421]
						}
					},
					"position": {
						"0.0": {
							"vector": [0, 0, 0]
						},
						"0.2917": {
							"vector": [-0.23554, -1.82846, 0.7754]
						}
					}
				},
				"left_leg": {
					"rotation": {
						"0.0": {
							"vector": [-2.5, 0, 0]
						},
						"0.0833": {
							"vector": [30, 0, 0]
						},
						"0.1667": {
							"vector": [28.07555, -11.0311, 19.7339]
						},
						"0.25": {
							"vector": [60.84827, -29.75479, -8.82582]
						},
						"0.3333": {
							"vector": [20.84827, -29.75479, -8.82582]
						},
						"0.4167": {
							"vector": [0.84827, -29.75479, -8.82582]
						},
						"0.5": {
							"vector": [-26.20104, -23.93264, 6.68928]
						},
						"0.5833": {
							"vector": [-31.71818, -15.39867, 22.94082]
						},
						"0.7083": {
							"vector": [-21.71818, -15.39867, 22.94082]
						}
					},
					"position": {
						"0.0": {
							"vector": [0, 0, -4]
						},
						"0.0833": {
							"vector": [0, -1.73205, -3]
						},
						"0.1667": {
							"vector": [0, -1.96205, 0.59808]
						},
						"0.25": {
							"vector": [1.76777, 0.77929, -3.19095]
						},
						"0.3333": {
							"vector": [1.80738, 1.92067, -3.56077]
						},
						"0.5": {
							"vector": [1.83935, 1.5552, -3.72142]
						}
					}
				}
			}
		}
	}
}