{
	"format_version": "1.8.0",
	"animations": {
		"lightkick": {
			"animation_length": 1.75,
			"bones": {
				"body": {
					"rotation": {
						"0.0": {
							"vector": [0, 22.5, 0]
						},
						"0.0833": {
							"vector": [-3.09597, 8.95794, 8.75485]
						},
						"0.25": {
							"vector": [-26.02856, -21.58223, 28.49887]
						},
						"0.3333": {
							"vector": [-26.67943, -24.62803, 30.14421]
						},
						"1.0": {
							"vector": [-26.49141, -23.82431, 29.69781]
						},
						"1.0833": {
							"vector": [-47.98977, -56.6893, 61.17077]
						},
						"1.25": {
							"vector": [-71.53852, -71.81856, 89.48794]
						},
						"1.5": {
							"vector": [-14.01729, -58.51733, 29.83024]
						},
						"1.75": {
							"vector": [10.38833, -27.52228, -3.81533]
						}
					}
				},
				"head": {
					"rotation": {
						"0.0": {
							"vector": [10, -25, 0]
						},
						"0.25": {
							"vector": [36.70783, 36.76237, -9.09679]
						},
						"1.0": {
							"vector": [31.70783, 36.76237, -9.09679]
						},
						"1.0833": {
							"vector": [-7.95173, 59.94866, -34.9169]
						},
						"1.25": {
							"vector": [-17.0818, 61.76807, -25.34043]
						},
						"1.5": {
							"vector": [-14.5818, 61.76807, -25.34043]
						},
						"1.75": {
							"vector": [2.04179, 28.52477, -1.40372]
						}
					}
				},
				"right_arm": {
					"rotation": {
						"vector": [-21.61832, -23.65934, -6.61832]
					},
					"position": {
						"vector": [-1, -1, 4]
					}
				},
				"left_arm": {
					"rotation": {
						"vector": [-11.06174, 27.89736, 8.4605]
					},
					"position": {
						"vector": [1, -1, 2]
					}
				},
				"right_leg": {
					"rotation": {
						"0.0": {
							"vector": [32.10659, 14.2906, 18.07779]
						},
						"0.25": {
							"vector": [6.94127, 12.69556, 38.58679]
						},
						"0.3333": {
							"vector": [0.7787, 12.69556, 38.58679]
						},
						"0.375": {
							"vector": [1.55772, 12.69556, 38.58679]
						},
						"1.0": {
							"vector": [14.44127, 12.69556, 38.58679]
						},
						"1.0833": {
							"vector": [-132.4879, -9.55931, 58.84069]
						},
						"1.25": {
							"vector": [-109.9879, -9.55931, 58.84069]
						},
						"1.5": {
							"vector": [-36.27215, -20.42251, 44.60876]
						},
						"1.75": {
							"vector": [-19.76827, 16.52072, 2.9521]
						}
					},
					"position": {
						"0.0": {
							"vector": [0, 0, 0]
						},
						"0.0833": {
							"vector": [0, 0.92, -1.6]
						},
						"0.25": {
							"vector": [0, 6, -5]
						},
						"1.0": {
							"vector": [0, 6, -5]
						},
						"1.0833": {
							"vector": [0, 2, -5]
						},
						"1.25": {
							"vector": [-2, 2, -5]
						},
						"1.75": {
							"vector": [-2, 0, -5]
						}
					}
				},
				"left_leg": {
					"rotation": {
						"0.0": {
							"vector": [0, -35, 0]
						},
						"0.25": {
							"vector": [13.46783, -32.61461, -23.9568]
						},
						"1.0": {
							"vector": [15.00046, -31.99975, -26.82396]
						},
						"1.25": {
							"vector": [-25.99226, -34.84748, 6.0963]
						},
						"1.5": {
							"vector": [-13.42132, -37.83943, -2.44727]
						},
						"1.75": {
							"vector": [-11.11431, -33.03184, 15.02755]
						}
					}
				}
			}
		}
	}
}