{
	"format_version": "1.8.0",
	"animations": {
		"lightepic": {
			"animation_length": 0.75,
			"bones": {
				"body": {
					"rotation": {
						"0.0": {
							"vector": [0, 37.5, 15]
						},
						"0.125": {
							"vector": [0.88045, 9.96156, 20.07673]
						},
						"0.25": {
							"vector": [0.86717, -0.03728, 19.92385]
						},
						"0.2917": {
							"vector": [-43.79331, -49.40527, 45.87433]
						},
						"0.75": {
							"vector": [-43.26369, -52.88056, 51.61055]
						}
					}
				},
				"head": {
					"rotation": {
						"0.0": {
							"vector": [9.36302, -31.26463, -17.62528]
						},
						"0.25": {
							"vector": [8.00751, 3.3604, -12.26171]
						},
						"0.2917": {
							"vector": [13.25125, 52.65044, -2.13088]
						}
					}
				},
				"right_arm": {
					"rotation": {
						"vector": [-22.5, -17.5, 0]
					},
					"position": {
						"vector": [-1, 0, 5]
					}
				},
				"left_arm": {
					"rotation": {
						"vector": [-18.07779, 14.2906, -4.60659]
					},
					"position": {
						"vector": [0, 0, 4]
					}
				},
				"right_leg": {
					"rotation": {
						"0.0": {
							"vector": [83.87327, 7.9185, 52.07555]
						},
						"0.25": {
							"vector": [73.87327, 7.9185, 52.07555]
						},
						"0.2917": {
							"vector": [-23.07143, 26.30832, 86.50997]
						},
						"0.75": {
							"vector": [-27.67503, 24.0662, 81.5705]
						}
					},
					"position": {
						"0.0": {
							"vector": [-4, 0, -3]
						},
						"0.25": {
							"vector": [-4, 0, -4]
						},
						"0.2917": {
							"vector": [-4, 0, -2]
						}
					}
				},
				"left_leg": {
					"rotation": {
						"0.0": {
							"vector": [5, 0, 0]
						},
						"0.1667": {
							"vector": [5.17781, 0.35633, -4.07795]
						},
						"0.25": {
							"vector": [-2.32219, 0.35633, -4.07795]
						},
						"0.2917": {
							"vector": [5.19593, -0.45917, -24.06149]
						},
						"0.75": {
							"vector": [-2.21295, 0.48167, -24.75231]
						}
					}
				}
			}
		}
	}
}