{
	"format_version": "1.8.0",
	"animations": {
		"lightepic2": {
			"animation_length": 4,
			"bones": {
				"body": {
					"rotation": {
						"0.0": {
							"vector": [22.5, 62.5, 0]
						},
						"0.5": {
							"vector": [45.70576, 73.39914, 16.85252]
						},
						"0.5833": {
							"vector": [5.45361, 56.05226, 11.11159]
						},
						"0.6667": {
							"vector": [44.04838, -41.25645, 3.91116]
						},
						"0.75": {
							"vector": [15.25678, -46.0943, 2.16293]
						},
						"0.8333": {
							"vector": [27.9554, 36.56042, 13.70383]
						},
						"0.9167": {
							"vector": [46.74417, 58.86791, 38.4548]
						},
						"0.9583": {
							"vector": [49.55535, -29.93963, -14.20194]
						},
						"1.25": {
							"vector": [57.40773, -34.99984, -17.60209]
						},
						"1.3333": {
							"vector": [62.18731, -52.34914, -29.25972]
						},
						"1.4167": {
							"vector": [144.1511, -22.70066, -137.35411]
						},
						"1.5": {
							"vector": [147.27624, -1.93334, -151.69244]
						},
						"1.5833": {
							"vector": [144.6403, 20.99687, -167.20025]
						},
						"1.625": {
							"vector": [167.95489, -69.8685, -174.35929]
						},
						"1.6667": {
							"vector": [173.83529, -32.67757, -182.0299]
						},
						"1.7083": {
							"vector": [173.57117, -50.09943, -180.74768]
						},
						"1.75": {
							"vector": [175.40323, 3.72112, -181.94688]
						},
						"1.7917": {
							"vector": [175.63242, -29.68652, -176.01103]
						},
						"1.8333": {
							"vector": [175.28534, 31.40519, -180.59445]
						},
						"1.875": {
							"vector": [176.11834, -12.23099, -177.35371]
						},
						"1.9167": {
							"vector": [176.04633, 32.74941, -179.10779]
						},
						"1.9583": {
							"vector": [177.16338, 5.36845, -176.13453]
						},
						"2.0": {
							"vector": [173.8809, 58.98225, -181.23294]
						},
						"2.0417": {
							"vector": [176.80586, 27.83819, -177.36172]
						},
						"2.0833": {
							"vector": [144.42508, 84.33185, -211.47147]
						},
						"2.125": {
							"vector": [175.57696, 50.29102, -179.27432]
						},
						"2.1667": {
							"vector": [20.17165, 74.74222, -336.82349]
						},
						"2.2083": {
							"vector": [173.82475, 62.73946, -181.36276]
						},
						"2.2917": {
							"vector": [6.02304, 61.99372, -350.54689]
						},
						"2.375": {
							"vector": [2.84611, 7.11631, -355.51605]
						},
						"2.4167": {
							"vector": [32.78706, -85.29674, -385.24343]
						},
						"2.4583": {
							"vector": [167.51669, -76.82401, -523.70433]
						},
						"2.5417": {
							"vector": [176.72741, 30.33421, -537.52306]
						},
						"2.5833": {
							"vector": [193.6444, 82.25485, -518.08091]
						},
						"2.625": {
							"vector": [26.19353, 67.19867, -688.83195]
						},
						"2.7083": {
							"vector": [10.22169, -15.43066, -715.97209]
						},
						"2.75": {
							"vector": [254.33953, -52.67299, -978.00144]
						},
						"3.25": {
							"vector": [254.33953, -52.67299, -978.00144]
						},
						"3.3333": {
							"vector": [215.73309, 1.32421, -906.46898]
						},
						"4.0": {
							"vector": [217.27831, 15.43066, -895.97209]
						}
					},
					"position": {
						"0.0": {
							"vector": [0, 0, 17]
						},
						"0.0417": {
							"vector": [-51.92, 0, 17]
						},
						"0.0833": {
							"vector": [65.89, 0, 17]
						},
						"0.125": {
							"vector": [0, 0, 17]
						},
						"0.5": {
							"vector": [1, 0, 17]
						},
						"0.5833": {
							"vector": [1, 0, 13]
						},
						"0.6667": {
							"vector": [4, -1, 16]
						},
						"0.75": {
							"vector": [2, -1, 18]
						},
						"0.8333": {
							"vector": [-5, -1, 18]
						},
						"0.9167": {
							"vector": [-1, -1, 27]
						},
						"0.9583": {
							"vector": [-1, -1, -30]
						},
						"1.25": {
							"vector": [0.13, -1, -33.35]
						},
						"1.3333": {
							"vector": [4, -1, -36]
						},
						"1.4167": {
							"vector": [4, -4, -40]
						},
						"1.5": {
							"vector": [13, -4, -42]
						},
						"1.5417": {
							"vector": [-33.5, -4, -43]
						},
						"1.5833": {
							"vector": [56, -4, -44]
						},
						"1.625": {
							"vector": [-16, -9, -12]
						},
						"1.7083": {
							"vector": [-11, -9, -16]
						},
						"1.7917": {
							"vector": [0, -9, -16]
						},
						"1.875": {
							"vector": [5, -9, -16]
						},
						"1.9583": {
							"vector": [9, -9, -13]
						},
						"2.0417": {
							"vector": [14, -9, -10]
						},
						"2.125": {
							"vector": [15, -9, -3]
						},
						"2.2083": {
							"vector": [16, -9, 4]
						},
						"2.2917": {
							"vector": [18, -7, 16]
						},
						"2.375": {
							"vector": [7, -3, 20]
						},
						"2.4583": {
							"vector": [-5, -3, 21]
						},
						"2.5417": {
							"vector": [-15, -3, 21]
						},
						"2.625": {
							"vector": [-30, 1, 16]
						},
						"2.7083": {
							"vector": [-34, 1, 7]
						},
						"2.75": {
							"vector": [-13, 1, 7]
						},
						"2.7917": {
							"vector": [-24, 1, 7]
						},
						"2.8333": {
							"vector": [47, 1, 7]
						},
						"2.875": {
							"vector": [-14, 1, 7]
						},
						"3.25": {
							"vector": [-14, 1, 7]
						},
						"4.0": {
							"vector": [-12, 1, 7]
						}
					}
				},
				"head": {
					"rotation": {
						"0.0": {
							"vector": [-17.17599, -46.04179, 29.52015]
						},
						"0.5": {
							"vector": [-18.92326, -50.79658, 31.85385]
						},
						"0.5833": {
							"vector": [24.16339, -53.8897, -7.75494]
						},
						"0.6667": {
							"vector": [-44.6585, 30.90495, -44.56287]
						},
						"0.75": {
							"vector": [-0.49401, 54.90823, -10.49515]
						},
						"0.8333": {
							"vector": [-20.05317, -43.94551, 18.55262]
						},
						"0.9167": {
							"vector": [-12.79494, -56.37858, 8.03203]
						},
						"0.9583": {
							"vector": [-28.62564, 35.15304, -7.66827]
						},
						"1.25": {
							"vector": [-16.04499, 35.15304, -7.66827]
						},
						"1.5833": {
							"vector": [34.54659, -30.24949, 7.64212]
						},
						"2.4583": {
							"vector": [28.90287, -48.59721, -8.79195]
						},
						"2.7083": {
							"vector": [11.76756, -34.09322, -3.39856]
						},
						"2.75": {
							"vector": [26.85963, 33.69822, -4.09575]
						},
						"3.25": {
							"vector": [26.85963, 33.69822, -4.09575]
						},
						"3.3333": {
							"vector": [3.92929, 2.16676, 10.08492]
						},
						"4.0": {
							"vector": [21.42929, 2.16676, 10.08492]
						}
					}
				},
				"right_arm": {
					"rotation": {
						"0.0": {
							"vector": [5, 0, 40]
						},
						"0.5": {
							"vector": [15.30196, 29.55147, 76.00688]
						},
						"0.5833": {
							"vector": [139.04803, 9.29564, 246.10899]
						},
						"0.6667": {
							"vector": [294.42899, 3.72438, 291.08701]
						},
						"0.75": {
							"vector": [237.62264, -10.72232, 454.90735]
						},
						"0.8333": {
							"vector": [372.62264, -10.72232, 454.90735]
						},
						"0.9167": {
							"vector": [289.20989, 2.14978, 424.8213]
						},
						"0.9583": {
							"vector": [327.1648, 43.93086, 443.66926]
						},
						"1.25": {
							"vector": [314.13073, 34.53926, 441.44365]
						},
						"1.3333": {
							"vector": [280.51394, 2.3395, 433.81297]
						},
						"1.4167": {
							"vector": [320.51394, 2.3395, 433.81297]
						},
						"1.5": {
							"vector": [348.01394, 2.3395, 433.81297]
						},
						"1.5833": {
							"vector": [348.02369, -2.38957, 411.8093]
						},
						"1.625": {
							"vector": [265.52369, -2.38957, 411.8093]
						},
						"1.6667": {
							"vector": [265.52758, 0.10282, 411.61424]
						},
						"1.7083": {
							"vector": [265.52369, -2.38957, 411.8093]
						},
						"1.75": {
							"vector": [265.52758, 0.10282, 411.61424]
						},
						"1.7917": {
							"vector": [265.52369, -2.38957, 411.8093]
						},
						"1.8333": {
							"vector": [265.52758, 0.10282, 411.61424]
						},