{
	"format_version": "1.8.0",
	"animations": {
		"lionsong": {
			"animation_length": 2.5,
			"bones": {
				"body": {
					"rotation": {
						"0.0": {
							"vector": [2.5, 0, 0]
						},
						"0.25": {
							"vector": [2.5, 0, 0]
						},
						"0.5": {
							"vector": [2.5, 0, 0]
						},
						"0.75": {
							"vector": [7.5, 0, 0]
						},
						"1.0": {
							"vector": [11.5, 0, 0]
						},
						"1.25": {
							"vector": [12.5, 0, 0]
						},
						"1.2917": {
							"vector": [2.5, 0, 0]
						}
					},
					"position": {
						"0.0": {
							"vector": [0, -0.4, 0]
						},
						"0.25": {
							"vector": [0, -0.4, 0]
						},
						"0.5": {
							"vector": [0, -0.4, 0]
						},
						"0.75": {
							"vector": [0, -3, 0]
						},
						"1.0": {
							"vector": [0, -3.2, 0]
						},
						"1.25": {
							"vector": [0, -3.2, 0]
						}
					}
				},
				"head": {
					"rotation": {
						"0.0": {
							"vector": [15, 0, 0]
						},
						"0.25": {
							"vector": [15, 0, 0]
						},
						"1.0": {
							"vector": [65, 0, 0]
						},
						"1.25": {
							"vector": [62.5, 0, 0]
						},
						"1.2917": {
							"vector": [7.15758, 0.8199, 0.97619]
						},
						"2.0": {
							"vector": [10, 0, 0]
						},
						"2.5": {
							"vector": [10, 0, 0]
						}
					}
				},
				"right_arm": {
					"rotation": {
						"0.0": {
							"vector": [-66.76033, 16.24648, 207.85631]
						},
						"0.25": {
							"vector": [-81.80565, 7.68547, 169.70365]
						},
						"0.375": {
							"vector": [-88.77846, 5.87403, 134.36115]
						},
						"0.5": {
							"vector": [-100.44924, 4.10003, 53.77724]
						},
						"0.75": {
							"vector": [-85.04332, -10.07448, -83.78487]
						},
						"1.0": {
							"vector": [-99.26825, -17.31354, -173.51267]
						},
						"1.25": {
							"vector": [-99.26825, -17.31354, -173.51267]
						},
						"1.2917": {
							"vector": [-171.61615, 2.43403, -168.64413]
						},
						"2.0": {
							"vector": [-171.61615, 2.43403, -168.64413]
						},
						"2.5": {
							"vector": [-171.61615, 2.43403, -168.64413]
						}
					},
					"position": {
						"0.25": {
							"vector": [-1.5, 0, 0]
						},
						"0.75": {
							"vector": [-1.5, -1, 1.8]
						},
						"1.0": {
							"vector": [-1.5, 0.4, 5]
						},
						"1.25": {
							"vector": [-1.5, 0.4, 5]
						},
						"1.2917": {
							"vector": [-1.5, 0.4, -1]
						},
						"2.0": {
							"vector": [-1.5, 0.4, -1]
						},
						"2.5": {
							"vector": [-1.5, 0.4, -1]
						}
					}
				},
				"left_arm": {
					"rotation": {
						"0.0": {
							"vector": [-106.80857, 26.48829, -7.6734]
						},
						"0.0833": {
							"vector": [-116.70211, 8.11446, 2.84582]
						},
						"0.25": {
							"vector": [-135.99297, -68.90942, 44.00703]
						},
						"0.3333": {
							"vector": [-206.26461, -48.17572, 110.07947]
						},
						"0.4167": {
							"vector": [-198.57226, -25.97801, 81.42165]
						},
						"0.5": {
							"vector": [-183.9455, -4.25316, 34.02729]
						},
						"0.5833": {
							"vector": [-181.0075, -5.43305, 1.41847]
						},
						"1.0": {
							"vector": [-159.34368, -1.28028, -86.18252]
						},
						"1.25": {
							"vector": [-159.34368, -1.28028, -86.18252]
						},
						"1.2917": {
							"vector": [-21.86946, 4.78994, 54.08583]
						},
						"1.7083": {
							"vector": [-21.86946, 4.78994, 54.08583]
						},
						"2.0": {
							"vector": [3.13054, 4.78994, 54.08583]
						},
						"2.5": {
							"vector": [3.13054, 4.78994, 54.08583]
						}
					},
					"position": {
						"0.0": {
							"vector": [0, 0, 0]
						},
						"0.5": {
							"vector": [0, 1.9, 2.8]
						},
						"1.0": {
							"vector": [-5.6, 4.3, 1.3]
						},
						"1.25": {
							"vector": [-5.6, 4.3, 1.3]
						},
						"1.2917": {
							"vector": [-5.1, -1.7, -5.5]
						},
						"2.0": {
							"vector": [-5.1, -1.7, -5.5]
						},
						"2.5": {
							"vector": [-5.1, -1.7, -5.5]
						}
					}
				},
				"right_leg": {
					"rotation": {
						"0.0": {
							"vector": [0, 0, 22.5]
						},
						"0.25": {
							"vector": [0, 0, 22.5]
						},
						"0.5": {
							"vector": [0, 0, 22.5]
						},
						"0.75": {
							"vector": [0, 22.5, 7.5]
						},
						"1.25": {
							"vector": [0, 25, 7.5]
						}
					},
					"position": {
						"0.0": {
							"vector": [0, 0, 0]
						},
						"0.5": {
							"vector": [0, 0, 0]
						},
						"0.75": {
							"vector": [-2, 3, -4]
						},
						"1.2917": {
							"vector": [-2, 3, -4.3]
						},
						"2.0": {
							"vector": [-2, 3, -4.3]
						},
						"2.5": {
							"vector": [-2, 3, -4.3]
						}
					}
				},
				"left_leg": {
					"rotation": {
						"0.0": {
							"vector": [0, 0, -20]
						},
						"0.25": {
							"vector": [0, 0, -20]
						},
						"0.5": {
							"vector": [0, 0, -20]
						},
						"0.75": {
							"vector": [0, -25, -5]
						},
						"1.25": {
							"vector": [0, -27.5, -5]
						}
					},
					"position": {
						"0.0": {
							"vector": [0, 0, 0]
						},
						"0.5": {
							"vector": [0, 0, 0]
						},
						"0.75": {
							"vector": [2, 3, -3]
						},
						"1.2917": {
							"vector": [2, 3, -3.9]
						},
						"2.0": {
							"vector": [2, 3, -3.9]
						},
						"2.5": {
							"vector": [2, 3, -3.9]
						}
					}
				}
			}
		}
	}
}