{
	"format_version": "1.8.0",
	"animations": {
		"magmahound": {
			"animation_length": 1,
			"bones": {
				"body": {
					"rotation": {
						"0.0": {
							"vector": [-5, 40, 0]
						},
						"0.25": {
							"vector": [-5.416, 44.97942, -0.61529]
						},
						"0.3333": {
							"vector": [5.21405, 28.347, 2.5042]
						},
						"0.5": {
							"vector": [25.33612, -34.80329, 5.88466]
						},
						"0.6667": {
							"vector": [28.69337, -37.00535, 4.42317]
						},
						"1.0": {
							"vector": [29.64889, -39.18843, 2.87484]
						}
					}
				},
				"head": {
					"rotation": {
						"0.0": {
							"vector": [8.87221, -32.18826, -4.75346]
						},
						"0.25": {
							"vector": [13.87221, -32.18826, -4.75346]
						},
						"0.5": {
							"vector": [8.44236, 27.24513, 3.88714]
						}
					}
				},
				"right_arm": {
					"rotation": {
						"0.0": {
							"vector": [-110.88852, 16.41371, -6.15491]
						},
						"0.25": {
							"vector": [-111.50238, 21.07593, -8.0634]
						},
						"0.5": {
							"vector": [-127.7392, 34.33007, -15.83529]
						},
						"1.0": {
							"vector": [-120.6257, 7.16665, 3.52173]
						}
					},
					"position": {
						"0.0": {
							"vector": [0, -3, 5]
						},
						"0.25": {
							"vector": [0, -3, 5]
						},
						"0.5": {
							"vector": [-1, 3, -3]
						}
					}
				},
				"left_arm": {
					"rotation": {
						"0.0": {
							"vector": [-92.30998, -25.71543, 10.09541]
						},
						"0.25": {
							"vector": [-92.36183, -28.21336, 10.20972]
						},
						"0.5": {
							"vector": [-107.42077, -30.71118, 10.32951]
						},
						"1.0": {
							"vector": [-111.30026, -44.87985, 16.60759]
						}
					},
					"position": {
						"0.0": {
							"vector": [0, 0, 0]
						},
						"0.25": {
							"vector": [0, 0, 0]
						},
						"0.5": {
							"vector": [0, -6, 6]
						}
					}
				}
			}
		}
	}
}