{
	"format_version": "1.8.0",
	"animations": {
		"meigou": {
			"animation_length": 2.25,
			"bones": {
				"body": {
					"rotation": {
						"0.0": {
							"vector": [7.5, 0, 0]
						},
						"0.0833": {
							"vector": [2.5, 0, 0]
						},
						"0.1667": {
							"vector": [-5, 0, 0]
						},
						"0.25": {
							"vector": [0, 0, 0]
						},
						"0.3333": {
							"vector": [2.5, 0, 0]
						},
						"0.4167": {
							"vector": [9.99527, -0.21782, 2.4905]
						},
						"0.5": {
							"vector": [22.72447, 8.58437, 11.31834]
						},
						"0.5833": {
							"vector": [42.05157, 10.9493, 20.13696]
						},
						"0.6667": {
							"vector": [46.24769, 5.79685, 14.62624]
						},
						"0.75": {
							"vector": [38.58372, -0.46268, 6.4276]
						},
						"0.8333": {
							"vector": [37.13364, -12.1289, -3.07544]
						},
						"0.9167": {
							"vector": [45.75574, -10.55787, -8.22636]
						},
						"1.0": {
							"vector": [62.86255, -7.48667, -18.49136]
						},
						"1.0833": {
							"vector": [67.86255, -7.48667, -18.49136]
						},
						"1.1667": {
							"vector": [72.0649, -5.22386, -11.2961]
						},
						"1.25": {
							"vector": [69.5649, -5.22386, -11.2961]
						},
						"1.3333": {
							"vector": [42.13325, -0.94937, 2.63186]
						},
						"1.4167": {
							"vector": [35.15842, 9.31647, 9.79249]
						},
						"1.5": {
							"vector": [34.99703, 21.80183, 18.44409]
						},
						"1.5833": {
							"vector": [49.20603, 37.97538, 36.62597]
						},
						"1.6667": {
							"vector": [59.90932, 41.13745, 41.65213]
						},
						"1.75": {
							"vector": [52.83723, -47.51131, -6.66209]
						},
						"2.0": {
							"vector": [57.55447, -50.36882, -12.91358]
						},
						"2.25": {
							"vector": [63.04152, -52.8503, -19.90918]
						}
					},
					"position": {
						"0.0": {
							"vector": [0, -1, 0]
						},
						"0.1667": {
							"vector": [0, 3, 0]
						},
						"0.4583": {
							"vector": [0, 4, 0]
						},
						"0.625": {
							"vector": [0, 2, -2]
						},
						"0.7917": {
							"vector": [0, 3, -3]
						},
						"1.0": {
							"vector": [0, 2, 0]
						},
						"1.1667": {
							"vector": [0, 2, -4]
						},
						"1.3333": {
							"vector": [0, 2, -3]
						},
						"1.5": {
							"vector": [0, 2, 2]
						},
						"1.6667": {
							"vector": [0, 2, 3]
						},
						"1.75": {
							"vector": [0, 2, -5]
						},
						"2.0": {
							"vector": [0, 2, -6]
						}
					}
				},
				"head": {
					"rotation": {
						"0.0": {
							"vector": [15, 0, 0]
						},
						"0.1667": {
							"vector": [20, 0, 0]
						},
						"0.3333": {
							"vector": [30, 0, 0]
						},
						"0.5833": {
							"vector": [-17.5, 0, 0]
						},
						"0.75": {
							"vector": [-30, 0, 0]
						},
						"0.9583": {
							"vector": [2.5, 0, 0]
						},
						"1.25": {
							"vector": [-22.5, 0, 0]
						},
						"1.5": {
							"vector": [-22.99008, -11.53486, 4.8493]
						},
						"1.6667": {
							"vector": [-29.32794, -38.62085, 19.32397]
						},
						"1.75": {
							"vector": [-29.23216, 47.13536, -26.50648]
						},
						"2.25": {
							"vector": [-32.20218, 51.43601, -30.42145]
						}
					}
				},
				"right_arm": {
					"rotation": {
						"0.0": {
							"vector": [0, 0, 0]
						},
						"0.1667": {
							"vector": [-80, 0, 20]
						},
						"0.3333": {
							"vector": [-107.41547, 7.38542, 21.30962]
						},
						"0.5": {
							"vector": [-119.63173, 7.38542, 21.30962]
						},
						"0.6667": {
							"vector": [-21.07724, 37.10013, 23.77982]
						},
						"0.8333": {
							"vector": [38.83111, 37.10013, 23.77982]
						},
						"1.5": {
							"vector": [-88.66889, 37.10013, 23.77982]
						},
						"1.6667": {
							"vector": [-88.80739, 27.10254, 23.52018]
						},
						"1.75": {
							"vector": [-118.5621, 68.25107, 9.61157]
						},
						"2.0": {
							"vector": [-104.45021, 44.76935, 26.14712]
						},
						"2.25": {
							"vector": [-102.49663, 35.04183, 29.18095]
						}
					},
					"position": {
						"0.0": {
							"vector": [0, 0, 0]
						},
						"0.1667": {
							"vector": [0, -6, 4]
						},
						"0.5": {
							"vector": [0, 1, -2]
						},
						"0.6667": {
							"vector": [0, 1, -1]
						},
						"0.8333": {
							"vector": [0, -1, 1]
						},
						"1.5": {
							"vector": [2, -1, 6]
						},
						"1.6667": {
							"vector": [2, -1, 7]
						},
						"1.75": {
							"vector": [-2, 3, -3]
						},
						"2.0": {
							"vector": [-2, 3, -4]
						}
					}
				},
				"left_arm": {
					"rotation": {
						"0.0": {
							"vector": [0, 0, 0]
						},
						"0.2083": {
							"vector": [-107.5, 0, 0]
						},
						"0.375": {
							"vector": [-125, 0, 0]
						},
						"0.5417": {
							"vector": [-125.88793, -10.98805, 7.85978]
						},
						"0.6667": {
							"vector": [-33.10765, -42.32792, -29.25161]
						},
						"0.7917": {
							"vector": [24.11207, -10.98805, 7.85978]
						},
						"1.0": {
							"vector": [-35.88793, -10.98805, 7.85978]
						},
						"1.625": {
							"vector": [-134.44253, -48.19771, 38.14853]
						},
						"1.7917": {
							"vector": [-146.98484, -56.17911, 53.9484]
						},
						"2.25": {
							"vector": [-153.79492, -58.65514, 62.02474]
						}
					},
					"position": {
						"0.0": {
							"vector": [0, 0, 0]
						},
						"0.2083": {
							"vector": [0, -8, 4]
						},
						"0.375": {
							"vector": [0, -2, 1]
						},
						"0.5417": {
							"vector": [0, -2, 0]
						},
						"0.7917": {
							"vector": [0, -2, 3]
						},
						"1.0": {
							"vector": [2, -2, 3]
						},
						"1.625": {
							"vector": [2, 1, 0]
						},
						"1.7917": {
							"vector": [-1, -3, 6]
						}
					}
				},
				"right_leg": {
					"rotation": {
						"0.0": {
							"vector": [0, 12.5, 0]
						},
						"0.3333": {
							"vector": [25, 12.5, 0]
						},
						"0.6667": {
							"vector": [-22.5, 12.5, 0]
						},
						"1.2917": {
							"vector": [24.58747, 12.5, 0]
						},
						"1.6667": {
							"vector": [34.58747, 12.5, 0]
						},
						"2.25": {
							"vector": [27.08747, 12.5, 0]
						}
					},
					"position": {
						"0.0": {
							"vector": [0, 0, 0]
						},
						"1.6667": {
							"vector": [0, 0, -0.5]
						},
						"1.875": {
							"vector": [0, 2.6, -7.2]
						}
					}
				},
				"left_leg": {
					"rotation": {
						"0.0": {
							"vector": [0, -10, 0]
						},
						"0.2917": {
							"vector": [-25, -10, 0]
						},
						"0.6667": {
							"vector": [13.32686, -10, 0]
						},
						"0.9167": {
							"vector": [25.31117, -10, 0]
						},
						"1.1667": {
							"vector": [-35.01666, -10, 0]
						},
						"1.5417": {
							"vector": [-47.33769, -35.21373, -20.887]
						},
						"1.75": {
							"vector": [-17.03484, -35.21373, -20.887]
						},
						"2.25": {
							"vector": [-13.54417, -36.5336, -26.83986]
						}
					}
				}
			}
		}
	}
}