{
	"format_version": "1.8.0",
	"animations": {
		"mes": {
			"animation_length": 3,
			"bones": {
				"body": {
					"rotation": {
						"0.0": {
							"vector": [7.5, 32.5, 0]
						},
						"1.0": {
							"vector": [8.5, 32.5, 0]
						},
						"1.125": {
							"vector": [33.56606, -54.98158, -7.08597]
						},
						"1.25": {
							"vector": [43.33106, -60.9708, -15.63879]
						},
						"1.375": {
							"vector": [46.63562, -62.73996, -19.38573]
						},
						"1.5": {
							"vector": [44.13562, -62.73996, -19.38573]
						},
						"1.6667": {
							"vector": [22.38899, -57.05374, -8.95669]
						},
						"1.75": {
							"vector": [5.64891, -53.71421, -2.8317]
						},
						"1.9167": {
							"vector": [-1.85109, -53.71421, -2.8317]
						},
						"2.0833": {
							"vector": [-4.35109, -53.71421, -2.8317]
						},
						"2.2917": {
							"vector": [0.64891, -53.71421, -2.8317]
						}
					},
					"position": {
						"0.0": {
							"vector": [0, 0, 0]
						},
						"1.0": {
							"vector": [0.31962, 0.07832, 0.50171]
						},
						"1.125": {
							"vector": [-0.64297, -0.59686, -2.43505]
						}
					}
				},
				"head": {
					"rotation": {
						"0.0": {
							"vector": [10, -32.5, 0]
						},
						"1.0": {
							"vector": [12.5, -32.5, 0]
						},
						"1.125": {
							"vector": [13.07343, 17.73656, -26.78768]
						},
						"1.5": {
							"vector": [14.7674, 32.30239, -22.81596]
						},
						"2.5": {
							"vector": [20.20989, 51.4165, -14.78038]
						}
					}
				},
				"right_arm": {
					"rotation": {
						"0.0": {
							"vector": [-95.07673, 9.96156, -0.88045]
						},
						"0.125": {
							"vector": [-95, 0, 0]
						},
						"0.2917": {
							"vector": [-95.00474, 2.49048, -0.21803]
						},
						"0.5": {
							"vector": [-95.07673, 9.96156, -0.88045],
							"easing": "easeInOutSine"
						},
						"0.625": {
							"vector": [-95, 0, 0]
						},
						"0.7917": {
							"vector": [-95.00474, 2.49048, -0.21803]
						},
						"1.0": {
							"vector": [-95.07673, 9.96156, -0.88045]
						},
						"1.125": {
							"vector": [-115.67831, 52.21677, -6.48009]
						},
						"1.25": {
							"vector": [-106.10995, 16.91038, 9.52416]
						},
						"1.375": {
							"vector": [-118.4075, -14.39222, 18.3784]
						},
						"1.5": {
							"vector": [-138.4075, -14.39222, 18.3784]
						},
						"2.0": {
							"vector": [-155.43185, 14.73672, -7.26806]
						},
						"2.1667": {
							"vector": [-156.72179, 16.76548, -12.01668]
						},
						"2.5": {
							"vector": [-156.1833, 15.96639, -10.1058]
						}
					},
					"position": {
						"0.0": {
							"vector": [-1, -3.33721, 3.72331]
						},
						"0.25": {
							"vector": [-1.98481, -3.35513, 3.89299],
							"easing": "linear"
						},
						"0.5": {
							"vector": [-1, -3.33721, 3.72331],
							"easing": "linear"
						},
						"0.75": {
							"vector": [-1.98481, -3.35513, 3.89299],
							"easing": "linear"
						},
						"1.0": {
							"vector": [-1, -3.33721, 3.72331],
							"easing": "linear"
						},
						"1.125": {
							"vector": [-1.02367, 1.55894, -2.19606]
						},
						"1.25": {
							"vector": [-1.47938, 2.19979, -4.03838]
						},
						"1.375": {
							"vector": [-1.64511, 1.32799, -4.50081]
						},
						"1.5": {
							"vector": [-1.98022, -0.41401, -5.42162]
						},
						"2.0": {
							"vector": [-1.35532, -6.17468, -3.58199]
						},
						"2.1667": {
							"vector": [-1.18402, -6.88102, -3.25832]
						},
						"2.2917": {
							"vector": [-1.02863, -7.31737, -3.0708]
						}
					}
				},
				"left_arm": {
					"rotation": {
						"0.0": {
							"vector": [-37.5, 0, -40]
						},
						"1.0": {
							"vector": [-42.5, 0, -40]
						},
						"1.125": {
							"vector": [-90, 0, -40]
						},
						"1.2917": {
							"vector": [-62.5, 0, -40]
						},
						"1.4583": {
							"vector": [-50, 0, -40]
						},
						"1.875": {
							"vector": [5.54401, -5.05904, 2.25489]
						},
						"2.5": {
							"vector": [0.54401, -5.05904, 2.25489]
						}
					},
					"position": {
						"0.0": {
							"vector": [1.30278, -1.5526, 2.21183]
						},
						"1.0": {
							"vector": [1.30278, -1.5526, 2.21183]
						},
						"1.125": {
							"vector": [3.47842, -5.70186, 3.81304]
						},
						"1.2917": {
							"vector": [2.41715, -5.98907, 4.69701]
						},
						"1.4583": {
							"vector": [0.70952, -3.95153, 3.31475]
						},
						"1.875": {
							"vector": [0.88925, -2.06156, 2.12609]
						},
						"2.5": {
							"vector": [0.84233, -3.05422, 2.22623]
						}
					}
				},
				"right_leg": {
					"rotation": {
						"0.0": {
							"vector": [0, 0, 12.5]
						},
						"1.0": {
							"vector": [-2.5, 0, 12.5]
						},
						"1.2083": {
							"vector": [31.09515, 77.25635, 1.36899]
						},
						"1.5": {
							"vector": [-77.80997, 49.33118, -27.22601]
						},
						"1.7917": {
							"vector": [8.08575, 50.07034, -0.0426]
						},
						"2.0": {
							"vector": [26.33964, 45.25005, 21.14216]
						}
					},
					"position": {
						"0.0": {
							"vector": [-0.9763, 0.21644, -1]
						},
						"1.0": {
							"vector": [-0.9763, 0.21644, -1]
						},
						"1.2083": {
							"vector": [-5.4545, 2.20333, -2.02238]
						},
						"1.5": {
							"vector": [-1.7941, 0.53026, -1.18439]
						},
						"1.7917": {
							"vector": [-0.1632, -0.17754, 0.18121]
						},
						"2.5417": {
							"vector": [-0.13168, -0.37658, 0.20358]
						}
					}
				},
				"left_leg": {
					"rotation": {
						"0.0": {
							"vector": [-7.56282, -33.2523, -0.83139]
						},
						"1.0": {
							"vector": [-10.06282, -33.2523, -0.83139]
						},
						"1.2083": {
							"vector": [26.00928, 53.19471, -20.69646]
						},
						"1.5": {
							"vector": [63.50928, 53.19471, -20.69646]
						},
						"1.7917": {
							"vector": [21.00928, 53.19471, -20.69646]
						},
						"2.125": {
							"vector": [-8.99072, 53.19471, -20.69646]
						},
						"2.5417": {
							"vector": [-3.99072, 53.19471, -20.69646]
						}
					},
					"position": {
						"0.0": {
							"vector": [1.08318, 0.27897, -1.65798]
						},
						"1.5": {
							"vector": [0.65796, -2.32409, -2.64403]
						},
						"1.625": {
							"vector": [-0.41641, -2.10679, -3.33706]
						},
						"1.7917": {
							"vector": [-2.19241, -0.04788, -4.0353]
						},
						"2.125": {
							"vector": [-0.54705, 1.9048, -2.37056]
						},
						"2.5417": {
							"vector": [0.3513, -0.95867, -2.49508]
						}
					}
				}
			}
		}
	}
}