{
	"format_version": "1.8.0",
	"animations": {
		"mirrorkick": {
			"animation_length": 2.5,
			"bones": {
				"body": {
					"rotation": {
						"0.0": {
							"vector": [2.5, 0, 0]
						},
						"0.1667": {
							"vector": [-2.5, 0, 0]
						},
						"0.5": {
							"vector": [0, 0, 0]
						},
						"1.5": {
							"vector": [2, 0, 0]
						},
						"1.5417": {
							"vector": [90.04358, 0.4981, 95.00019]
						},
						"1.625": {
							"vector": [89.82899, -0.46985, -69.9993]
						},
						"2.5": {
							"vector": [89.91317, -0.4924, -79.99963],
							"easing": "easeOutQuad"
						}
					},
					"position": {
						"0.0": {
							"vector": [0, 0, 0]
						},
						"0.5": {
							"vector": [0, 0, 0.4]
						}
					}
				},
				"head": {
					"rotation": {
						"0.0": {
							"vector": [5, 0, 0]
						},
						"0.2083": {
							"vector": [10, 0, 0]
						},
						"0.4583": {
							"vector": [5, 0, 0]
						},
						"1.5": {
							"vector": [-2.5, 0, 0]
						},
						"1.5417": {
							"vector": [0.35435, -57.4145, 3.91686]
						},
						"1.625": {
							"vector": [8.13762, 72.58399, 4.82382]
						},
						"2.5": {
							"vector": [15.63762, 72.58399, 4.82382],
							"easing": "easeOutQuad"
						}
					}
				},
				"right_arm": {
					"rotation": {
						"0.0": {
							"vector": [-12.5, 0, 0]
						},
						"0.1667": {
							"vector": [-67.5241, -16.1457, 22.4211]
						},
						"0.3333": {
							"vector": [-112.89913, -52.73869, 24.68689]
						},
						"0.5": {
							"vector": [-129.24021, -78.83105, 26.30249]
						},
						"0.5833": {
							"vector": [-124.85021, -78.83105, 26.30249]
						},
						"0.75": {
							"vector": [-129.85021, -78.83105, 26.30249]
						},
						"1.5": {
							"vector": [-132.35021, -78.83105, 26.30249]
						},
						"1.5417": {
							"vector": [-98.79343, -31.39605, -10.89549]
						},
						"1.625": {
							"vector": [-203.63498, 81.81106, -129.35418]
						},
						"2.5": {
							"vector": [-234.92075, 76.87632, -161.13342],
							"easing": "easeOutQuad"
						}
					},
					"position": {
						"0.0": {
							"vector": [0, 0, 1]
						},
						"0.5": {
							"vector": [-3, -3, -3]
						},
						"1.5": {
							"vector": [-3, -3, -3]
						},
						"1.5417": {
							"vector": [0, -1, -2]
						},
						"1.625": {
							"vector": [0, -1, 2]
						}
					}
				},
				"left_arm": {
					"rotation": {
						"0.0": {
							"vector": [-15.12353, 7.24305, -1.95155]
						},
						"0.1667": {
							"vector": [-24.12608, -33.89603, 20.22973]
						},
						"0.5": {
							"vector": [-100.36955, -77.02762, 188.72677]
						},
						"0.5833": {
							"vector": [-102.86955, -77.02762, 188.72677]
						},
						"0.75": {
							"vector": [-105.36955, -77.02762, 188.72677]
						},
						"1.5": {
							"vector": [-107.86955, -77.02762, 188.72677]
						},
						"1.5417": {
							"vector": [-10.5859, 16.81551, 80.48277]
						},
						"1.625": {
							"vector": [-323.94766, 40.02596, -65.65419]
						},
						"2.5": {
							"vector": [-318.09929, 33.71809, -55.93706],
							"easing": "easeOutQuad"
						}
					},
					"position": {
						"0.0": {
							"vector": [0, 0, 0]
						},
						"0.5": {
							"vector": [2, -6, -6]
						},
						"1.5": {
							"vector": [2, -6, -6]
						},
						"1.5417": {
							"vector": [0, 0, -4]
						},
						"1.625": {
							"vector": [2, 0, 2]
						}
					}
				},
				"right_leg": {
					"rotation": {
						"0.0": {
							"vector": [-1.0384, 17.64257, 4.454]
						},
						"1.5": {
							"vector": [-1.0384, 17.64257, 4.454]
						},
						"1.5417": {
							"vector": [36.43654, -59.49673, 72.48619]
						},
						"1.625": {
							"vector": [-16.8533, -4.99666, 94.72737]
						},
						"2.5": {
							"vector": [-32.79751, -11.9293, 84.20432],
							"easing": "easeOutQuad"
						}
					},
					"position": {
						"0.0": {
							"vector": [0, 0, 0]
						},
						"1.5": {
							"vector": [0, 0, 0]
						},
						"1.5417": {
							"vector": [-4, -2, -3]
						},
						"1.625": {
							"vector": [-2, 1, -1]
						}
					}
				},
				"left_leg": {
					"rotation": {
						"0.0": {
							"vector": [0.10994, -27.60437, -5.63885]
						},
						"1.5": {
							"vector": [1.41635, -27.57107, -8.45936]
						},
						"1.5417": {
							"vector": [7.06278, -5.66029, -84.47508]
						},
						"1.625": {
							"vector": [37.70864, 46.34025, -76.35215]
						},
						"2.5": {
							"vector": [47.70864, 46.34025, -76.35215],
							"easing": "easeOutQuad"
						}
					},
					"position": {
						"0.0": {
							"vector": [0, 0, 0]
						},
						"1.5": {
							"vector": [0, 0, 0]
						},
						"1.5417": {
							"vector": [2, 0, 0]
						}
					}
				}
			}
		}
	}
}