{
	"format_version": "1.8.0",
	"animations": {
		"moguradrill": {
			"animation_length": 1.75,
			"bones": {
				"body": {
					"rotation": {
						"0.0": {
							"vector": [15.34721, -12.06754, -3.28396]
						},
						"0.0833": {
							"vector": [15.67981, -5.91433, -6.80385]
						},
						"0.25": {
							"vector": [28.35496, 55.52665, 18.83763]
						},
						"0.3333": {
							"vector": [30.21102, 57.70756, 21.05994]
						},
						"0.4167": {
							"vector": [34.8374, 61.92759, 26.40728]
						},
						"0.5": {
							"vector": [26.73862, 53.30977, 16.85065]
						},
						"0.5833": {
							"vector": [17.08491, -29.38773, 9.3511]
						},
						"0.6667": {
							"vector": [25.90008, -33.91111, 6.84692]
						},
						"0.75": {
							"vector": [30.90008, -33.91111, 6.84692]
						},
						"0.8333": {
							"vector": [35.18889, -42.30576, -0.07859]
						},
						"0.9167": {
							"vector": [38.1047, -46.31962, -4.24904]
						},
						"1.0": {
							"vector": [31.75142, -44.20921, -2.3444]
						},
						"1.5": {
							"vector": [29.25142, -44.20921, -2.3444]
						},
						"1.5417": {
							"vector": [55.0871, -60.35734, -22.09388]
						},
						"1.625": {
							"vector": [34.55081, -66.61778, -13.30842]
						},
						"1.75": {
							"vector": [14.91081, -45.45911, 1.05796]
						}
					},
					"position": {
						"0.0": {
							"vector": [0, 0, 0]
						},
						"0.0833": {
							"vector": [0, -1, 0]
						},
						"0.25": {
							"vector": [0, -1, 2]
						},
						"0.3333": {
							"vector": [0, -1, 3]
						},
						"0.4167": {
							"vector": [0, -1, 2]
						},
						"0.5": {
							"vector": [0, -1, 1]
						},
						"0.5833": {
							"vector": [0, -1, 0]
						},
						"0.6667": {
							"vector": [0, -1, -1]
						},
						"0.75": {
							"vector": [0, -1, -2]
						},
						"0.8333": {
							"vector": [0, -1, -2.5]
						},
						"0.9167": {
							"vector": [0, -0.7, -2.5]
						},
						"1.0": {
							"vector": [0, -0.2, -2.5]
						},
						"1.5": {
							"vector": [0, 0.3, -2.5]
						},
						"1.5417": {
							"vector": [0, -0.9, -4.1]
						},
						"1.625": {
							"vector": [0, -0.9, -4.6]
						}
					}
				},
				"head": {
					"rotation": {
						"0.0": {
							"vector": [0, 0, 0]
						},
						"0.1667": {
							"vector": [0, -22.5, 0]
						},
						"0.375": {
							"vector": [0, -42.5, 0]
						},
						"0.5417": {
							"vector": [0, -15, 0]
						},
						"0.7083": {
							"vector": [0, 32.5, 0]
						},
						"1.0833": {
							"vector": [0, 45, 0]
						}
					}
				},
				"right_arm": {
					"rotation": {
						"0.0": {
							"vector": [-17.5, 0, 0]
						},
						"0.1667": {
							"vector": [-43.5, 0, 0]
						},
						"0.3333": {
							"vector": [-42.80536, 7.97335, 8.52075]
						},
						"0.4583": {
							"vector": [-48.69815, 33.30007, 46.99369]
						},
						"0.5417": {
							"vector": [-78.69815, 33.30007, 46.99369]
						},
						"0.5833": {
							"vector": [-78.36548, 23.31893, 47.69252]
						},
						"0.7917": {
							"vector": [-72.32079, 52.42343, 57.2101]
						},
						"0.9167": {
							"vector": [-59.68395, 59.0697, 63.4125]
						},
						"1.0": {
							"vector": [-67.25447, 47.85286, 54.04241]
						},
						"1.5": {
							"vector": [-70.65239, 45.5005, 52.80842]
						},
						"1.5417": {
							"vector": [-66.23737, 54.8112, 58.53782]
						},
						"1.625": {
							"vector": [-48.73737, 54.8112, 58.53782]
						}
					},
					"position": {
						"0.0": {
							"vector": [0, -1, 0]
						},
						"0.1667": {
							"vector": [0, -1, 1.5]
						},
						"0.3333": {
							"vector": [0, 0, 4.8]
						},
						"0.4583": {
							"vector": [0, 0, 5.6]
						},
						"0.5417": {
							"vector": [-1, 0, 6.6]
						},
						"0.5833": {
							"vector": [-2, 0, -1.4]
						}
					}
				},
				"left_arm": {
					"rotation": {
						"0.0": {
							"vector": [-7.5, 0, 0]
						},
						"0.125": {
							"vector": [-41.81615, -8.40819, -9.28293]
						},
						"0.25": {
							"vector": [-71.92078, 5.85485, -4.62582]
						},
						"0.4167": {
							"vector": [-70.99605, 18.17027, -0.39692]
						},
						"0.5417": {
							"vector": [-71.07811, -17.4263, -12.38856]
						},
						"0.7083": {
							"vector": [-62.23562, -45.75264, -27.42722]
						},
						"0.8333": {
							"vector": [-54.02228, -56.40705, -37.92686]
						},
						"1.0": {
							"vector": [-49.24086, -60.1284, -43.54172]
						},
						"1.125": {
							"vector": [-52.8342, -48.22881, -30.15316]
						},
						"1.2917": {
							"vector": [-45.3342, -48.22881, -30.15316]
						},
						"1.625": {
							"vector": [-15.3342, -48.22881, -30.15316]
						}
					},
					"position": {
						"0.0": {
							"vector": [0, -0.4, 0]
						},
						"0.125": {
							"vector": [0, -0.4, -0.3]
						},
						"0.25": {
							"vector": [0, -0.4, -1.7]
						},
						"0.4167": {
							"vector": [1, -0.4, -1.1]
						},
						"0.5417": {
							"vector": [1, -0.4, 2.1]
						},
						"0.7083": {
							"vector": [1, -0.4, 5.7]
						},
						"0.8333": {
							"vector": [1, -0.4, 4.3]
						},
						"1.0": {
							"vector": [1, -0.4, 3.6]
						},
						"1.2917": {
							"vector": [1, -0.4, 2.6]
						},
						"1.625": {
							"vector": [1, -0.4, 1.2]
						}
					}
				},
				"right_leg": {
					"rotation": {
						"0.0": {
							"vector": [-41.5123, 10.07026, 11.17505]
						},
						"0.5": {
							"vector": [-48.5444, -12.71968, -8.47042]
						},
						"0.75": {
							"vector": [-46.63939, 4.66024, 16.55161]
						},
						"1.625": {
							"vector": [-31.63939, 4.66024, 16.55161]
						}
					}
				},
				"left_leg": {
					"rotation": {
						"0.0": {
							"vector": [5, 0, 0]
						},
						"0.5": {
							"vector": [12.5, 0, 0]
						},
						"0.75": {
							"vector": [45.59061, 6.6782, -31.88034]
						},
						"1.5": {
							"vector": [33.09061, 6.6782, -31.88034]
						},
						"1.625": {
							"vector": [-19.40939, 6.6782, -31.88034]
						}
					}
				}
			}
		}
	}
}