{
	"format_version": "1.8.0",
	"animations": {
		"newdodge3": {
			"animation_length": 0.25,
			"bones": {
				"body": {
					"rotation": {
						"0.0": {
							"vector": [2.5, 0, 0]
						},
						"0.0833": {
							"vector": [-37.5, 0, 0]
						},
						"0.25": {
							"vector": [-27.5, 0, 0]
						}
					},
					"position": {
						"0.0": {
							"vector": [0, 0, 0]
						},
						"0.0833": {
							"vector": [0, 0, 11]
						},
						"0.25": {
							"vector": [0, 0, 10]
						}
					}
				},
				"head": {
					"rotation": {
						"0.0": {
							"vector": [2.5, 0, 0]
						},
						"0.0833": {
							"vector": [35, 0, 0]
						},
						"0.25": {
							"vector": [30, 0, 0]
						}
					}
				},
				"right_arm": {
					"rotation": {
						"0.0": {
							"vector": [-7.5, 0, 0]
						},
						"0.0833": {
							"vector": [-1.95155, 7.24305, 74.87647]
						},
						"0.25": {
							"vector": [-5.31847, 5.29571, 44.75386]
						}
					}
				},
				"left_arm": {
					"rotation": {
						"0.0": {
							"vector": [-5, 0, 0]
						},
						"0.0833": {
							"vector": [-2.11751, -4.53051, -64.91623]
						},
						"0.25": {
							"vector": [-4.09918, -2.86544, -34.89743]
						}
					}
				},
				"right_leg": {
					"rotation": {
						"0.0": {
							"vector": [-4.98107, 0.43523, 4.98107]
						},
						"0.0833": {
							"vector": [-2.48107, 0.43523, 4.98107]
						},
						"0.25": {
							"vector": [5.01893, 0.43523, 4.98107]
						}
					}
				},
				"left_leg": {
					"rotation": {
						"0.0": {
							"vector": [-4.99527, -0.21782, -2.4905]
						},
						"0.0833": {
							"vector": [75.00473, -0.21782, -2.4905]
						},
						"0.25": {
							"vector": [82.50473, -0.21782, -2.4905]
						}
					}
				}
			}
		}
	}
}