{
	"format_version": "1.8.0",
	"animations": {
		"newdodge1": {
			"animation_length": 0.25,
			"bones": {
				"body": {
					"rotation": {
						"0.0": {
							"vector": [2.5, 25, 0]
						},
						"0.0833": {
							"vector": [-4.07336, 59.94594, 1.55902]
						},
						"0.25": {
							"vector": [-5.87257, 59.78347, -3.41128]
						}
					},
					"position": {
						"0.0": {
							"vector": [0, 0, 0]
						},
						"0.0833": {
							"vector": [12, 0, 0]
						},
						"0.25": {
							"vector": [10, 0, 0]
						}
					}
				},
				"head": {
					"rotation": {
						"0.0": {
							"vector": [5, -15, 0]
						},
						"0.0833": {
							"vector": [18.07497, -29.93708, -1.49162]
						},
						"0.25": {
							"vector": [8.07497, -29.93708, -1.49162]
						}
					}
				},
				"right_arm": {
					"rotation": {
						"0.0": {
							"vector": [-2.5, 0, 7.5]
						},
						"0.0833": {
							"vector": [20, 0, 7.5]
						},
						"0.25": {
							"vector": [7.5, 0, 7.5]
						}
					}
				},
				"left_arm": {
					"rotation": {
						"0.0": {
							"vector": [-5, 0, -7.5]
						},
						"0.0833": {
							"vector": [12.5, 0, -7.5]
						},
						"0.25": {
							"vector": [7.5, 0, -7.5]
						}
					}
				},
				"right_leg": {
					"rotation": {
						"0.0": {
							"vector": [-2.5, 0, 0]
						},
						"0.0833": {
							"vector": [-22.01816, 4.75113, 11.57518]
						},
						"0.25": {
							"vector": [-12.01816, 4.75113, 11.57518]
						}
					}
				},
				"left_leg": {
					"rotation": {
						"0.0": {
							"vector": [-2.49762, -0.10901, -2.49762]
						},
						"0.0833": {
							"vector": [20.00238, -0.10901, -2.49762]
						},
						"0.25": {
							"vector": [17.50238, -0.10901, -2.49762]
						}
					}
				}
			}
		}
	}
}