{
	"format_version": "1.8.0",
	"animations": {
		"ongle": {
			"animation_length": 0.75,
			"bones": {
				"body": {
					"rotation": {
						"0.0": {
							"vector": [55, 0, 0]
						},
						"0.25": {
							"vector": [60, 0, 0]
						},
						"0.2917": {
							"vector": [22.33628, 0.06367, 15.0121]
						},
						"0.3333": {
							"vector": [-90.32743, 0.12733, 30.0242]
						},
						"0.75": {
							"vector": [-82.82743, 0.12733, 30.0242]
						}
					},
					"position": {
						"0.0": {
							"vector": [0, -4, 7]
						},
						"0.25": {
							"vector": [0, -4, 9]
						},
						"0.2917": {
							"vector": [0, -2.5, -11]
						},
						"0.3333": {
							"vector": [0, -1, -7]
						},
						"0.375": {
							"vector": [-0.05439, -1.08473, -8.45003]
						},
						"0.5": {
							"vector": [-0.22728, -1.35335, -16.79019]
						},
						"0.5833": {
							"vector": [-0.18833, -1.30189, -15.18735]
						},
						"0.6667": {
							"vector": [-0.14137, -1.23447, -13.0851]
						},
						"0.75": {
							"vector": [0, -1, -9]
						}
					}
				},
				"head": {
					"rotation": {
						"0.0": {
							"vector": [-35, 0, 0]
						},
						"0.25": {
							"vector": [-40, 0, 0]
						},
						"0.3333": {
							"vector": [70, 0, 0]
						},
						"0.75": {
							"vector": [60, 0, 0]
						}
					}
				},
				"right_leg": {
					"rotation": {
						"0.0": {
							"vector": [-57.5, 0, 0]
						},
						"0.25": {
							"vector": [-75, 0, 0]
						},
						"0.3333": {
							"vector": [7.5, 0, 0]
						}
					},
					"position": {
						"0.0": {
							"vector": [0, 6.97834, -2.07431]
						},
						"0.25": {
							"vector": [0, 6.97834, -2.07431]
						},
						"0.3333": {
							"vector": [0, -0.82103, -0.03435]
						}
					}
				},
				"left_leg": {
					"rotation": {
						"0.0": {
							"vector": [2.5, 0, 0]
						},
						"0.25": {
							"vector": [2.5, 0, 0]
						},
						"0.3333": {
							"vector": [32.5, 0, 0]
						},
						"0.75": {
							"vector": [27.5, 0, 0]
						}
					},
					"position": {
						"0.0": {
							"vector": [0, 1, -2]
						},
						"0.25": {
							"vector": [0, 1, -2]
						},
						"0.3333": {
							"vector": [0, 4.98575, -6.91058]
						}
					}
				}
			}
		}
	}
}