{
	"format_version": "1.8.0",
	"animations": {
		"padhomax": {
			"animation_length": 3,
			"bones": {
				"body": {
					"rotation": {
						"0.0": {
							"vector": [0, 0, 0]
						},
						"0.1667": {
							"vector": [50, 0, 0]
						},
						"0.875": {
							"vector": [50, 0, 0]
						},
						"0.9583": {
							"vector": [0, 0, 0]
						},
						"2.5": {
							"vector": [0, 0, 0]
						},
						"2.7083": {
							"vector": [5, 0, 0]
						},
						"2.875": {
							"vector": [70.38788, 10.54297, 6.76994]
						}
					},
					"position": {
						"0.0": {
							"vector": [0, 0, 0]
						},
						"0.9583": {
							"vector": [0, 0, 0]
						},
						"1.2083": {
							"vector": [0, 11, 0]
						},
						"1.4583": {
							"vector": [0, 9, 0]
						},
						"2.2083": {
							"vector": [0, 8, 0]
						},
						"2.5": {
							"vector": [0, 8, 0]
						},
						"2.875": {
							"vector": [0, 8, 0]
						}
					}
				},
				"torso": {
					"position": {
						"0.0": {
							"vector": [0, 0, 0]
						},
						"0.1667": {
							"vector": [0, -2, -1]
						}
					}
				},
				"head": {
					"rotation": {
						"0.0": {
							"vector": [0, 0, 0]
						},
						"0.5": {
							"vector": [7.5, 0, 0]
						},
						"0.875": {
							"vector": [7.5, 0, 0]
						},
						"0.9583": {
							"vector": [-25, 0, 0]
						},
						"1.2083": {
							"vector": [-44.81223, -37.75546, 21.16931]
						},
						"1.5417": {
							"vector": [-44.81223, -37.75546, 21.16931]
						},
						"1.75": {
							"vector": [16.37034, -6.92433, 4.25362]
						},
						"2.2083": {
							"vector": [23.87034, -6.92433, 4.25362]
						},
						"2.5": {
							"vector": [23.87034, -6.92433, 4.25362]
						},
						"2.7083": {
							"vector": [38.87034, -6.92433, 4.25362]
						},
						"2.875": {
							"vector": [48.87034, -6.92433, 4.25362]
						}
					},
					"position": {
						"0.0": {
							"vector": [0, 0, 0]
						},
						"0.1667": {
							"vector": [0, -1, -2]
						},
						"0.875": {
							"vector": [0, -1, -2]
						}
					}
				},
				"right_arm": {
					"rotation": {
						"0.0": {
							"vector": [0, 0, 0]
						},
						"0.1667": {
							"vector": [0, 0, 32.5]
						},
						"0.5": {
							"vector": [37.5, 0, 47.5]
						},
						"0.875": {
							"vector": [37.5, 0, 47.5]
						},
						"0.9583": {
							"vector": [0, 0, 145]
						},
						"1.2083": {
							"vector": [0, 0, 55]
						},
						"1.4583": {
							"vector": [0, 0, 20]
						},
						"1.75": {
							"vector": [0, 0, 10]
						},
						"2.2083": {
							"vector": [0, 0, 5]
						},
						"2.5": {
							"vector": [0, 0, 5]
						},
						"2.875": {
							"vector": [40, 0, 5]
						}
					},
					"position": {
						"0.0": {
							"vector": [0, 0, 0]
						},
						"0.1667": {
							"vector": [0, 0, -1]
						},
						"0.875": {
							"vector": [0, 0, -1]
						},
						"0.9583": {
							"vector": [-1, -1, -1]
						},
						"1.375": {
							"vector": [0, -1, -1]
						}
					}
				},
				"left_arm": {
					"rotation": {
						"0.0": {
							"vector": [0, 0, 0]
						},
						"0.1667": {
							"vector": [0, 0, -20]
						},
						"0.5": {
							"vector": [40, 0, -42.5]
						},
						"0.875": {
							"vector": [40, 0, -42.5]
						},
						"0.9583": {
							"vector": [0, 0, -150]
						},
						"1.2083": {
							"vector": [-0.66963, 14.98539, -152.58807]
						},
						"1.75": {
							"vector": [-1.3378, 14.94159, -155.17544]
						},
						"2.2083": {
							"vector": [-2.00307, 14.8687, -157.7614]
						},
						"2.5": {
							"vector": [-2.00307, 14.8687, -157.7614]
						},
						"2.7083": {
							"vector": [22.99693, 14.8687, -157.7614]
						},
						"2.875": {
							"vector": [-135.54123, 7.94663, -150.39373]
						}
					},
					"position": {
						"0.0": {
							"vector": [0, 0, 0]
						},
						"0.1667": {
							"vector": [0, 0, -1]
						},
						"0.875": {
							"vector": [0, 0, -1]
						},
						"0.9583": {
							"vector": [1, -1, -1]
						},
						"2.7083": {
							"vector": [1, -1, -1]
						},
						"2.875": {
							"vector": [1, -1, -7]
						}
					}
				},
				"right_leg": {
					"rotation": {
						"0.0": {
							"vector": [0, 0, 0]
						},
						"0.1667": {
							"vector": [-34.75386, 5.29571, 5.31847]
						},
						"0.5": {
							"vector": [-27.25386, 5.29571, 5.31847]
						},
						"0.875": {
							"vector": [-27.25386, 5.29571, 5.31847]
						},
						"0.9583": {
							"vector": [-2.25386, 5.29571, 5.31847]
						},
						"1.75": {
							"vector": [2.74614, 5.29571, 5.31847]
						},
						"2.2083": {
							"vector": [2.51209, 5.4104, 2.81016]
						},
						"2.5": {
							"vector": [2.51209, 5.4104, 2.81016]
						},
						"2.875": {
							"vector": [20.01209, 5.4104, 2.81016]
						}
					},
					"position": {
						"0.0": {
							"vector": [0, 0, 0]
						},
						"0.1667": {
							"vector": [0, 1, -1]
						},
						"0.875": {
							"vector": [0, 1, -1]
						},
						"0.9583": {
							"vector": [0, -1, -1]
						},
						"1.2083": {
							"vector": [0, -2, -2]
						}
					}
				},
				"left_leg": {
					"rotation": {
						"0.0": {
							"vector": [0, 0, 0]
						},
						"0.1667": {
							"vector": [-50, 0, 0]
						},
						"0.875": {
							"vector": [-50, 0, 0]
						},
						"0.9583": {
							"vector": [22.5, 0, 0]
						},
						"1.75": {
							"vector": [27.5, 0, 0]
						},
						"2.875": {
							"vector": [57.5, 0, 0]
						}
					},
					"position": {
						"0.0": {
							"vector": [0, 0, 0]
						},
						"0.1667": {
							"vector": [0, 1, -1]
						},
						"0.5": {
							"vector": [0, 2, -2]
						},
						"0.875": {
							"vector": [0, 2, -2]
						},
						"0.9583": {
							"vector": [0, 1, -4]
						},
						"1.2083": {
							"vector": [0, -2, -2]
						}
					}
				}
			}
		}
	},
	"geckolib_format_version": 2
}