{
	"format_version": "1.8.0",
	"animations": {
		"pawblock": {
			"animation_length": 0.5,
			"bones": {
				"body": {
					"rotation": {
						"0.0": {
							"vector": [0, 20, 0]
						},
						"0.0833": {
							"vector": [0, -42.5, 0]
						},
						"0.2083": {
							"vector": [0, -47.5, 0]
						},
						"0.5": {
							"vector": [0, -40, 0]
						}
					}
				},
				"head": {
					"rotation": {
						"0.0": {
							"vector": [15, -17.5, 0]
						},
						"0.0833": {
							"vector": [10.00321, 39.13762, -2.7992]
						},
						"0.2083": {
							"vector": [10.80532, 44.05563, -1.59213]
						},
						"0.5": {
							"vector": [10.3793, 41.5982, -2.21868]
						}
					}
				},
				"right_arm": {
					"rotation": {
						"0.0": {
							"vector": [0, 0, 42.5]
						},
						"0.0833": {
							"vector": [-80.15108, 9.84655, 40.74622]
						},
						"0.2083": {
							"vector": [-100.15108, 9.84655, 40.74622]
						},
						"0.5": {
							"vector": [-90.15108, 9.84655, 40.74622]
						}
					}
				},
				"left_arm": {
					"rotation": {
						"0.0": {
							"vector": [0, 17.5, 0]
						},
						"0.0833": {
							"vector": [5.16524, -27.0478, -11.24314]
						},
						"0.5": {
							"vector": [2.59775, -27.38656, -5.63304]
						}
					}
				}
			}
		}
	}
}