{
	"format_version": "1.8.0",
	"animations": {
		"pawdash": {
			"animation_length": 1.2083,
			"bones": {
				"body": {
					"rotation": {
						"0.0": {
							"vector": [24.14867, -20.70481, -9.00717]
						},
						"0.75": {
							"vector": [26.82396, -31.99975, -15.00046]
						},
						"0.875": {
							"vector": [23.47603, 16.1299, 6.88003]
						},
						"1.0417": {
							"vector": [25.97603, 16.1299, 6.88003]
						},
						"1.2083": {
							"vector": [20.97603, 16.1299, 6.88003]
						}
					}
				},
				"head": {
					"rotation": {
						"0.0": {
							"vector": [0.66963, 14.98539, 2.58807]
						},
						"0.75": {
							"vector": [8.22916, 27.48447, 2.75144]
						},
						"0.875": {
							"vector": [7.74662, -19.6054, -3.68049]
						},
						"1.0417": {
							"vector": [-2.25338, -19.6054, -3.68049]
						},
						"1.2083": {
							"vector": [10.24662, -19.6054, -3.68049]
						}
					}
				},
				"right_arm": {
					"rotation": {
						"0.0": {
							"vector": [-137.54119, -4.6536, 68.45643]
						},
						"0.75": {
							"vector": [-145.04119, -4.6536, 68.45643]
						},
						"0.875": {
							"vector": [9.95881, -4.6536, 68.45643]
						},
						"1.0417": {
							"vector": [10.88571, -1.46371, 51.22263]
						},
						"1.2083": {
							"vector": [10.97391, 0.43701, 41.40408]
						}
					},
					"position": {
						"0.0": {
							"vector": [0, 0, 0]
						},
						"0.75": {
							"vector": [2, 0, -3]
						},
						"0.875": {
							"vector": [-1, 0, 0]
						},
						"1.0417": {
							"vector": [-1, -1, 0]
						}
					}
				},
				"left_arm": {
					"rotation": {
						"0.0": {
							"vector": [10, 0, -12.5]
						},
						"0.75": {
							"vector": [24.81197, 3.1622, -19.30423]
						},
						"0.875": {
							"vector": [-11.33765, 8.31087, -30.75612]
						},
						"1.0417": {
							"vector": [-9.73634, 10.14425, -20.79596]
						},
						"1.2083": {
							"vector": [-8.81694, 10.95079, -15.77653]
						}
					},
					"position": {
						"0.0": {
							"vector": [0, 0, 0]
						},
						"1.0417": {
							"vector": [0, -2, 0]
						}
					}
				},
				"right_leg": {
					"rotation": {
						"0.0": {
							"vector": [25, 0, 0]
						},
						"0.5": {
							"vector": [12.55, 0, 0]
						},
						"0.625": {
							"vector": [2.53, 0, 0]
						},
						"0.75": {
							"vector": [32.5, 0, 0]
						},
						"0.875": {
							"vector": [-32.5, 0, 0]
						},
						"1.2083": {
							"vector": [-37.5, 0, 0]
						}
					},
					"position": {
						"0.0": {
							"vector": [0, 0, 0]
						},
						"0.5": {
							"vector": [0, 4.35, -5.37]
						},
						"0.75": {
							"vector": [0, 2, -5]
						},
						"0.875": {
							"vector": [0, 2, -3]
						},
						"1.2083": {
							"vector": [0, 0, -1]
						}
					}
				},
				"left_leg": {
					"rotation": {
						"0.0": {
							"vector": [-20, 0, 0]
						},
						"0.2083": {
							"vector": [30.97, 0, 0]
						},
						"0.5417": {
							"vector": [55.04, 0, 0]
						},
						"0.75": {
							"vector": [37.5, 0, 0]
						},
						"0.875": {
							"vector": [60, 0, 0]
						},
						"1.2083": {
							"vector": [17.5, 0, 0]
						}
					}
				}
			}
		}
	}
}