{
	"format_version": "1.8.0",
	"animations": {
		"pawshot": {
			"animation_length": 0.5,
			"bones": {
				"body": {
					"rotation": {
						"0.0": {
							"vector": [7.5, 20, 0]
						},
						"0.125": {
							"vector": [3.50625, -45.28273, 0.89083]
						},
						"0.2083": {
							"vector": [4.1312, -53.04281, 0.0754]
						},
						"0.5": {
							"vector": [3.02228, -35.29879, 1.63639]
						}
					},
					"position": {
						"vector": [0.04464, -0.99144, 0.12265]
					}
				},
				"head": {
					"rotation": {
						"0.0": {
							"vector": [0, -20, 0]
						},
						"0.0833": {
							"vector": [7.5, 37.5, 0]
						},
						"0.5": {
							"vector": [4.76435, 35.02071, -0.39834]
						}
					}
				},
				"right_arm": {
					"rotation": {
						"0.0": {
							"vector": [-68.82717, 18.74724, 7.09597]
						},
						"0.0833": {
							"vector": [-85.4646, 13.89032, 4.04161]
						},
						"0.1667": {
							"vector": [-84.68405, 30.2185, 5.68747]
						},
						"0.5": {
							"vector": [-85.27188, 21.36591, 4.67663]
						}
					},
					"position": {
						"0.0": {
							"vector": [0, -3.6724, 4.52918]
						},
						"0.0833": {
							"vector": [-1.87566, -3.56413, -2.45824]
						},
						"0.5": {
							"vector": [-1.14281, -4.4549, -0.60379]
						}
					}
				},
				"left_arm": {
					"rotation": {
						"0.0": {
							"vector": [-95.3191, -19.92066, 1.81693]
						},
						"0.0833": {
							"vector": [-87.5, 0, 0]
						},
						"0.5": {
							"vector": [-84.97437, -1.43364, -2.04831]
						}
					},
					"position": {
						"0.0": {
							"vector": [0, -0.76604, -2.64279]
						},
						"0.0833": {
							"vector": [0, -1.50205, 6.09205]
						},
						"0.5": {
							"vector": [0, -1.5, 3.09]
						}
					}
				}
			}
		}
	},
	"geckolib_format_version": 2
}