{
	"format_version": "1.8.0",
	"animations": {
		"pawswipetp": {
			"animation_length": 1,
			"bones": {
				"body": {
					"rotation": {
						"0.0": {
							"vector": [7.5, 15, 0]
						},
						"0.25": {
							"vector": [8.35907, 29.8586, 2.23243]
						},
						"0.5": {
							"vector": [8.5812, 32.33134, 2.66243]
						},
						"0.625": {
							"vector": [5.88752, -20.30304, 0.72262]
						},
						"1.0": {
							"vector": [6.10715, -25.27571, 0.15615]
						}
					},
					"position": {
						"0.0": {
							"vector": [0, 0, 0]
						},
						"0.6667": {
							"vector": [0, 0, 0]
						},
						"0.7083": {
							"vector": [-6, 0, 0]
						},
						"0.75": {
							"vector": [21, 0, 0]
						},
						"0.7917": {
							"vector": [-41, 0, 0]
						},
						"0.8333": {
							"vector": [49, 0, 0]
						},
						"0.875": {
							"vector": [-88, 0, 0]
						},
						"0.9167": {
							"vector": [135, 0, 0]
						},
						"0.9583": {
							"vector": [-144, 0, 0]
						},
						"1.0": {
							"vector": [272, 0, 0]
						}
					}
				},
				"head": {
					"rotation": {
						"0.0": {
							"vector": [5.31839, -20.57359, 5.64072]
						},
						"0.25": {
							"vector": [5.64237, -28.03944, 4.85532]
						},
						"0.5": {
							"vector": [5.78193, -30.52703, 4.57006]
						},
						"0.625": {
							"vector": [0.89299, 24.80328, -1.21477]
						},
						"1.0": {
							"vector": [5.89299, 24.80328, -1.21477]
						}
					}
				},
				"right_arm": {
					"rotation": {
						"0.0": {
							"vector": [2.59775, 27.38656, 5.63304]
						},
						"0.5": {
							"vector": [10.56453, 43.95897, 17.1649]
						},
						"0.625": {
							"vector": [11.03614, 46.41472, 17.82953]
						}
					},
					"position": {
						"0.0": {
							"vector": [0, 0, 0]
						},
						"0.625": {
							"vector": [0, 0, 1]
						}
					}
				},
				"left_arm": {
					"rotation": {
						"0.0": {
							"vector": [-17.10967, -3.73171, -11.93845]
						},
						"0.1667": {
							"vector": [-66.67583, -11.30718, -43.18655]
						},
						"0.25": {
							"vector": [-113.95891, -15.09492, -58.81061]
						},
						"0.5": {
							"vector": [-140.14474, -10.3505, -64.76757]
						},
						"0.625": {
							"vector": [4.85526, -10.3505, -64.76757]
						},
						"0.7083": {
							"vector": [39.19282, -10.3505, -64.76757]
						},
						"1.0": {
							"vector": [14.85526, -10.3505, -64.76757]
						}
					},
					"position": {
						"0.0": {
							"vector": [0, -1, 0]
						},
						"0.5": {
							"vector": [0, -3, -2]
						},
						"0.625": {
							"vector": [1, 0, -1]
						},
						"1.0": {
							"vector": [1, 0, -2]
						}
					}
				},
				"right_leg": {
					"rotation": {
						"vector": [-7.49294, 0.32621, 2.47864]
					}
				},
				"left_leg": {
					"rotation": {
						"0.0": {
							"vector": [-4.95744, -0.65182, -7.47178]
						},
						"0.5": {
							"vector": [-5.38894, -23.06265, -5.41199]
						}
					}
				}
			}
		}
	}
}