{
	"format_version": "1.8.0",
	"animations": {
		"pawshot": {
			"animation_length": 0.5,
			"bones": {
				"body": {
					"rotation": {
						"0.0": {
							"vector": [7.5, 20, 0]
						},
						"0.125": {
							"vector": [3.50625, -45.28273, 0.89083]
						},
						"0.2083": {
							"vector": [4.1312, -53.04281, 0.0754]
						},
						"0.5": {
							"vector": [3.02228, -35.29879, 1.63639]
						}
					},
					"position": {
						"vector": [0.04464, -0.99144, 0.12265]
					}
				},
				"head": {
					"rotation": {
						"0.0": {
							"vector": [0, -20, 0]
						},
						"0.0833": {
							"vector": [7.5, 37.5, 0]
						},
						"0.5": {
							"vector": [4.76435, 35.02071, -0.39834]
						}
					}
				},
				"right_arm": {
					"rotation": {
						"0.0": {
							"vector": [-68.82717, 18.74724, 7.09597]
						},
						"0.0833": {
							"vector": [-85.4646, 13.89032, 4.04161]
						},
						"0.1667": {
							"vector": [-84.68405, 30.2185, 5.68747]
						},
						"0.5": {
							"vector": [-85.27188, 21.36591, 4.67663]
						}
					},
					"position": {
						"0.0": {
							"vector": [0, -3.6724, 4.52918]
						},
						"0.0833": {
							"vector": [-1.87566, -3.56413, -2.45824]
						},
						"0.5": {
							"vector": [-1.14281, -4.4549, -0.60379]
						}
					}
				},
				"left_arm": {
					"rotation": {
						"0.0": {
							"vector": [-95.3191, -19.92066, 1.81693]
						},
						"0.0833": {
							"vector": [-87.5, 0, 0]
						},
						"0.5": {
							"vector": [-84.97437, -1.43364, -2.04831]
						}
					},
					"position": {
						"0.0": {
							"vector": [0, -0.76604, -2.64279]
						},
						"0.0833": {
							"vector": [0, -1.50205, 6.09205]
						},
						"0.5": {
							"vector": [0, -1.5, 3.09]
						}
					}
				}
			}
		},
		"pawshot3": {
			"animation_length": 0.875,
			"bones": {
				"body": {
					"rotation": {
						"0.0": {
							"vector": [7.5, 20, 0]
						},
						"0.0833": {
							"vector": [7.24298, -47.69869, 0.83863]
						},
						"0.1667": {
							"vector": [8.04088, -52.65446, -0.19928]
						},
						"0.25": {
							"vector": [2.46037, 34.79568, 3.49529]
						},
						"0.3333": {
							"vector": [2.73135, 42.28803, 3.92927]
						},
						"0.4167": {
							"vector": [2.86483, -45.14373, 0.05903]
						},
						"0.5": {
							"vector": [3.53499, -55.12838, -0.81074]
						},
						"0.75": {
							"vector": [4.39488, -62.61069, -1.81315]
						}
					},
					"position": {
						"vector": [0.04464, -0.99144, 0.12265]
					}
				},
				"head": {
					"rotation": {
						"0.0": {
							"vector": [0, -20, 0]
						},
						"0.0833": {
							"vector": [-2.09615, 39.95426, -3.26206]
						},
						"0.1667": {
							"vector": [-4.59615, 39.95426, -3.26206]
						},
						"0.25": {
							"vector": [3.06701, -37.37203, 2.38736]
						},
						"0.3333": {
							"vector": [-0.04907, -48.66192, -0.51986]
						},
						"0.4167": {
							"vector": [-3.13184, 40.04816, -3.50229]
						},
						"0.5": {
							"vector": [-0.36131, 45.73289, -6.85197]
						},
						"0.75": {
							"vector": [2.20197, 45.69272, -3.27178]
						}
					}
				},
				"right_arm": {
					"rotation": {
						"0.0": {
							"vector": [-91.25944, -3.74718, 7.60491]
						},
						"0.0833": {
							"vector": [-91.73957, 43.73873, 6.3197]
						},
						"0.1667": {
							"vector": [-91.43341, 28.74436, 6.83314]
						},
						"0.25": {
							"vector": [-91.40118, -26.24129, 8.14222]
						},
						"0.3333": {
							"vector": [-91.2938, -13.74471, 7.83003]
						},
						"0.4167": {
							"vector": [-91.73957, 43.73873, 6.3197]
						},
						"0.5": {
							"vector": [-91.373, 23.74585, 6.96961]
						},
						"0.75": {
							"vector": [-91.30904, 16.2479, 7.15626]
						}
					},
					"position": {
						"0.0": {
							"vector": [0, -3.6724, 4.52918]
						},
						"0.0833": {
							"vector": [-1, -3.67, -3.47]
						},
						"0.1667": {
							"vector": [-1, -3.67, -1.47]
						},
						"0.25": {
							"vector": [-2, -3.67, -0.47]
						},
						"0.3333": {
							"vector": [-2, -3.67, -1.47]
						},
						"0.4167": {
							"vector": [-2, -3.67, -3.47]
						},
						"0.5": {
							"vector": [-1, -3.67, -2.47]
						},
						"0.75": {
							"vector": [-1, -3.67, -0.47]
						}
					}
				},
				"left_arm": {
					"rotation": {
						"0.0": {
							"vector": [-95.3191, -19.92066, 1.81693]
						},
						"0.0833": {
							"vector": [-96.76733, 42.30054, -4.56615]
						},
						"0.1667": {
							"vector": [-96.51542, 39.8173, -4.18273]
						},
						"0.25": {
							"vector": [-97.05322, -44.78238, 4.98106]
						},
						"0.3333": {
							"vector": [-96.0963, -34.84747, 3.49226]
						},
						"0.4167": {
							"vector": [-95.07673, 9.96156, -0.88045]
						},
						"0.5": {
							"vector": [-90, 0, 0]
						},
						"0.75": {
							"vector": [-90, -7.5, 0]
						}
					},
					"position": {
						"0.0": {
							"vector": [0, -0.76604, -2.64279]
						},
						"0.0833": {
							"vector": [2, -5.77, -0.64]
						},
						"0.1667": {
							"vector": [3, -5.77, -0.64]
						},
						"0.25": {
							"vector": [2, -2.77, -2.64]
						},
						"0.3333": {
							"vector": [2, -2.77, -1.64]
						},
						"0.4167": {
							"vector": [2, -2.77, 0.36]
						},
						"0.5": {
							"vector": [1, -2.77, 1.36]
						},
						"0.75": {
							"vector": [1, -2.77, 4.36]
						}
					}
				}
			}
		},
		"pawshot2": {
			"animation_length": 0.5,
			"bones": {
				"body": {
					"rotation": {
						"0.0": {
							"vector": [2.46226, -45.22217, 0.98632]
						},
						"0.0833": {
							"vector": [2.55373, 47.22299, 4.60969]
						},
						"0.1667": {
							"vector": [2.93631, 53.7155, 5.10334]
						},
						"0.5": {
							"vector": [2.34208, 42.22754, 4.30921]
						}
					},
					"position": {
						"vector": [0.04464, -0.99144, 0.12265]
					}
				},
				"head": {
					"rotation": {
						"0.0": {
							"vector": [0, 40, 0]
						},
						"0.0833": {
							"vector": [0, -47.5, 0]
						},
						"0.5": {
							"vector": [0, -45, 0]
						}
					}
				},
				"right_arm": {
					"rotation": {
						"0.0": {
							"vector": [-85.37641, 41.19055, 8.96278]
						},
						"0.0833": {
							"vector": [-85.82127, -33.64649, 3.59595]
						},
						"0.5": {
							"vector": [-84.98058, -46.1069, 2.29248]
						}
					},
					"position": {
						"0.0": {
							"vector": [-2, 0.3276, -0.47082]
						},
						"0.0833": {
							"vector": [-3, -2.67, 1.53]
						},
						"0.5": {
							"vector": [-4, -2.67, 1.53]
						}
					}
				},
				"left_arm": {
					"rotation": {
						"0.0": {
							"vector": [-89.01542, 39.8173, -4.18273]
						},
						"0.0833": {
							"vector": [-88.87689, -47.67306, -5.64361]
						},
						"0.5": {
							"vector": [-89.07482, -35.17502, -5.34624]
						}
					},
					"position": {
						"0.0": {
							"vector": [4, -2.76604, -0.64279]
						},
						"0.0833": {
							"vector": [2, -2.77, -1.64]
						},
						"0.5": {
							"vector": [1, -1.77, 0.36]
						}
					}
				}
			}
		}
	},
	"geckolib_format_version": 2
}