{
	"format_version": "1.8.0",
	"animations": {
		"pikaswordmake": {
			"animation_length": 2,
			"bones": {
				"body": {
					"rotation": {
						"0.0": {
							"vector": [2.5, 0, 0]
						},
						"0.5417": {
							"vector": [-2.5, 0, 0]
						},
						"1.125": {
							"vector": [0, 0, 0]
						},
						"1.5": {
							"vector": [2.5, 0, 0]
						},
						"1.75": {
							"vector": [0, 0, 0]
						}
					},
					"position": {
						"vector": [0, 0, -1]
					}
				},
				"head": {
					"rotation": {
						"0.0": {
							"vector": [12.5, 0, 0]
						},
						"0.1667": {
							"vector": [15, 0, 0]
						},
						"0.5": {
							"vector": [2.5, 0, 0]
						},
						"0.8333": {
							"vector": [5, 0, 0]
						},
						"1.4583": {
							"vector": [7.5, 0, 0]
						},
						"2.0": {
							"vector": [5, 0, 0]
						}
					}
				},
				"right_arm": {
					"rotation": {
						"0.0": {
							"vector": [-94.78197, 2.49048, 95.00474]
						},
						"0.125": {
							"vector": [-84.01071, 2.49048, 95.00474]
						},
						"0.3333": {
							"vector": [-19.78197, 2.49048, 95.00474]
						},
						"0.6667": {
							"vector": [2.3755, 17.36524, 93.03495]
						},
						"0.9167": {
							"vector": [-3.6653, 16.44528, 72.6581]
						},
						"1.0": {
							"vector": [-8.95732, 15.12156, 53.98082]
						},
						"1.5": {
							"vector": [-44.4009, -28.11356, -9.79411]
						},
						"1.625": {
							"vector": [-43.40305, -29.84733, -11.85321]
						},
						"2.0": {
							"vector": [-44.4009, -28.11356, -9.79411]
						}
					}
				},
				"left_arm": {
					"rotation": {
						"0.0": {
							"vector": [-95, 0, -90]
						},
						"0.125": {
							"vector": [-83.4655, 0, -90]
						},
						"0.3333": {
							"vector": [-17.5, 0, -90]
						},
						"0.6667": {
							"vector": [4.52521, -17.22575, -86.86612]
						},
						"0.9167": {
							"vector": [-0.52217, -17.33456, -70.29348]
						},
						"1.0": {
							"vector": [-4.97027, -17.10609, -55.43239]
						},
						"1.5": {
							"vector": [-39.00781, 15.06514, 18.92679]
						},
						"1.625": {
							"vector": [-38.45412, 16.62947, 20.95402]
						},
						"2.0": {
							"vector": [-39.00781, 15.06514, 18.92679]
						}
					}
				}
			}
		}
	}
}