{
	"format_version": "1.8.0",
	"animations": {
		"pistol": {
			"animation_length": 0.8333,
			"bones": {
				"body": {
					"rotation": {
						"0.0": {
							"vector": [7.5, 15, 0]
						},
						"0.125": {
							"vector": [33.06063, -47.34747, -4.04137]
						},
						"0.2083": {
							"vector": [40.56063, -47.34747, -4.04137]
						},
						"0.375": {
							"vector": [33.06063, -47.34747, -4.04137]
						},
						"0.5": {
							"vector": [17.05721, -22.09893, 0.05919]
						},
						"0.625": {
							"vector": [8.92798, 39.79913, 6.55889]
						},
						"0.75": {
							"vector": [4.68242, 17.51303, 2.9884]
						}
					},
					"position": {
						"0.0": {
							"vector": [0.2566, 0.13053, 0.95766]
						},
						"0.125": {
							"vector": [1.57064, -1.64368, -2.93054]
						},
						"0.375": {
							"vector": [1.57064, -1.64368, -2.93054]
						},
						"0.5": {
							"vector": [1.76167, -0.68782, -3.16795]
						},
						"0.625": {
							"vector": [1.99466, 0.41598, -2.32044]
						}
					}
				},
				"head": {
					"rotation": {
						"0.0": {
							"vector": [-0.66963, -14.98539, 2.58807]
						},
						"0.125": {
							"vector": [-0.91497, 45.00998, 1.76779]
						},
						"0.4583": {
							"vector": [-0.76707, 32.51131, 2.00262]
						},
						"0.6667": {
							"vector": [-0.95717, -47.48238, 3.12045]
						},
						"0.8333": {
							"vector": [4.23316, -32.48404, 2.82678]
						}
					}
				},
				"right_arm": {
					"rotation": {
						"0.0": {
							"vector": [0, 0, 0]
						},
						"0.5417": {
							"vector": [-87.5, 0, 0]
						},
						"0.6667": {
							"vector": [-112.5, 0, 0]
						},
						"0.8333": {
							"vector": [-97.5, 0, 0]
						}
					},
					"position": {
						"0.0": {
							"vector": [0, -74957, 0]
						},
						"0.5417": {
							"vector": [0, -0.13086, -2.99714]
						},
						"0.6667": {
							"vector": [0, -4.20674, 3.0316]
						},
						"0.8333": {
							"vector": [0, -4.07947, 2.03856]
						}
					}
				},
				"left_arm": {
					"rotation": {
						"0.0": {
							"vector": [-77.5, 0, 0]
						},
						"0.1667": {
							"vector": [-97.97532, -19.82169, 2.71994]
						},
						"0.375": {
							"vector": [-79.42205, -37.12482, 5.71946]
						},
						"0.5833": {
							"vector": [-41.78671, 78.67935, 59.80359]
						},
						"0.75": {
							"vector": [-46.78671, 78.67935, 59.80359]
						}
					},
					"position": {
						"0.0": {
							"vector": [0, -0.43288, -1.95259]
						},
						"0.1667": {
							"vector": [0, -5.85504, 3.97039]
						},
						"0.375": {
							"vector": [0.62463, -2.95879, 3.5309]
						},
						"0.5833": {
							"vector": [-0.66424, -2.52098, -2.2283]
						},
						"0.75": {
							"vector": [-1.24445, -4.41371, -1.96118]
						}
					}
				},
				"right_leg": {
					"rotation": {
						"0.0": {
							"vector": [7.5, 0, 0]
						},
						"0.375": {
							"vector": [-52.5, 0, 0]
						},
						"0.625": {
							"vector": [-12.5, 0, 0]
						}
					},
					"position": {
						"0.0": {
							"vector": [0, 0.46934, -4.09631]
						},
						"0.375": {
							"vector": [0, 2.48959, -3.36493]
						},
						"0.625": {
							"vector": [0, -1.08821, -1.08043]
						}
					}
				},
				"left_leg": {
					"rotation": {
						"0.0": {
							"vector": [27.5, 0, 0]
						},
						"0.375": {
							"vector": [20, 0, 0]
						},
						"0.625": {
							"vector": [12.5, 0, 0]
						}
					},
					"position": {
						"0.0": {
							"vector": [0, -0.88701, 0.46175]
						},
						"0.375": {
							"vector": [0, -1.8135, -1.31402]
						},
						"0.625": {
							"vector": [0, -0.18627, 0.22737]
						}
					}
				}
			}
		}
	}
}