{
	"format_version": "1.8.0",
	"animations": {
		"pistolshoot": {
			"animation_length": 0.5,
			"bones": {
				"body": {
					"rotation": {
						"0.0": {
							"vector": [0, -50, 0]
						},
						"0.0833": {
							"vector": [-4.54556, -45.01728, -0.6157]
						},
						"0.2083": {
							"vector": [-7.04556, -45.01728, -0.6157]
						},
						"0.5": {
							"vector": [0, -50, 0]
						}
					},
					"position": {
						"0.0": {
							"vector": [0, 0, 0]
						},
						"0.0833": {
							"vector": [0, 0, 3]
						},
						"0.2083": {
							"vector": [0, 0, 3.3]
						},
						"0.5": {
							"vector": [0, 0, 0]
						}
					}
				},
				"head": {
					"rotation": {
						"0.0": {
							"vector": [8.29824, 47.64115, 4.79695]
						},
						"0.2083": {
							"vector": [31.11063, 41.21887, 16.34212]
						},
						"0.5": {
							"vector": [-0.00345, 48.18576, -6.37328]
						}
					}
				},
				"right_arm": {
					"rotation": {
						"0.0": {
							"vector": [-90, 47.5, 0]
						},
						"0.0833": {
							"vector": [-107.5, 47.5, 0]
						},
						"0.2083": {
							"vector": [-107.5, 47.5, 0]
						},
						"0.375": {
							"vector": [-108.46849, 47.5, 0]
						},
						"0.5": {
							"vector": [-90, 47.5, 0]
						}
					},
					"position": {
						"0.0": {
							"vector": [-2, 0, -3]
						},
						"0.0833": {
							"vector": [1, 0, 4]
						},
						"0.2083": {
							"vector": [-2, -0.1, -1]
						},
						"0.5": {
							"vector": [-2, 0, -3]
						}
					}
				}
			}
		}
	}
}