{
	"format_version": "1.8.0",
	"animations": {
		"prowl": {
			"animation_length": 2,
			"bones": {
				"torso": {
					"rotation": {
						"0.0": {
							"vector": [37.0662, -26.94622, -18.89595]
						},
						"0.25": {
							"vector": [39.74814, 32.82818, 24.26813]
						},
						"0.375": {
							"vector": [38.76479, 30.89218, 22.40559]
						},
						"0.5": {
							"vector": [34.13554, -16.76559, -11.06517]
						},
						"0.75": {
							"vector": [34.58859, -18.82943, -12.54707]
						},
						"0.8333": {
							"vector": [34.13554, 16.76559, 11.06517]
						},
						"1.0": {
							"vector": [32.52473, 2.10829, 1.34386]
						},
						"1.125": {
							"vector": [30.02473, 2.10829, 1.34386]
						},
						"1.25": {
							"vector": [37.52473, 2.10829, 1.34386]
						},
						"2.0": {
							"vector": [32.52473, 2.10829, 1.34386]
						}
					},
					"position": {
						"0.0": {
							"vector": [0, -0.69362, -6.67225]
						},
						"1.125": {
							"vector": [0.04358, -0.19051, -5.80478]
						},
						"1.25": {
							"vector": [-0.00345, -0.79825, -6.59255]
						},
						"2.0": {
							"vector": [0.04345, -0.19175, -5.79745]
						}
					}
				},
				"head": {
					"rotation": {
						"0.0": {
							"vector": [35, 0, 0]
						},
						"0.1667": {
							"vector": [7.5, 0, 0]
						},
						"0.4167": {
							"vector": [12.5, 0, 0]
						},
						"0.625": {
							"vector": [20, 0, 0]
						},
						"0.7917": {
							"vector": [2.5, 0, 0]
						},
						"1.0": {
							"vector": [-25, 0, 0]
						},
						"1.2083": {
							"vector": [-17.5, 0, 0]
						},
						"1.3333": {
							"vector": [70, 0, 0]
						},
						"1.5417": {
							"vector": [42.5, 0, 0]
						},
						"1.875": {
							"vector": [27.5, 0, 0]
						}
					},
					"position": {
						"0.0": {
							"vector": [0, -1, -8]
						},
						"1.125": {
							"vector": [0, 0.30602, -5.49115]
						},
						"1.25": {
							"vector": [0, -1.69, -8.49]
						},
						"2.0": {
							"vector": [0, 0.31, -6.49]
						}
					}
				},
				"right_arm": {
					"rotation": {
						"0.0": {
							"vector": [-117.5, 0, 0]
						},
						"0.25": {
							"vector": [-84.07764, 32.36121, 3.17805]
						},
						"0.375": {
							"vector": [73.77794, 71.82124, 164.54799]
						},
						"0.5": {
							"vector": [-87.57501, -59.62449, -8.58445]
						},
						"0.75": {
							"vector": [-27.14973, -12.9229, 14.22869]
						},
						"0.8333": {
							"vector": [65.35027, -12.9229, 14.22869]
						},
						"1.125": {
							"vector": [45.35027, -12.9229, 14.22869]
						},
						"2.0": {"pre": {"vector": [70.35027, -12.9229, 14.22869]}, "post": {"vector": [70.35027, -12.9229, 14.22869]}}
					},
					"position": {
						"0.0": {
							"vector": [0, -2.39393, -10.01345]
						},
						"0.25": {
							"vector": [0, 0.47395, -0.22236]
						},
						"0.375": {
							"vector": [-0.90212, 0.22063, -3.07026]
						},
						"0.5": {
							"vector": [3.36878, -1.46913, -11.00132]
						},
						"0.75": {
							"vector": [-0.14988, -1.442, -6.46021]
						},
						"1.125": {
							"vector": [-0.61609, -1.24471, -4.28179]
						}
					}
				},
				"left_arm": {
					"rotation": {
						"0.0": {
							"vector": [-63.84303, -29.76212, -13.70122]
						},
						"0.125": {
							"vector": [-77.19594, -25.94098, -9.20224]
						},
						"0.25": {
							"vector": [-92.4807, 2.30959, 0.95723]
						},
						"0.375": {
							"vector": [-75.24082, -31.76743, -7.45194]
						},
						"0.5": {
							"vector": [68.11621, -42.64355, -59.96174]
						},
						"0.75": {
							"vector": [-2.38781, 9.29208, -133.50763]
						},
						"0.8333": {
							"vector": [-157.38781, 9.29208, -133.50763]
						},
						"1.0": {
							"vector": [42.76335, 9.51792, -4.259]
						},
						"1.125": {
							"vector": [41.57629, 14.55711, -9.94094]
						},
						"2.0": {"pre": {"vector": [79.07629, 14.55711, -9.94094]}, "post": {"vector": [79.07629, 14.55711, -9.94094]}}
					},
					"position": {
						"0.0": {
							"vector": [-2.45529, 3.53428, 0.69313]
						},
						"0.125": {
							"vector": [-0.74537, 2.12193, -2.22277]
						},
						"0.25": {
							"vector": [-1.068, -0.92651, -12.5841]
						},
						"0.375": {
							"vector": [0.68852, 0.07079, -8.00769]
						},
						"0.5": {
							"vector": [-0.9404, 0.41468, -1.54318]
						},
						"0.75": {
							"vector": [0.51857, 1.77595, -1.62223]
						},
						"0.8333": {
							"vector": [-1.57862, -2.04432, -9.74222]
						},
						"1.0": {
							"vector": [1.1375, -0.83808, -7.00074]
						},
						"1.125": {
							"vector": [0.29819, -1.34429, -3.6778]
						}
					}
				},
				"right_leg": {
					"rotation": {
						"0.0": {
							"vector": [-55, 0, 0]
						},
						"0.1667": {"pre": {"vector": [50, 0, 0]}, "post": {"vector": [50, 0, 0]}},
						"0.3333": {
							"vector": [-55, 0, 0]
						},
						"0.5": {"pre": {"vector": [50, 0, 0]}, "post": {"vector": [50, 0, 0]}},
						"0.6667": {
							"vector": [-55, 0, 0]
						},
						"0.8333": {"pre": {"vector": [50, 0, 0]}, "post": {"vector": [50, 0, 0]}},
						"1.0": {
							"vector": [-55, 0, 0]
						},
						"1.1667": {"pre": {"vector": [50, 0, 0]}, "post": {"vector": [50, 0, 0]}},
						"1.3333": {
							"vector": [-55, 0, 0]
						},
						"1.5": {"pre": {"vector": [50, 0, 0]}, "post": {"vector": [50, 0, 0]}},
						"1.6667": {
							"vector": [-55, 0, 0]
						},
						"1.8333": {"pre": {"vector": [50, 0, 0]}, "post": {"vector": [50, 0, 0]}},
						"2.0": {
							"vector": [-55, 0, 0]
						}
					},
					"position": {
						"0.0": {
							"vector": [0, 0, 0]
						},
						"0.1667": {"pre": {"vector": [0, 0, 0]}, "post": {"vector": [0, 0, 0]}},
						"0.25": {
							"vector": [0, 2.21619, -4.908]
						},
						"0.3333": {
							"vector": [0, 0, 0]
						},
						"0.5": {"pre": {"vector": [0, 0, 0]}, "post": {"vector": [0, 0, 0]}},
						"0.5833": {
							"vector": [0, 2.21619, -4.908]
						},
						"0.6667": {
							"vector": [0, 0, 0]
						},
						"0.8333": {"pre": {"vector": [0, 0, 0]}, "post": {"vector": [0, 0, 0]}},
						"0.9167": {
							"vector": [0, 2.21619, -4.908]
						},
						"1.0": {
							"vector": [0, 0, 0]
						},
						"1.1667": {"pre": {"vector": [0, 0, 0]}, "post": {"vector": [0, 0, 0]}},
						"1.25": {
							"vector": [0, 2.21619, -4.908]
						},
						"1.3333": {
							"vector": [0, 0, 0]
						},
						"1.5": {"pre": {"vector": [0, 0, 0]}, "post": {"vector": [0, 0, 0]}},
						"1.5833": {
							"vector": [0, 2.21619, -4.908]
						},
						"1.6667": {
							"vector": [0, 0, 0]
						},
						"1.8333": {"pre": {"vector": [0, 0, 0]}, "post": {"vector": [0, 0, 0]}},
						"1.9167": {
							"vector": [0, 2.21619, -4.908]
						},
						"2.0": {
							"vector": [0, 0, 0]
						}
					}
				},
				"left_leg": {
					"rotation": {
						"0.0": {
							"vector": [52.29069, 4.2152, -1.11033]
						},
						"0.1667": {"pre": {"vector": [-50.20931, 4.2152, -1.11033]}, "post": {"vector": [-50.20931, 4.2152, -1.11033]}},
						"0.3333": {
							"vector": [52.29069, 4.2152, -1.11033]
						},
						"0.5": {"pre": {"vector": [-50.20931, 4.2152, -1.11033]}, "post": {"vector": [-50.20931, 4.2152, -1.11033]}},
						"0.6667": {
							"vector": [52.29069, 4.2152, -1.11033]
						},
						"0.8333": {"pre": {"vector": [-50.20931, 4.2152, -1.11033]}, "post": {"vector": [-50.20931, 4.2152, -1.11033]}},
						"1.0": {
							"vector": [52.29069, 4.2152, -1.11033]
						},
						"1.1667": {"pre": {"vector": [-50.20931, 4.2152, -1.11033]}, "post": {"vector": [-50.20931, 4.2152, -1.11033]}},
						"1.3333": {
							"vector": [52.29069, 4.2152, -1.11033]
						},
						"1.5": {"pre": {"vector": [-50.20931, 4.2152, -1.11033]}, "post": {"vector": [-50.20931, 4.2152, -1.11033]}},
						"1.6667": {
							"vector": [52.29069, 4.2152, -1.11033]
						},
						"1.8333": {"pre": {"vector": [-50.20931, 4.2152, -1.11033]},