{
	"format_version": "1.8.0",
	"animations": {
		"puke": {
			"animation_length": 3,
			"bones": {
				"body": {
					"rotation": {
						"0.0": {
							"vector": [2.5, 0, 0]
						},
						"0.5": {
							"vector": [11.92188, -15.51613, 1.86258]
						},
						"1.0": {
							"vector": [16.92188, -15.51613, 1.86258]
						},
						"1.25": {
							"vector": [1.92188, -15.51613, 1.86258]
						},
						"1.5": {
							"vector": [46.8544, -3.02287, 2.27906]
						},
						"2.0": {
							"vector": [39.3544, -3.02287, 2.27906]
						},
						"2.25": {
							"vector": [36.8544, -3.02287, 2.27906]
						},
						"2.5": {
							"vector": [29.3544, -3.02287, 2.27906]
						}
					}
				},
				"head": {
					"rotation": {
						"0.0": {
							"vector": [10.03742, -4.92385, -0.87038]
						},
						"0.5": {
							"vector": [25.46248, -39.27345, -8.29012]
						},
						"0.8333": {
							"vector": [33.79581, -39.27345, -8.29012]
						},
						"1.0": {
							"vector": [35.46248, -39.27345, -8.29012]
						},
						"1.25": {
							"vector": [32.96248, -39.27345, -8.29012]
						},
						"1.3333": {
							"vector": [-5.21823, -25.11311, -8.74963]
						},
						"1.5": {
							"vector": [60.92034, 3.20757, -9.66865]
						},
						"2.0": {
							"vector": [50.92034, 3.20757, -9.66865]
						},
						"2.25": {
							"vector": [44.67034, 3.20757, -9.66865]
						},
						"2.5": {
							"vector": [18.39248, 0.83544, -10.45847]
						},
						"2.6667": {
							"vector": [19.21481, 15.43458, -5.42652]
						},
						"2.875": {
							"vector": [18.71384, 8.54276, -7.84462]
						}
					}
				},
				"right_arm": {
					"rotation": {
						"0.0": {
							"vector": [0, 0, 2.5]
						},
						"0.1667": {
							"vector": [-11.62618, -18.94605, 3.81764]
						},
						"0.4167": {
							"vector": [-136.56544, -47.36512, 5.79411]
						},
						"0.5": {
							"vector": [-124.87853, -56.83814, 6.45293]
						},
						"0.8333": {
							"vector": [-129.06475, -60.15259, 11.34154]
						},
						"1.0": {
							"vector": [-129.902, -60.81548, 12.31926]
						},
						"1.25": {
							"vector": [-142.402, -60.81548, 12.31926]
						},
						"1.5": {
							"vector": [-49.49014, -42.84806, 58.02424]
						},
						"2.0": {
							"vector": [-59.24665, -48.33084, 50.69723]
						},
						"2.5": {
							"vector": [-28.32078, -8.70113, 0.38746]
						}
					},
					"position": {
						"0.0": {
							"vector": [0, 0, 0]
						},
						"0.5": {
							"vector": [2, -2, -2]
						},
						"2.5": {
							"vector": [0, -2, -2]
						}
					}
				},
				"left_arm": {
					"rotation": {
						"0.0": {
							"vector": [0, 0, -5]
						},
						"0.1667": {
							"vector": [-70.02617, 18.47553, 1.25493]
						},
						"0.5": {
							"vector": [-67.57851, 55.42658, 13.76479]
						},
						"0.8333": {
							"vector": [-61.19275, 62.92072, 21.11787]
						},
						"1.0": {
							"vector": [-59.9156, 64.41955, 22.58848]
						},
						"1.25": {
							"vector": [-49.41788, 70.56671, 33.93002]
						},
						"1.5": {
							"vector": [-38.07076, 74.04208, 45.83131]
						},
						"2.0": {
							"vector": [-49.41788, 70.56671, 33.93002]
						},
						"2.5": {
							"vector": [-59.41788, 70.56671, 33.93002]
						},
						"2.5833": {
							"vector": [-84.41788, 70.56671, 33.93002]
						},
						"2.75": {
							"vector": [-71.91788, 70.56671, 33.93002]
						},
						"3.0": {
							"vector": [-39.41788, 70.56671, 33.93002]
						}
					},
					"position": {
						"0.0": {
							"vector": [0, 0, 0]
						},
						"0.5": {
							"vector": [0, -4, 0]
						},
						"1.5": {
							"vector": [0, -6, 0]
						},
						"2.0": {
							"vector": [-0.69, -6, 0]
						},
						"2.5833": {
							"vector": [2, -3, -2]
						},
						"2.75": {
							"vector": [-2, -3, -2]
						},
						"3.0": {
							"vector": [3, -3, -2]
						}
					}
				},
				"right_leg": {
					"rotation": {
						"0.0": {
							"vector": [-2.49762, 0.10901, 2.49762]
						},
						"0.5": {
							"vector": [-12.49762, 0.10901, 2.49762]
						},
						"1.0": {
							"vector": [-17.49762, 0.10901, 2.49762]
						},
						"1.25": {
							"vector": [5.00238, 0.10901, 2.49762]
						},
						"1.5": {
							"vector": [-44.99762, 0.10901, 2.49762]
						},
						"2.5": {
							"vector": [-22.49762, 0.10901, 2.49762]
						}
					}
				},
				"left_leg": {
					"rotation": {
						"0.0": {
							"vector": [-2.49762, -0.10901, -2.49762]
						},
						"0.5": {
							"vector": [-14.99762, -0.10901, -2.49762]
						},
						"1.0": {
							"vector": [-17.49762, -0.10901, -2.49762]
						},
						"1.25": {
							"vector": [2.50238, -0.10901, -2.49762]
						},
						"1.5": {
							"vector": [-62.49762, -0.10901, -2.49762]
						},
						"2.0": {
							"vector": [-49.99762, -0.10901, -2.49762]
						},
						"2.5": {
							"vector": [-27.49762, -0.10901, -2.49762]
						}
					}
				}
			}
		}
	}
}