{
	"format_version": "1.8.0",
	"animations": {
		"punch": {
			"animation_length": 0.4167,
			"bones": {
				"body": {
					"rotation": {
						"0.0": {
							"vector": [11.42957, 39.81242, -0.99806]
						},
						"0.0833": {
							"vector": [0.38388, 32.57844, 1.45947]
						},
						"0.1667": {
							"vector": [0.32476, 5.07894, 1.28152]
						},
						"0.25": {
							"vector": [30.6454, -59.9194, 0.69429]
						},
						"0.3333": {
							"vector": [37.05144, -64.91169, -6.52444]
						},
						"0.4167": {
							"vector": [29.79137, -59.05526, 1.68556]
						}
					},
					"position": {
						"0.0": {
							"vector": [0, -2, 2]
						},
						"0.0833": {
							"vector": [0, -2, 1]
						},
						"0.1667": {
							"vector": [0, -0.8, -1.3]
						},
						"0.25": {
							"vector": [0, -1.8, -6.1]
						},
						"0.3333": {
							"vector": [0, -1.8, -4.8]
						},
						"0.4167": {
							"vector": [0, -1.8, -4.3]
						}
					}
				},
				"head": {
					"rotation": {
						"0.0": {
							"vector": [0, -30, 0]
						},
						"0.2083": {
							"vector": [0, 22.5, 0]
						},
						"0.375": {
							"vector": [0, 57.5, 0]
						}
					}
				},
				"right_arm": {
					"rotation": {
						"0.0": {
							"vector": [-130.86212, 21.48944, -17.58347]
						},
						"0.1667": {
							"vector": [-130.86212, 21.48944, -17.58347]
						},
						"0.25": {
							"vector": [-146.91122, 43.39816, -46.51698]
						},
						"0.2917": {
							"vector": [-112.21128, 17.67415, -14.15251]
						},
						"0.3333": {
							"vector": [-97.46913, -19.53774, 0.78908]
						},
						"0.375": {
							"vector": [-103.74473, -58.96175, 10.11528]
						}
					},
					"position": {
						"0.0": {
							"vector": [0, -5, 6]
						},
						"0.1667": {
							"vector": [0.9235, -6.07996, 7.40743]
						},
						"0.25": {
							"vector": [-3.4641, 0.18429, 0.4571]
						},
						"0.2917": {
							"vector": [-2.22711, 0.31582, -2.27158]
						},
						"0.3333": {
							"vector": [0.71434, -1.31376, -4.64943]
						},
						"0.375": {
							"vector": [1.2176, -1.40056, -3.79318]
						}
					}
				},
				"left_arm": {
					"rotation": {
						"0.0": {
							"vector": [-97.97532, -19.82169, 2.71994]
						},
						"0.125": {
							"vector": [-62.1926, -65.15738, -18.72467]
						},
						"0.25": {
							"vector": [71.91272, -50.85559, -158.9347]
						},
						"0.4167": {
							"vector": [106.87849, -43.72585, -155.493]
						}
					},
					"position": {
						"0.0": {
							"vector": [1.36808, 0.49062, -3.72661]
						},
						"0.125": {
							"vector": [-0.76682, -1.39774, 4.81307]
						},
						"0.25": {
							"vector": [1.44169, 0.11814, 3.46699]
						}
					}
				},
				"right_leg": {
					"rotation": {
						"0.0": {
							"vector": [-20, 0, 0]
						},
						"0.125": {
							"vector": [10, 0, 0]
						},
						"0.25": {
							"vector": [9.54589, 2.99318, -17.25002]
						}
					},
					"position": {
						"0.0": {
							"vector": [0, 2.64979, -4.35644]
						},
						"0.125": {
							"vector": [0, -0.30442, -3.83906]
						},
						"0.2083": {
							"vector": [0, -0.59022, 0.27288]
						}
					}
				},
				"left_leg": {
					"rotation": {
						"0.0": {
							"vector": [-17.78381, -14.24, -17.60455]
						},
						"0.125": {
							"vector": [-0.28381, -14.24, -17.60455]
						},
						"0.25": {
							"vector": [-21.93831, 4.92248, 2.28098]
						},
						"0.4167": {
							"vector": [-25.83343, 8.57717, 11.65598]
						}
					},
					"position": {
						"0.0": {
							"vector": [0, 0, 0]
						},
						"0.25": {
							"vector": [-0.26274, 3.56106, -4.69382]
						}
					}
				}
			}
		}
	}
}