{
	"format_version": "1.8.0",
	"animations": {
		"punch2": {
			"animation_length": 0.375,
			"bones": {
				"body": {
					"rotation": {
						"0.0": {
							"vector": [7.90177, -32.88941, -5.44161]
						},
						"0.1667": {
							"vector": [-1.94867, 25.01119, -1.03163]
						},
						"0.25": {
							"vector": [14.01177, 32.30382, 0.96687]
						},
						"0.2917": {
							"vector": [6.51177, 32.30382, 0.96687]
						}
					}
				},
				"head": {
					"rotation": {
						"0.0": {
							"vector": [-2.33899, 30.05487, 0.10324]
						},
						"0.1667": {
							"vector": [-2.33543, -29.90384, 2.43996]
						},
						"0.25": {
							"vector": [14.25286, -28.31462, -5.95164]
						}
					}
				},
				"right_arm": {
					"rotation": {
						"0.0": {
							"vector": [-82.84354, 2.65412, 2.23357]
						},
						"0.2917": {
							"vector": [14.88934, 0.09816, 11.90501]
						}
					},
					"position": {
						"0.0": {
							"vector": [-1, -1, 3]
						},
						"0.2917": {
							"vector": [-1, 0, 1]
						}
					}
				},
				"left_arm": {
					"rotation": {
						"0.0": {
							"vector": [-3.80401, -5.80717, -15.56118]
						},
						"0.125": {
							"vector": [-46.25295, 13.07062, -83.44165]
						},
						"0.1667": {
							"vector": [-101.25295, 13.07062, -83.44165]
						},
						"0.2083": {
							"vector": [-156.25295, 13.07062, -83.44165]
						},
						"0.2917": {
							"vector": [-126.78824, 25.34472, -92.59739]
						}
					},
					"position": {
						"0.125": {
							"vector": [-3, 0, 7]
						},
						"0.1667": {
							"vector": [1, -1, -3]
						},
						"0.2083": {
							"vector": [-1, -3, -5]
						},
						"0.2917": {
							"vector": [0, -3, -3]
						}
					}
				},
				"right_leg": {
					"rotation": {
						"0.0": {
							"vector": [19.8423, 2.55868, 2.94761]
						},
						"0.1667": {
							"vector": [20, 0, 10]
						},
						"0.3333": {
							"vector": [19.9299, -1.70818, 14.69986]
						}
					}
				},
				"left_leg": {
					"rotation": {
						"0.0": {
							"vector": [-6.22125, -0.84577, 14.09887]
						},
						"0.1667": {
							"vector": [1.16039, -2.09041, 2.28782]
						},
						"0.2917": {
							"vector": [-8.74117, -2.47251, -0.18477]
						}
					}
				}
			}
		}
	}
}