{
	"format_version": "1.8.0",
	"animations": {
		"radioknife": {
			"animation_length": 5.25,
			"bones": {
				"body": {
					"rotation": {
						"0.0": {
							"vector": [27.5, 0, 0]
						},
						"0.5": {
							"vector": [-180, 0, 0],
							"easing": "linear"
						},
						"0.75": {
							"vector": [-195.18, 0, 0]
						},
						"1.0": {
							"vector": [-205, 0, 0]
						},
						"1.2917": {
							"vector": [-212.5, 0, 0]
						},
						"4.0417": {
							"vector": [32.5, 0, 0]
						}
					},
					"position": {
						"0.0": {
							"vector": [0, -5.58817, 2.90902]
						},
						"1.2917": {
							"vector": [0, 31.11518, 12.74512],
							"easing": "easeOutQuint"
						},
						"1.3333": {
							"vector": [-4, 31.12, 12.75]
						},
						"1.375": {
							"vector": [25, 31.12, 12.75]
						},
						"1.4167": {
							"vector": [-58, 31.12, 12.75]
						},
						"1.4583": {
							"vector": [-58, -8517.49569, -5433.31883]
						},
						"4.0": {
							"vector": [-58, -8517.49569, -5433.31883]
						},
						"4.0417": {
							"vector": [0, -6.40124, -10.78184],
							"easing": "easeOutQuint"
						},
						"5.25": {
							"vector": [0, -5.99936, 23.34974],
							"easing": "easeOutQuart"
						}
					}
				},
				"head": {
					"rotation": {
						"0.0": {
							"vector": [25, 0, 0]
						},
						"0.1667": {
							"vector": [-40, 0, 0]
						},
						"0.3333": {
							"vector": [-77.5, 0, 0]
						},
						"0.5417": {
							"vector": [-30, 0, 0]
						},
						"0.75": {
							"vector": [0, 0, 0]
						},
						"1.25": {
							"vector": [32.5, 0, 0]
						}
					}
				},
				"right_arm": {
					"rotation": {
						"0.0": {
							"vector": [90, 0, 0]
						},
						"0.1667": {
							"vector": [-17.5, 0, 0]
						},
						"0.6667": {
							"vector": [-146.16697, 80.99406, 123.5051],
							"easing": "easeOutQuad"
						},
						"1.2917": {
							"vector": [-143.66697, 80.99406, 123.5051],
							"easing": "easeInQuad"
						},
						"4.0417": {
							"vector": [-76.73532, 14.05391, 19.61461]
						},
						"4.9583": {
							"vector": [23.71168, 21.95778, 44.39249],
							"easing": "easeOutQuad"
						}
					},
					"position": {
						"0.0": {
							"vector": [0, 0, 4]
						},
						"0.1667": {
							"vector": [0, -2.03349, 0.27643]
						},
						"0.6667": {
							"vector": [-0.69426, -2.5521, -7.65547],
							"easing": "easeOutQuad"
						},
						"1.2917": {
							"vector": [-0.7355, 1.41578, -8.18012],
							"easing": "easeInQuad"
						},
						"4.0417": {
							"vector": [1.05799, 2.24075, -2.51488]
						},
						"4.9583": {
							"vector": [-1.61629, 1.42104, -0.80621],
							"easing": "easeOutQuad"
						}
					}
				},
				"left_arm": {
					"rotation": {
						"0.0": {
							"vector": [95, 0, 0]
						},
						"0.1667": {
							"vector": [-15, 0, 0]
						},
						"0.6667": {
							"vector": [-44.31282, 72.39303, 44.31282]
						},
						"1.2917": {
							"vector": [-36.81282, 72.39303, 44.31282]
						},
						"4.0417": {
							"vector": [-78.37868, -32.15487, -16.57451]
						},
						"4.9583": {
							"vector": [50.77583, 11.98849, -39.43777],
							"easing": "easeOutQuad"
						}
					},
					"position": {
						"0.0": {
							"vector": [0, 0.43578, 4.98097]
						},
						"0.1667": {
							"vector": [0, -2.48753, 0.13959]
						},
						"0.6667": {
							"vector": [1.0822, -6.47543, -3.97645]
						},
						"4.0417": {
							"vector": [1.18747, 0.37588, 0.26091]
						}
					}
				},
				"right_leg": {
					"rotation": {
						"0.0": {
							"vector": [0, 15, 0]
						},
						"0.0833": {
							"vector": [0, 5, 0]
						},
						"0.5417": {
							"vector": [45, 5, 0]
						},
						"1.25": {
							"vector": [60, 5, 0]
						},
						"4.0417": {
							"vector": [47.5, 5, 0]
						},
						"4.9583": {
							"vector": [37.74972, 5, 0]
						}
					},
					"position": {
						"0.0": {
							"vector": [-1.93185, 8, -4.48236]
						},
						"0.0833": {
							"vector": [-0.6359, -2, 0.34963]
						},
						"0.5417": {
							"vector": [-1.00977, -0.58579, -3.8765]
						},
						"1.25": {
							"vector": [-1.08548, -0.09, -4.74273]
						}
					}
				},
				"left_leg": {
					"rotation": {
						"0.0": {
							"vector": [0, -25, 0]
						},
						"0.0833": {
							"vector": [0, -5, 0]
						},
						"0.5417": {
							"vector": [22.5, -5, 0]
						},
						"1.25": {
							"vector": [35, -5, 0]
						},
						"4.0417": {
							"vector": [-22.5, -5, 0]
						},
						"4.2917": {
							"vector": [-43.03256, -5, 0]
						},
						"4.6667": {
							"vector": [-28.03256, -5, 0]
						},
						"5.25": {
							"vector": [-25.53256, -5, 0]
						}
					},
					"position": {
						"0.0": {
							"vector": [1.81262, 8, -4.15476]
						},
						"0.0833": {
							"vector": [-0.30309, -2, 0.38154]
						},
						"0.5417": {
							"vector": [-0.23329, -0.15224, -0.38245]
						},
						"1.25": {
							"vector": [-0.10862, 0.09558, -1.76743]
						},
						"4.0417": {
							"vector": [0.05914, 8.48057, -3.70323]
						},
						"4.6667": {
							"vector": [0.29079, 9.88992, -6.33797]
						},
						"5.25": {
							"vector": [0.21136, 9.45898, -5.44109]
						}
					}
				}
			}
		}
	}
}