{
	"format_version": "1.8.0",
	"animations": {
		"raigo": {
			"animation_length": 1.375,
			"bones": {
				"body": {
					"rotation": {
						"0.0": {
							"vector": [12.5, 0, 0]
						},
						"0.25": {
							"vector": [-15, 0, 0]
						},
						"0.625": {
							"vector": [-5, 0, 0]
						},
						"0.8333": {
							"vector": [-7.5, 0, 0]
						},
						"1.25": {
							"vector": [-5, 0, 0]
						}
					}
				},
				"head": {
					"rotation": {
						"0.0": {
							"vector": [0, 0, 0]
						},
						"0.1667": {
							"vector": [12.5, 0, 0]
						},
						"0.3333": {
							"vector": [-5, 0, 0]
						},
						"0.5833": {
							"vector": [0, 0, 0]
						},
						"0.75": {
							"vector": [5, 0, 0]
						},
						"1.0": {
							"vector": [2.5, 0, 0]
						},
						"1.375": {
							"vector": [5, 0, 0]
						}
					}
				},
				"right_arm": {
					"rotation": {
						"0.0": {
							"vector": [-107.40744, -43.65747, 12.2127]
						},
						"0.2917": {
							"vector": [-80.10443, 7.32123, -1.63219]
						},
						"0.5417": {
							"vector": [-87.60443, 7.32123, -1.63219]
						},
						"0.7917": {
							"vector": [-85.10443, 7.32123, -1.63219]
						},
						"1.0417": {
							"vector": [-87.60443, 7.32123, -1.63219]
						},
						"1.25": {
							"vector": [-72.60443, 7.32123, -1.63219]
						}
					}
				},
				"left_arm": {
					"rotation": {
						"0.0": {
							"vector": [0, 0, 0]
						},
						"0.4583": {
							"vector": [-50.24974, 43.4426, 31.41747]
						}
					},
					"position": {
						"0.0": {
							"vector": [0, 0, 0]
						},
						"0.4583": {
							"vector": [0, -3, 0]
						},
						"0.8333": {
							"vector": [1, -3, 1]
						}
					}
				}
			}
		}
	}
}