{
	"format_version": "1.8.0",
	"animations": {
		"rapidsweeps": {
			"animation_length": 0.9167,
			"bones": {
				"body": {
					"rotation": {
						"0.0": {
							"vector": [-12.5, 25, 0]
						},
						"0.0833": {
							"vector": [14.95041, -26.25009, 3.76933]
						},
						"0.1667": {
							"vector": [0.95291, -43.03028, -2.32268]
						},
						"0.25": {
							"vector": [23.26526, 24.46384, -1.35547]
						},
						"0.3333": {
							"vector": [-12.5, 25, 0]
						},
						"0.4167": {
							"vector": [14.95041, -26.25009, 3.76933]
						},
						"0.5": {
							"vector": [0.95291, -43.03028, -2.32268]
						},
						"0.5833": {
							"vector": [23.26526, 24.46384, -1.35547]
						},
						"0.6667": {
							"vector": [-12.5, 25, 0]
						},
						"0.75": {
							"vector": [14.95041, -26.25009, 3.76933]
						},
						"0.8333": {
							"vector": [0.95291, -43.03028, -2.32268]
						},
						"0.9167": {
							"vector": [23.26526, 24.46384, -1.35547]
						}
					},
					"position": {
						"0.0": {
							"vector": [0, 0, 6.1]
						},
						"0.0833": {
							"vector": [0, 0, -5.2]
						},
						"0.1667": {
							"vector": [0, 0, 4]
						},
						"0.25": {
							"vector": [0, 0, -7]
						},
						"0.3333": {
							"vector": [0, 0, 6.1]
						},
						"0.4167": {
							"vector": [0, 0, -5.2]
						},
						"0.5": {
							"vector": [0, 0, 4]
						},
						"0.5833": {
							"vector": [0, 0, -7]
						},
						"0.6667": {
							"vector": [0, 0, 6.1]
						},
						"0.75": {
							"vector": [0, 0, -5.2]
						},
						"0.8333": {
							"vector": [0, 0, 4]
						},
						"0.9167": {
							"vector": [0, 0, -7]
						}
					}
				},
				"head": {
					"rotation": {
						"0.0": {
							"vector": [20.88852, -16.41371, -6.15491]
						},
						"0.0833": {
							"vector": [7.5999, 21.83119, -16.13786]
						},
						"0.1667": {
							"vector": [13.95036, 39.70294, -0.5318]
						},
						"0.25": {
							"vector": [-1.49153, -26.51501, 15.98029]
						},
						"0.3333": {
							"vector": [20.88852, -16.41371, -6.15491]
						},
						"0.4167": {
							"vector": [7.5999, 21.83119, -16.13786]
						},
						"0.5": {
							"vector": [13.95036, 39.70294, -0.5318]
						},
						"0.5833": {
							"vector": [-1.49153, -26.51501, 15.98029]
						},
						"0.6667": {
							"vector": [20.88852, -16.41371, -6.15491]
						},
						"0.75": {
							"vector": [7.5999, 21.83119, -16.13786]
						},
						"0.8333": {
							"vector": [13.95036, 39.70294, -0.5318]
						},
						"0.9167": {
							"vector": [-1.49153, -26.51501, 15.98029]
						}
					}
				},
				"right_arm": {
					"rotation": {
						"0.0": {
							"vector": [-184.00371, -5.90316, -19.14314]
						},
						"0.0833": {
							"vector": [-9.97393, -8.24148, -31.5179]
						},
						"0.1667": {
							"vector": [-173.78806, 9.49698, 54.5303]
						},
						"0.25": {
							"vector": [-48.90461, -9.10499, 21.82413]
						},
						"0.3333": {
							"vector": [-184.00371, -5.90316, -19.14314]
						},
						"0.4167": {
							"vector": [-9.97393, -8.24148, -31.5179]
						},
						"0.5": {
							"vector": [-173.78806, 9.49698, 54.5303]
						},
						"0.5833": {
							"vector": [-48.90461, -9.10499, 21.82413]
						},
						"0.6667": {
							"vector": [-184.00371, -5.90316, -19.14314]
						},
						"0.75": {
							"vector": [-9.97393, -8.24148, -31.5179]
						},
						"0.8333": {
							"vector": [-173.78806, 9.49698, 54.5303]
						},
						"0.9167": {
							"vector": [-48.90461, -9.10499, 21.82413]
						}
					},
					"position": {
						"0.0": {
							"vector": [0, 0, 0]
						},
						"0.0833": {
							"vector": [2.8, 0, -4]
						},
						"0.1667": {
							"vector": [2.8, 0, -4]
						},
						"0.25": {
							"vector": [0.1, 0, -1.1]
						},
						"0.3333": {
							"vector": [0, 0, 0]
						},
						"0.4167": {
							"vector": [2.8, 0, -4]
						},
						"0.5": {
							"vector": [2.8, 0, -4]
						},
						"0.5833": {
							"vector": [0.1, 0, -1.1]
						},
						"0.6667": {
							"vector": [0, 0, 0]
						},
						"0.75": {
							"vector": [2.8, 0, -4]
						},
						"0.8333": {
							"vector": [2.8, 0, -4]
						},
						"0.9167": {
							"vector": [0.1, 0, -1.1]
						}
					}
				},
				"left_arm": {
					"rotation": {
						"0.0": {
							"vector": [-200.09298, 6.73717, -42.06341]
						},
						"0.0833": {
							"vector": [-16.88623, 29.02574, 5.50743]
						},
						"0.1667": {
							"vector": [-183.35001, 33.05653, 31.41393]
						},
						"0.25": {
							"vector": [-21.10451, 36.05058, 39.76792]
						},
						"0.3333": {
							"vector": [-200.09298, 6.73717, -42.06341]
						},
						"0.4167": {
							"vector": [-16.88623, 29.02574, 5.50743]
						},
						"0.5": {
							"vector": [-183.35001, 33.05653, 31.41393]
						},
						"0.5833": {
							"vector": [-21.10451, 36.05058, 39.76792]
						},
						"0.6667": {
							"vector": [-200.09298, 6.73717, -42.06341]
						},
						"0.75": {
							"vector": [-16.88623, 29.02574, 5.50743]
						},
						"0.8333": {
							"vector": [-183.35001, 33.05653, 31.41393]
						},
						"0.9167": {
							"vector": [-21.10451, 36.05058, 39.76792]
						}
					},
					"position": {
						"0.0": {
							"vector": [-6.4, 0, -5.5]
						},
						"0.0833": {
							"vector": [-1.5, 0, -1.2]
						},
						"0.1667": {
							"vector": [-1.5, 0, -1.2]
						},
						"0.25": {
							"vector": [-1.5, 0, -4.9]
						},
						"0.3333": {
							"vector": [-6.4, 0, -5.5]
						},
						"0.4167": {
							"vector": [-1.5, 0, -1.2]
						},
						"0.5": {
							"vector": [-1.5, 0, -1.2]
						},
						"0.5833": {
							"vector": [-1.5, 0, -4.9]
						},
						"0.6667": {
							"vector": [-6.4, 0, -5.5]
						},
						"0.75": {
							"vector": [-1.5, 0, -1.2]
						},
						"0.8333": {
							"vector": [-1.5, 0, -1.2]
						},
						"0.9167": {
							"vector": [-1.5, 0, -4.9]
						}
					}
				},
				"right_leg": {
					"rotation": {
						"0.0": {
							"vector": [42.5, 0, 0]
						},
						"0.0833": {
							"vector": [-17.5, 0, 0]
						},
						"0.1667": {
							"vector": [-15.27269, 8.64738, 28.83844]
						},
						"0.25": {
							"vector": [-27.77269, 8.64738, 28.83844]
						},
						"0.3333": {
							"vector": [42.5, 0, 0]
						},
						"0.4167": {
							"vector": [-17.5, 0, 0]
						},
						"0.5": {
							"vector": [-15.27269, 8.64738, 28.83844]
						},
						"0.5833": {
							"vector": [-27.77269, 8.64738, 28.83844]
						},
						"0.6667": {
							"vector": [42.5, 0, 0]
						},
						"0.75": {
							"vector": [-17.5, 0, 0]
						},
						"0.8333": {
							"vector": [-15.27269, 8.64738, 28.83844]
						},
						"0.9167": {
							"vector": [-27.77269, 8.64738, 28.83844]
						}
					},
					"position": {
						"0.0": {
							"vector": [0, 0, -5.9]
						},
						"0.0833": {
							"vector": [0, 1.9, -5.9]
						},
						"0.1667": {
							"vector": [-3, -1.8, -5.9]
						},
						"0.25": {
							"vector": [-3, 1.1, -3.7]
						},
						"0.3333": {
							"vector": [0, 0, -5.9]
						},
						"0.4167": {
							"vector": [0, 1.9, -5.9]
						},
						"0.5": {
							"vector": [-3, -1.8, -5.9]
						},
						"0.5833": {
							"vector": [-3, 1.1, -3.7]
						},
						"0.6667": {
							"vector": [0, 0, -5.9]
						},
						"0.75": {
							"vector": [0, 1.9, -5.9]
						},
						"0.8333": {
							"vector": [-3, -1.8, -5.9]
						},
						"0.9167": {
							"vector": [-3, 1.1, -3.7]
						}
					}
				},
				"left_leg": {
					"rotation": {
						"0.0": {
							"vector": [14.35885, -29.21893, -7.12284]
						},
						"0.0417": {
							"vector": [5.93843, -27.87527, -2.37958]
						},
						"0.0833": {
							"vector": [-1.58619, -22.65225, -14.49222]
						},
						"0.1667": {
							"vector": [-20.85625, 40.88749, -3.76852]
						},
						"0.2083": {
							"vector": [-14.2958, 13.81095, -11.24958]
						},