{
	"format_version": "1.8.0",
	"animations": {
		"rifle": {
			"animation_length": 2.25,
			"bones": {
				"body": {
					"rotation": {
						"0.0": {
							"vector": [23.56967, -24.00204, -7.62884]
						},
						"0.125": {
							"vector": [25.2604, 31.94383, 9.50223]
						},
						"0.5": {
							"vector": [14.55745, 51.81491, -3.04003]
						},
						"0.7083": {
							"vector": [18.40742, 40.10253, 3.19423]
						},
						"0.75": {
							"vector": [38.11357, -26.70608, -4.61951]
						},
						"1.5": {
							"vector": [40.75592, -29.99023, 0.3031]
						},
						"1.5833": {
							"vector": [42.41293, -33.3544, 0.78364]
						},
						"2.0": {
							"vector": [13.25592, -29.99023, 0.3031]
						}
					},
					"position": {
						"0.0": {
							"vector": [0.1186, 0.94241, -0.3305]
						},
						"1.5": {
							"vector": [-1.62133, -0.01762, 2.67844]
						}
					}
				},
				"head": {
					"rotation": {
						"0.0": {
							"vector": [0, 0, 0]
						},
						"1.5": {
							"vector": [24.52655, 7.43519, 0.98883]
						},
						"1.5833": {
							"vector": [38.52803, 7.84825, 1.04377]
						},
						"2.0": {
							"vector": [7.61435, 9.91358, 1.31845]
						}
					}
				},
				"right_arm": {
					"position": {
						"vector": [0, -18718, 0]
					}
				},
				"left_arm": {
					"rotation": {
						"0.0": {
							"vector": [-7.5, -22.5, 0]
						},
						"0.5": {
							"vector": [-69.9556, -52.36291, -18.06045]
						},
						"0.7083": {
							"vector": [-86.54018, -25.94628, -7.92337]
						},
						"0.8333": {
							"vector": [19.19601, -18.55604, -22.96911]
						},
						"1.0": {
							"vector": [31.84427, -8.70238, -43.0301]
						},
						"1.5": {
							"vector": [46.84427, -8.70238, -43.0301]
						},
						"1.5833": {
							"vector": [49.5468, 0.73897, -46.27487]
						},
						"2.0": {
							"vector": [-4.10064, -31.50891, 6.66894]
						}
					},
					"position": {
						"0.0": {
							"vector": [-0.37941, -0.13053, 0.91598]
						},
						"0.5": {
							"vector": [2.0606, -0.41569, -0.80101]
						},
						"0.7083": {
							"vector": [0.96025, -2.40587, 2.00123]
						},
						"1.0": {
							"vector": [-0.37567, -0.56958, 4.19746]
						},
						"2.0": {
							"vector": [0.10592, -0.42727, 1.24306]
						}
					}
				},
				"right_leg": {
					"rotation": {
						"0.0": {
							"vector": [0, 0, 0]
						},
						"1.5": {
							"vector": [-72.5, 0, 0]
						},
						"2.0": {
							"vector": [-25, 0, 0]
						}
					}
				},
				"left_leg": {
					"rotation": {
						"0.0": {
							"vector": [0, 0, 0]
						},
						"1.5": {
							"vector": [25, 0, 0]
						},
						"2.0": {
							"vector": [-5, 0, 0]
						}
					}
				}
			}
		}
	}
}