{
	"format_version": "1.8.0",
	"animations": {
		"rifleshoot": {
			"animation_length": 0.75,
			"bones": {
				"body": {
					"rotation": {
						"0.0": {
							"vector": [2.5, 37.5, 0]
						},
						"0.0833": {
							"vector": [0, 37.5, 0]
						},
						"0.25": {
							"vector": [-5, 37.5, 0]
						},
						"0.75": {
							"vector": [2.5, 37.5, 0]
						}
					},
					"position": {
						"0.0": {
							"vector": [0, 0, 0]
						},
						"0.0833": {
							"vector": [0, 0, 1]
						},
						"0.25": {
							"vector": [0, 0, 0.3]
						},
						"0.75": {
							"vector": [0, 0, 0]
						}
					}
				},
				"head": {
					"rotation": {
						"0.0": {
							"vector": [24.44344, -25.24842, -24.39812]
						},
						"0.0833": {
							"vector": [31.94344, -25.24842, -24.39812]
						},
						"0.25": {
							"vector": [35.94344, -25.24842, -24.39812]
						},
						"0.75": {
							"vector": [24.44344, -25.24842, -24.39812]
						}
					}
				},
				"right_arm": {
					"rotation": {
						"0.0": {
							"vector": [-92.20084, -45.01841, 6.61259]
						},
						"0.0833": {
							"vector": [-91.94849, -37.02362, 6.22903]
						},
						"0.25": {
							"vector": [-95.94849, -37.02362, 6.22903]
						},
						"0.75": {
							"vector": [-92.20084, -45.01841, 6.61259]
						}
					},
					"position": {
						"0.0": {
							"vector": [-1, -1, -1.3]
						},
						"0.0833": {
							"vector": [-3.5, -1, 1.6]
						},
						"0.25": {
							"vector": [-3, -1, -0.1]
						},
						"0.75": {
							"vector": [-1, -1, -1.3]
						}
					}
				},
				"left_arm": {
					"rotation": {
						"0.0": {
							"vector": [-97, -7.5, 0]
						},
						"0.0833": {
							"vector": [-97.27088, 17.31247, -3.09251]
						},
						"0.25": {
							"vector": [-97.1051, 12.35171, -2.44552]
						},
						"0.75": {
							"vector": [-97, -7.5, 0]
						}
					},
					"position": {
						"0.0": {
							"vector": [0, -2.7, -4.9]
						},
						"0.0833": {
							"vector": [0, -2.7, -0.5]
						},
						"0.25": {
							"vector": [0, -2.7, -1.2]
						},
						"0.75": {
							"vector": [0, -2.7, -4.9]
						}
					}
				}
			}
		}
	}
}