{
	"format_version": "1.8.0",
	"animations": {
		"rocket": {
			"animation_length": 1.5,
			"bones": {
				"torso": {
					"rotation": {
						"0.0": {
							"vector": [-2.5, 0, 0]
						},
						"0.0833": {
							"vector": [27.5, 0, 0]
						},
						"0.5": {
							"vector": [32.5, 0, 0]
						},
						"0.6667": {
							"vector": [-32.5, 0, 0]
						},
						"1.5": {
							"vector": [-10, 0, 0]
						}
					},
					"position": {
						"0.0": {
							"vector": [0, 0, 0]
						},
						"0.0833": {
							"vector": [0, -0.99647, -6.24556]
						},
						"0.5": {
							"vector": [0, -1.5373, -7.09339]
						},
						"0.6667": {
							"vector": [0, -0.31563, -1.56724]
						}
					}
				},
				"head": {
					"rotation": {
						"0.0": {
							"vector": [2.5, 0, 0]
						},
						"0.0833": {
							"vector": [14.49643, -0.24983, 3.48362]
						},
						"0.5": {
							"vector": [39.44787, 1.16882, 4.38965]
						},
						"0.6667": {
							"vector": [11.94787, 1.16882, 4.38965]
						},
						"1.5": {
							"vector": [24.44787, 1.16882, 4.38965]
						}
					},
					"position": {
						"0.0": {
							"vector": [0, 0, 0]
						},
						"0.0833": {
							"vector": [-0.05992, -1.27164, -6.74302]
						},
						"0.5": {
							"vector": [-0.12434, -1.90231, -7.51204]
						},
						"0.6667": {
							"vector": [0.14917, 0.14712, -2.03552]
						},
						"1.5": {
							"vector": [0.15, 0.15, -2.04]
						}
					}
				},
				"right_arm": {
					"rotation": {
						"0.0": {
							"vector": [0, 0, 0]
						},
						"0.7917": {
							"vector": [0, 0, 65]
						},
						"1.5": {
							"vector": [50, 0, 65]
						}
					},
					"position": {
						"0.0": {
							"vector": [0, -44286, 0]
						},
						"0.75": {
							"vector": [0, -44286, 0]
						},
						"0.7917": {
							"vector": [0, 0, -1]
						}
					}
				},
				"left_arm": {
					"rotation": {
						"0.0": {
							"vector": [0, 0, 0]
						},
						"0.7917": {
							"vector": [3.95119, -1.67824, -69.94294]
						},
						"1.5": {
							"vector": [46.45119, -1.67824, -69.94294]
						}
					},
					"position": {
						"0.0": {
							"vector": [0, -44286, 0]
						},
						"0.75": {
							"vector": [0, -44286, 0]
						},
						"0.7917": {
							"vector": [0.07475, 0.00381, -0.9972]
						}
					}
				},
				"right_leg": {
					"rotation": {
						"0.0": {
							"vector": [0, 15, 0]
						},
						"0.0833": {
							"vector": [39.15654, 8.78799, 8.01318]
						},
						"0.5": {
							"vector": [44.15654, 8.78799, 8.01318]
						},
						"1.5": {
							"vector": [-38.34346, 8.78799, 8.01318]
						}
					},
					"position": {
						"0.0": {
							"vector": [-0.25882, 0, -0.96593]
						},
						"0.0833": {
							"vector": [-0.26, 0, -0.97]
						},
						"0.5": {
							"vector": [-0.26, 0, -0.97]
						},
						"0.6667": {
							"vector": [-1.54767, 3.20547, -12.10853]
						},
						"1.5": {
							"vector": [-0.9184, 0.31973, -5.45813]
						}
					}
				},
				"left_leg": {
					"rotation": {
						"0.0": {
							"vector": [0, -12.5, 0]
						},
						"0.0833": {
							"vector": [24.52873, -7.49529, -11.63565]
						},
						"0.5": {
							"vector": [22.02873, -7.49529, -11.63565]
						},
						"0.6667": {
							"vector": [47.02873, -7.49529, -11.63565]
						},
						"1.5": {
							"vector": [-37.97127, -7.49529, -11.63565]
						}
					},
					"position": {
						"0.0": {
							"vector": [0.21644, 0, -0.9763]
						},
						"0.0833": {
							"vector": [0.86932, 0, -3.90889]
						},
						"0.5": {
							"vector": [0.87, 0, -3.91]
						},
						"0.6667": {
							"vector": [1.31003, 2.02507, -10.29008]
						},
						"1.5": {
							"vector": [1.18926, -0.33088, -5.77207]
						}
					}
				}
			}
		}
	}
}