{
	"format_version": "1.8.0",
	"animations": {
		"roomstill": {
			"animation_length": 1.25,
			"bones": {
				"body": {
					"rotation": {
						"0.0": {
							"vector": [5, 0, 0]
						},
						"0.5": {
							"vector": [7.07338, -45.0357, -1.46902]
						},
						"0.5833": {
							"vector": [7.33335, -47.01993, -1.8302]
						},
						"0.6667": {
							"vector": [7.47406, -48.01159, -2.02099]
						}
					},
					"position": {
						"vector": [0, 0, 0]
					}
				},
				"head": {
					"rotation": {
						"0.0": {
							"vector": [10, 0, 0]
						},
						"0.5": {
							"vector": [16.76848, 40.56213, -1.34855]
						}
					}
				},
				"right_arm": {
					"rotation": {
						"0.0": {
							"vector": [-5, 0, 0]
						},
						"0.0833": {
							"vector": [-6.84938, 5.80791, -0.58204]
						},
						"0.1667": {
							"vector": [-49.69877, 11.61583, -1.16409]
						},
						"0.25": {
							"vector": [-80.04815, 17.42374, -1.74613]
						},
						"0.3333": {
							"vector": [-94.00664, 24.13341, -2.41855]
						},
						"0.4167": {
							"vector": [-100.07564, 25.03217, -2.50862]
						},
						"0.5": {
							"vector": [-91.0963, 34.84748, -3.49226]
						},
						"0.5833": {
							"vector": [-90.0963, 34.84748, -3.49226]
						},
						"0.6667": {
							"vector": [-88.0963, 34.84748, -3.49226]
						},
						"1.0": {
							"vector": [-90.5963, 34.84748, -3.49226]
						}
					},
					"position": {
						"0.0": {
							"vector": [0, 0, 2]
						},
						"0.0833": {
							"vector": [0, 2, 0.27]
						},
						"0.1667": {
							"vector": [0, 1.6, -0.58]
						},
						"0.25": {
							"vector": [0, 1.2, -3.24]
						},
						"0.3333": {
							"vector": [0, 0.08, -2.12]
						},
						"0.4167": {
							"vector": [0, -0.45, -1.27]
						},
						"0.5833": {
							"vector": [0, -0.6, 0]
						},
						"0.6667": {
							"vector": [0, -0.3, 0]
						},
						"1.0": {
							"vector": [0, -0.3, -0.4]
						}
					}
				},
				"left_arm": {
					"rotation": {
						"0.0": {
							"vector": [2.66022, -19.98015, 1.59044]
						},
						"0.5": {
							"vector": [-7.33978, -19.98015, 1.59044]
						}
					},
					"position": {
						"0.0": {
							"vector": [0, 0, 0]
						},
						"0.5": {
							"vector": [0, -1, 2]
						}
					}
				},
				"right_leg": {
					"rotation": {
						"0.0": {
							"vector": [-7.49294, 0.32621, 2.47864]
						},
						"0.5": {
							"vector": [-10.59651, 44.83627, -4.99286]
						}
					}
				},
				"left_leg": {
					"rotation": {
						"0.0": {
							"vector": [-4.99527, -0.21782, -2.4905]
						},
						"0.5": {
							"vector": [-4.99527, -0.21782, -2.4905]
						}
					}
				}
			}
		}
	}
}