{
	"format_version": "1.8.0",
	"animations": {
		"roomair": {
			"animation_length": 1.25,
			"bones": {
				"body": {
					"rotation": {
						"0.0": {
							"vector": [12.5, 0, 0]
						},
						"0.0833": {
							"vector": [-32.5, 0, 0]
						},
						"0.1667": {
							"vector": [-65, 0, 0]
						},
						"0.2917": {
							"vector": [-142.5, 0, 0]
						},
						"0.375": {
							"vector": [-175, 0, 0]
						},
						"0.4583": {
							"vector": [-268.01615, 1.5216, -37.47365]
						},
						"0.5417": {
							"vector": [-330.40352, -5.00575, -41.17112]
						},
						"0.625": {
							"vector": [-337.52125, 26.02254, -15.617]
						},
						"0.7083": {
							"vector": [-311.56279, 50.79017, 28.48341]
						},
						"0.9167": {
							"vector": [-290.56724, 53.94478, 39.58058]
						},
						"1.25": {
							"vector": [-299.40164, 50.76383, 28.44062]
						}
					},
					"position": {
						"0.0": {
							"vector": [0, 0, 0]
						},
						"0.0833": {
							"vector": [0, 5.4, 5.6]
						},
						"0.1667": {
							"vector": [0, 10.2, 6.7]
						},
						"0.2917": {
							"vector": [0, 10.2, 8.1]
						},
						"0.375": {
							"vector": [0, 10.2, 11.3]
						},
						"0.4583": {
							"vector": [0, 6.9, 12.7]
						},
						"0.7083": {
							"vector": [0, 5.5, 15.7]
						},
						"0.9167": {
							"vector": [0, 5.2, 15.7]
						},
						"1.25": {
							"vector": [0, 2.5, 15.7]
						}
					}
				},
				"head": {
					"rotation": {
						"0.0": {
							"vector": [37.5, 0, 0]
						},
						"0.1667": {
							"vector": [-47.5, 0, 0]
						},
						"0.3333": {
							"vector": [-70, 0, 0]
						},
						"0.5": {
							"vector": [-21.65712, 30.32448, 12.2921]
						},
						"0.625": {
							"vector": [11.37042, -25.1288, 14.73507]
						},
						"0.7083": {
							"vector": [1.43092, -56.62102, 3.63416]
						},
						"1.25": {
							"vector": [-8.51475, -56.62102, 3.63416]
						}
					}
				},
				"right_arm": {
					"rotation": {
						"0.0": {
							"vector": [0, 0, 75]
						},
						"0.2083": {
							"vector": [44.70582, 0, 75]
						},
						"0.4583": {
							"vector": [4.70582, 0, 75]
						},
						"0.625": {
							"vector": [19.70582, 0, 75]
						},
						"1.1667": {
							"vector": [19.1591, 4.56988, 62.08703]
						}
					}
				},
				"left_arm": {
					"rotation": {
						"0.0": {
							"vector": [0, 0, -62.5]
						},
						"0.1667": {
							"vector": [62.5, 0, -62.5]
						},
						"0.4167": {
							"vector": [32.5, 0, -62.5]
						},
						"0.5833": {
							"vector": [-104.35885, 29.21893, -69.62284]
						},
						"0.75": {
							"vector": [-139.35885, 29.21893, -69.62284]
						},
						"1.0417": {
							"vector": [-109.35885, 29.21893, -69.62284]
						},
						"1.25": {
							"vector": [-57.8099, 33.34938, -16.6228]
						}
					},
					"position": {
						"0.0": {
							"vector": [0, 0, 0]
						},
						"0.5833": {
							"vector": [0, 0, -4.8]
						},
						"0.75": {
							"vector": [-1.3, 0, -4.4]
						},
						"1.0417": {
							"vector": [1.2, 0, -2.1]
						}
					}
				},
				"right_leg": {
					"rotation": {
						"0.0": {
							"vector": [-12.5, 0, 0]
						},
						"0.1667": {
							"vector": [35, 0, 0]
						},
						"0.375": {
							"vector": [75, 0, 0]
						},
						"0.5833": {
							"vector": [60, 0, 0]
						},
						"0.875": {
							"vector": [62.33476, 21.15549, 22.97648]
						},
						"1.25": {
							"vector": [57.33476, 21.15549, 22.97648]
						}
					},
					"position": {
						"0.0": {
							"vector": [0, 0, 0]
						},
						"0.5833": {
							"vector": [0, 0, -4.2]
						},
						"0.875": {
							"vector": [-2.4, 0, -4.2]
						},
						"1.25": {
							"vector": [-3, 0, -4.2]
						}
					}
				},
				"left_leg": {
					"rotation": {
						"0.0": {
							"vector": [-15, 0, 0]
						},
						"0.1667": {
							"vector": [40, 0, 0]
						},
						"0.4167": {
							"vector": [55, 0, 0]
						},
						"0.625": {
							"vector": [22.5, 0, 0]
						},
						"0.875": {
							"vector": [22.01816, 4.75113, -11.57518]
						},
						"1.25": {
							"vector": [14.51816, 4.75113, -11.57518]
						}
					}
				}
			}
		}
	}
}