{
	"format_version": "1.8.0",
	"animations": {
		"roomrun": {
			"animation_length": 0.875,
			"bones": {
				"body": {
					"rotation": {
						"0.0": {
							"vector": [29.18246, -23.7695, -7.98205]
						},
						"0.125": {
							"vector": [19.39556, -17.7549, -6.22804]
						},
						"0.25": {
							"vector": [17.89807, 11.91276, 3.81397]
						},
						"0.4167": {
							"vector": [18.95567, 22.19377, 7.39305]
						},
						"0.5833": {
							"vector": [18.76341, 20.33549, 6.74771]
						},
						"0.75": {
							"vector": [18.07779, 14.2906, 4.60659]
						}
					},
					"position": {
						"0.0": {
							"vector": [0, 0, 3.7]
						},
						"0.1667": {
							"vector": [0, 0, -3.3]
						},
						"0.375": {
							"vector": [0, 0, -4.3]
						},
						"0.5417": {
							"vector": [0, 0, -3.3]
						},
						"0.75": {
							"vector": [0, 0, -1.3]
						}
					}
				},
				"head": {
					"rotation": {
						"0.0": {
							"vector": [1.30078, 27.47162, 2.81797]
						},
						"0.25": {
							"vector": [1.21022, -17.51867, 1.85348]
						},
						"0.4167": {
							"vector": [1.30131, -27.51628, 1.61654]
						},
						"0.7083": {
							"vector": [1.24934, -22.51752, 1.73931]
						}
					}
				},
				"right_arm": {
					"rotation": {
						"0.0": {
							"vector": [-165, 0, 70]
						},
						"0.0833": {
							"vector": [-145.83333, 0, 70]
						},
						"0.1667": {
							"vector": [-89.16667, 0, 70]
						},
						"0.25": {
							"vector": [27.5, 0, 70]
						},
						"0.3333": {
							"vector": [35, 0, 70]
						},
						"0.4583": {
							"vector": [47.5, 0, 70]
						},
						"0.6667": {
							"vector": [18.97287, 16.58974, 30.29111]
						},
						"0.75": {
							"vector": [15.84766, 19.58991, 20.25298]
						}
					},
					"position": {
						"0.0": {
							"vector": [1, -1, -3]
						},
						"0.0833": {
							"vector": [0.43, -1, -5.07]
						},
						"0.1667": {
							"vector": [-1.43, -1, -0.54]
						},
						"0.25": {
							"vector": [-0.7, -1, 4]
						},
						"0.3333": {
							"vector": [-0.7, -0.7, 4]
						},
						"0.4583": {
							"vector": [-0.7, -2.5, 2.6]
						},
						"0.6667": {
							"vector": [-0.7, -2.5, 0.7]
						},
						"0.75": {
							"vector": [-0.7, -1.1, 0.7]
						}
					}
				},
				"left_arm": {
					"rotation": {
						"0.0": {
							"vector": [-102.5, 0, -70]
						},
						"0.25": {
							"vector": [35, 0, -70]
						},
						"0.3333": {
							"vector": [39.75778, -4.81281, -64.2411]
						},
						"0.5417": {
							"vector": [37.68195, -14.23285, -52.33533]
						},
						"0.7083": {
							"vector": [36.79812, -29.16406, -48.55551]
						}
					},
					"position": {
						"0.0": {
							"vector": [0, 0, 0]
						},
						"0.25": {
							"vector": [0, 0, 2]
						}
					}
				},
				"right_leg": {
					"rotation": {
						"0.0": {
							"vector": [27.5, 10, 0]
						},
						"0.125": {
							"vector": [6.72031, 10, 0]
						},
						"0.25": {
							"vector": [-53.58371, -6.45607, -3.03774]
						},
						"0.3333": {
							"vector": [-11.08371, -6.45607, -3.03774]
						},
						"0.4583": {
							"vector": [26.41629, -6.45607, -3.03774]
						},
						"0.625": {
							"vector": [66.33469, -1.27139, 8.40064]
						},
						"0.75": {
							"vector": [86.33469, -1.27139, 8.40064]
						}
					},
					"position": {
						"0.0": {
							"vector": [-1, 2, -5]
						},
						"0.125": {
							"vector": [-1, 3.46, -3.47]
						},
						"0.25": {
							"vector": [-1, 0.9, -1.9]
						},
						"0.3333": {
							"vector": [-1, -0.1, -1.9]
						},
						"0.4583": {
							"vector": [-1, 0.9, 2.1]
						},
						"0.625": {
							"vector": [-1, -0.2, 2.1]
						},
						"0.75": {
							"vector": [-1, -1.3, -4]
						}
					}
				},
				"left_leg": {
					"rotation": {
						"0.0": {
							"vector": [20.48328, 14.29835, -2.70433]
						},
						"0.25": {
							"vector": [77.63448, 18.22175, -3.49529]
						},
						"0.3333": {
							"vector": [77.99746, -5.84946, 1.66236]
						},
						"0.4583": {
							"vector": [37.99746, -5.84946, 1.66236]
						},
						"0.5417": {
							"vector": [-28.22666, -10.68659, -7.18481]
						},
						"0.6667": {
							"vector": [-18.22666, -10.68659, -7.18481]
						},
						"0.75": {
							"vector": [1.77334, -10.68659, -7.18481]
						}
					},
					"position": {
						"0.0": {
							"vector": [0, 0, 0]
						},
						"0.25": {
							"vector": [0, -1.7, -1.2]
						},
						"0.3333": {
							"vector": [2, -1.7, -5.2]
						},
						"0.4583": {
							"vector": [2, 1.7, -5.1]
						},
						"0.5417": {
							"vector": [2, 1.7, -3.3]
						},
						"0.6667": {
							"vector": [2, 0.4, 0]
						},
						"0.75": {
							"vector": [2, 0.4, 1]
						}
					}
				}
			}
		}
	}
}