{
	"format_version": "1.8.0",
	"animations": {
		"rushdownbarrage": {
			"animation_length": 1.25,
			"bones": {
				"body": {
					"rotation": {
						"0.0": {
							"vector": [-5, 50, 0]
						},
						"0.0833": {
							"vector": [47.19996, -57.56836, -14.92687]
						},
						"0.1667": {
							"vector": [7.19996, -57.56836, -14.92687]
						},
						"0.25": {
							"vector": [62.53798, 46.74364, 30.59616]
						},
						"0.3333": {
							"vector": [-5, 50, 0]
						},
						"0.4167": {
							"vector": [47.19996, -57.56836, -14.92687]
						},
						"0.5": {
							"vector": [7.19996, -57.56836, -14.92687]
						},
						"0.5833": {
							"vector": [62.53798, 46.74364, 30.59616]
						},
						"0.6667": {
							"vector": [-5, 50, 0]
						},
						"0.75": {
							"vector": [47.19996, -57.56836, -14.92687]
						},
						"0.8333": {
							"vector": [7.19996, -57.56836, -14.92687]
						},
						"0.9167": {
							"vector": [62.53798, 46.74364, 30.59616]
						},
						"1.0": {
							"vector": [-5, 50, 0]
						},
						"1.0833": {
							"vector": [47.19996, -57.56836, -14.92687]
						},
						"1.1667": {
							"vector": [7.19996, -57.56836, -14.92687]
						},
						"1.25": {
							"vector": [62.53798, 46.74364, 30.59616]
						}
					},
					"position": {
						"0.0": {
							"vector": [0.24068, -0.17431, 2.81277]
						},
						"0.0833": {
							"vector": [2.56639, -2.75579, -7.6734]
						},
						"0.1667": {
							"vector": [-1.20704, 0.67843, 3.56448]
						},
						"0.25": {
							"vector": [-3.92699, -1.17901, -8.7348]
						},
						"0.3333": {
							"vector": [0.24068, -0.17431, 2.81277]
						},
						"0.4167": {
							"vector": [2.56639, -2.75579, -7.6734]
						},
						"0.5": {
							"vector": [-1.20704, 0.67843, 3.56448]
						},
						"0.5833": {
							"vector": [-3.92699, -1.17901, -8.7348]
						},
						"0.6667": {
							"vector": [0.24068, -0.17431, 2.81277]
						},
						"0.75": {
							"vector": [2.56639, -2.75579, -7.6734]
						},
						"0.8333": {
							"vector": [-1.20704, 0.67843, 3.56448]
						},
						"0.9167": {
							"vector": [-3.92699, -1.17901, -8.7348]
						},
						"1.0": {
							"vector": [0.24068, -0.17431, 2.81277]
						},
						"1.0833": {
							"vector": [2.56639, -2.75579, -7.6734]
						},
						"1.1667": {
							"vector": [-1.20704, 0.67843, 3.56448]
						},
						"1.25": {
							"vector": [-3.92699, -1.17901, -8.7348]
						}
					}
				},
				"head": {
					"rotation": {
						"0.0": {
							"vector": [13.80495, -51.57377, -7.99191]
						},
						"0.0417": {
							"vector": [-11.1647, 6.79714, 12.57561]
						},
						"0.0833": {
							"vector": [-39.63252, 47.80035, -45.09954]
						},
						"0.1667": {
							"vector": [35.61927, 55.7713, 30.39988]
						},
						"0.2083": {
							"vector": [-4.2202, -6.20114, -14.37163]
						},
						"0.25": {
							"vector": [-50.5336, -57.30574, 40.49945]
						},
						"0.3333": {
							"vector": [13.80495, -51.57377, -7.99191]
						},
						"0.375": {
							"vector": [-11.1647, 6.79714, 12.57561]
						},
						"0.4167": {
							"vector": [-39.63252, 47.80035, -45.09954]
						},
						"0.5": {
							"vector": [35.61927, 55.7713, 30.39988]
						},
						"0.5417": {
							"vector": [-4.2202, -6.20114, -14.37163]
						},
						"0.5833": {
							"vector": [-50.5336, -57.30574, 40.49945]
						},
						"0.6667": {
							"vector": [13.80495, -51.57377, -7.99191]
						},
						"0.7083": {
							"vector": [-11.1647, 6.79714, 12.57561]
						},
						"0.75": {
							"vector": [-39.63252, 47.80035, -45.09954]
						},
						"0.8333": {
							"vector": [35.61927, 55.7713, 30.39988]
						},
						"0.875": {
							"vector": [-4.2202, -6.20114, -14.37163]
						},
						"0.9167": {
							"vector": [-50.5336, -57.30574, 40.49945]
						},
						"1.0": {
							"vector": [13.80495, -51.57377, -7.99191]
						},
						"1.0417": {
							"vector": [-11.1647, 6.79714, 12.57561]
						},
						"1.0833": {
							"vector": [-39.63252, 47.80035, -45.09954]
						},
						"1.1667": {
							"vector": [35.61927, 55.7713, 30.39988]
						},
						"1.2083": {
							"vector": [-4.2202, -6.20114, -14.37163]
						},
						"1.25": {
							"vector": [-50.5336, -57.30574, 40.49945]
						}
					}
				},
				"right_arm": {
					"rotation": {
						"0.0": {
							"vector": [-86.94901, 34.96182, 1.74942]
						},
						"0.0833": {
							"vector": [-140.30988, 61.1408, -28.54894]
						},
						"0.1667": {
							"vector": [-111.81339, -1.75443, 18.69398]
						},
						"0.25": {
							"vector": [-112.55533, 14.46835, 12.06743]
						},
						"0.3333": {
							"vector": [-86.94901, 34.96182, 1.74942]
						},
						"0.4167": {
							"vector": [-140.30988, 61.1408, -28.54894]
						},
						"0.5": {
							"vector": [-111.81339, -1.75443, 18.69398]
						},
						"0.5833": {
							"vector": [-112.55533, 14.46835, 12.06743]
						},
						"0.6667": {
							"vector": [-86.94901, 34.96182, 1.74942]
						},
						"0.75": {
							"vector": [-140.30988, 61.1408, -28.54894]
						},
						"0.8333": {
							"vector": [-111.81339, -1.75443, 18.69398]
						},
						"0.9167": {
							"vector": [-112.55533, 14.46835, 12.06743]
						},
						"1.0": {
							"vector": [-86.94901, 34.96182, 1.74942]
						},
						"1.0833": {
							"vector": [-140.30988, 61.1408, -28.54894]
						},
						"1.1667": {
							"vector": [-111.81339, -1.75443, 18.69398]
						},
						"1.25": {
							"vector": [-112.55533, 14.46835, 12.06743]
						}
					},
					"position": {
						"0.0": {
							"vector": [2.37673, 0.30015, 6.87467]
						},
						"0.0833": {
							"vector": [-2.36286, 0.79464, 1.27889]
						},
						"0.1667": {
							"vector": [-1.24033, -5.46949, -0.85662]
						},
						"0.25": {
							"vector": [-1.82409, -6.84149, 2.85186]
						},
						"0.3333": {
							"vector": [2.37673, 0.30015, 6.87467]
						},
						"0.4167": {
							"vector": [-2.36286, 0.79464, 1.27889]
						},
						"0.5": {
							"vector": [-1.24033, -5.46949, -0.85662]
						},
						"0.5833": {
							"vector": [-1.82409, -6.84149, 2.85186]
						},
						"0.6667": {
							"vector": [2.37673, 0.30015, 6.87467]
						},
						"0.75": {
							"vector": [-2.36286, 0.79464, 1.27889]
						},
						"0.8333": {
							"vector": [-1.24033, -5.46949, -0.85662]
						},
						"0.9167": {
							"vector": [-1.82409, -6.84149, 2.85186]
						},
						"1.0": {
							"vector": [2.37673, 0.30015, 6.87467]
						},
						"1.0833": {
							"vector": [-2.36286, 0.79464, 1.27889]
						},
						"1.1667": {
							"vector": [-1.24033, -5.46949, -0.85662]
						},
						"1.25": {
							"vector": [-1.82409, -6.84149, 2.85186]
						}
					}
				},
				"left_arm": {
					"rotation": {
						"0.0": {
							"vector": [-75.96729, 26.79524, 6.42848]
						},
						"0.0833": {
							"vector": [-75.96729, -26.79524, -6.42848]
						},
						"0.1667": {
							"vector": [-74.85629, -34.05444, -8.61775]
						},
						"0.25": {
							"vector": [-141.41762, -48.76644, 26.8242]
						},
						"0.3333": {
							"vector": [-75.96729, 26.79524, 6.42848]
						},
						"0.4167": {
							"vector": [-75.96729, -26.79524, -6.42848]
						},
						"0.5": {
							"vector": [-74.85629, -34.05444, -8.61775]
						},
						"0.5833": {
							"vector": [-141.41762, -48.76644, 26.8242]
						},
						"0.6667": {
							"vector": [-75.96729, 26.79524, 6.42848]
						},
						"0.75": {
							"vector": [-75.96729, -26.79524, -6.42848]
						},
						"0.8333": {
							"vector": [-74.85629, -34.05444, -8.61775]
						},
						"0.9167": {
							"vector": [-141.41762, -48.76644, 26.8242]
						},
						"1.0": {
							"vector": [-75.96729, 26.79524, 6.42848]
						},
						"1.0833": {
							"vector": [-75.96729, -26.79524, -6.42848]
						},
						"1.1667": {
							"vector": [-74.85629, -34.05444, -8.61775]
						},
						"1.25": {
							"vector": [-141.41762, -48.76644, 26.8242]
						}
					},