{
	"format_version": "1.8.0",
	"animations": {
		"seaquake": {
			"animation_length": 2,
			"bones": {
				"body": {
					"rotation": {
						"0.0": {
							"vector": [12.5, 0, 0]
						},
						"1.0": {
							"vector": [15, 0, 0]
						},
						"1.0833": {
							"vector": [-2.5, 0, 0]
						},
						"2.0": {
							"vector": [0, 0, 0],
							"easing": "easeInSine"
						}
					},
					"position": {
						"0.0": {
							"vector": [0, -3, 0]
						},
						"1.0833": {
							"vector": [0, -1, 0]
						}
					}
				},
				"head": {
					"rotation": {
						"0.0": {
							"vector": [45, 0, 0]
						},
						"1.0": {
							"vector": [37.5, 0, 0]
						},
						"1.0833": {
							"vector": [25, 0, 0]
						},
						"2.0": {
							"vector": [15, 0, 0],
							"easing": "easeInSine"
						}
					}
				},
				"right_arm": {
					"rotation": {
						"0.0": {
							"vector": [44.97272, -86.46503, -135.02728]
						},
						"1.0": {
							"vector": [78.59515, -77.25635, -168.86899]
						},
						"1.0417": {
							"vector": [-93.20242, 5.12182, -39.43449]
						},
						"1.0833": {
							"vector": [0, 87.5, 90]
						},
						"1.125": {
							"vector": [-75.88649, 79.69532, 13.89476]
						},
						"1.1667": {
							"vector": [-44.97272, 86.46503, 44.97272]
						},
						"2.0": {
							"vector": [44.97272, 86.46503, 135.02728],
							"easing": "easeInSine"
						}
					},
					"position": {
						"0.0": {
							"vector": [1, -2, -5]
						},
						"0.0417": {
							"vector": [0.88, -2.25, -4.93]
						},
						"0.0833": {
							"vector": [0.76, -2.09, -4.86]
						},
						"0.125": {
							"vector": [0.88, -2.25, -4.93]
						},
						"0.1667": {
							"vector": [0.76, -2.09, -4.86]
						},
						"0.2083": {
							"vector": [0.88, -2.25, -4.93]
						},
						"0.25": {
							"vector": [0.76, -2.09, -4.86]
						},
						"0.2917": {
							"vector": [0.88, -2.25, -4.93]
						},
						"0.3333": {
							"vector": [0.76, -2.09, -4.86]
						},
						"0.375": {
							"vector": [0.88, -2.25, -4.93]
						},
						"0.4167": {
							"vector": [0.76, -2.09, -4.86]
						},
						"0.4583": {
							"vector": [0.88, -2.25, -4.93]
						},
						"0.5": {
							"vector": [0.76, -2.09, -4.86]
						},
						"0.5417": {
							"vector": [0.88, -2.25, -4.93]
						},
						"0.5833": {
							"vector": [0.76, -2.09, -4.86]
						},
						"0.625": {
							"vector": [0.88, -2.25, -4.93]
						},
						"0.6667": {
							"vector": [0.76, -2.09, -4.86]
						},
						"0.7083": {
							"vector": [0.88, -2.25, -4.93]
						},
						"0.75": {
							"vector": [0.76, -2.09, -4.86]
						},
						"0.7917": {
							"vector": [0.88, -2.25, -4.93]
						},
						"0.8333": {
							"vector": [0.76, -2.09, -4.86]
						},
						"0.875": {
							"vector": [0.88, -2.25, -4.93]
						},
						"0.9167": {
							"vector": [0.76, -2.09, -4.86]
						},
						"0.9583": {
							"vector": [0.88, -2.25, -4.93]
						},
						"1.0": {
							"vector": [0.76, -2.09, -4.86]
						},
						"1.0833": {
							"vector": [-2, 0, -1]
						}
					}
				},
				"left_arm": {
					"rotation": {
						"0.0": {
							"vector": [-135.10922, 82.93343, -44.89078]
						},
						"1.0": {
							"vector": [-206.49955, 84.41125, -116.60872]
						},
						"1.0417": {
							"vector": [-68.30439, 0.73891, -35.85897]
						},
						"1.0833": {
							"vector": [-135.10922, -82.93343, 44.89078]
						},
						"1.125": {
							"vector": [-112.00942, -76.55188, 21.46148]
						},
						"1.1667": {
							"vector": [-135.10922, -82.93343, 44.89078]
						},
						"2.0": {
							"vector": [-180, -85, 90],
							"easing": "easeInSine"
						}
					},
					"position": {
						"0.0": {
							"vector": [0, -5, -4]
						},
						"0.0417": {
							"vector": [0.15, -4.9, -4.04]
						},
						"0.0833": {
							"vector": [0.22, -4.56, -4.06]
						},
						"0.125": {
							"vector": [0.15, -4.9, -4.04]
						},
						"0.1667": {
							"vector": [0.22, -4.56, -4.06]
						},
						"0.2083": {
							"vector": [0.15, -4.9, -4.04]
						},
						"0.25": {
							"vector": [0.22, -4.56, -4.06]
						},
						"0.2917": {
							"vector": [0.15, -4.9, -4.04]
						},
						"0.3333": {
							"vector": [0.22, -4.56, -4.06]
						},
						"0.375": {
							"vector": [0.15, -4.9, -4.04]
						},
						"0.4167": {
							"vector": [0.22, -4.56, -4.06]
						},
						"0.4583": {
							"vector": [0.15, -4.9, -4.04]
						},
						"0.5": {
							"vector": [0.22, -4.56, -4.06]
						},
						"0.5417": {
							"vector": [0.15, -4.9, -4.04]
						},
						"0.5833": {
							"vector": [0.22, -4.56, -4.06]
						},
						"0.625": {
							"vector": [0.15, -4.9, -4.04]
						},
						"0.6667": {
							"vector": [0.22, -4.56, -4.06]
						},
						"0.7083": {
							"vector": [0.15, -4.9, -4.04]
						},
						"0.75": {
							"vector": [0.22, -4.56, -4.06]
						},
						"0.7917": {
							"vector": [0.15, -4.9, -4.04]
						},
						"0.8333": {
							"vector": [0.22, -4.56, -4.06]
						},
						"0.875": {
							"vector": [0.15, -4.9, -4.04]
						},
						"0.9167": {
							"vector": [0.22, -4.56, -4.06]
						},
						"0.9583": {
							"vector": [0.15, -4.9, -4.04]
						},
						"1.0": {
							"vector": [0.22, -4.56, -4.06]
						},
						"1.0833": {
							"vector": [1, 0, -1]
						}
					}
				},
				"right_leg": {
					"rotation": {
						"0.0": {
							"vector": [5, 0, 0]
						},
						"1.0": {
							"vector": [2.5, 0, 0]
						},
						"1.0833": {
							"vector": [15.50409, 14.47751, 3.96713]
						},
						"2.0": {
							"vector": [16.47027, 24.09293, 6.8817],
							"easing": "easeInSine"
						}
					},
					"position": {
						"0.0": {
							"vector": [-1, 4, -4]
						},
						"1.0833": {
							"vector": [-1, 1, -4]
						}
					}
				},
				"left_leg": {
					"rotation": {
						"0.0": {
							"vector": [5, 0, 0]
						},
						"1.0": {
							"vector": [2.5, 0, 0]
						},
						"1.0833": {
							"vector": [12.92638, -14.63639, -3.31914]
						},
						"2.0": {
							"vector": [13.27463, -19.50645, -4.50432],
							"easing": "easeInSine"
						}
					},
					"position": {
						"0.0": {
							"vector": [1, 4, -4]
						},
						"1.0833": {
							"vector": [1, 1, -4]
						}
					}
				}
			}
		}
	}
}