{
	"format_version": "1.8.0",
	"animations": {
		"pawslam": {
			"animation_length": 0.875,
			"bones": {
				"body": {
					"rotation": {
						"0.0": {
							"vector": [5, 0, 0]
						},
						"0.125": {
							"vector": [10, 0, 0]
						},
						"0.875": {
							"vector": [5, 0, 0]
						}
					},
					"position": {
						"0.0": {
							"vector": [0, 40, 0]
						},
						"0.125": {
							"vector": [0, -2, 0]
						},
						"0.2083": {
							"vector": [0, -2.33, 0]
						},
						"0.625": {
							"vector": [0, -2.33, 0]
						},
						"0.875": {
							"vector": [0, 1, 0]
						}
					}
				},
				"head": {
					"rotation": {
						"0.0": {
							"vector": [37.5, 0, 0]
						},
						"0.125": {
							"vector": [12.5, 0, 0]
						},
						"0.2083": {
							"vector": [22.5, 0, 0]
						},
						"0.625": {
							"vector": [22.5, 0, 0]
						}
					}
				},
				"right_arm": {
					"rotation": {
						"0.0": {
							"vector": [-10, 0, 0]
						},
						"0.125": {
							"vector": [-26.94093, -5.73576, -11.12501]
						},
						"0.2083": {
							"vector": [-29.62791, -6.21434, -7.23779]
						},
						"0.625": {
							"vector": [-29.62791, -6.21434, -7.23779]
						},
						"0.875": {
							"vector": [5.96767, -7.88939, 6.3675]
						}
					},
					"position": {
						"0.0": {
							"vector": [0, 2, 0]
						},
						"0.125": {
							"vector": [3, -2, -2]
						},
						"0.2083": {
							"vector": [3, -3.78, -2.56]
						},
						"0.625": {
							"vector": [0, -1.78, -2.56]
						},
						"0.875": {
							"vector": [0, -1, 0]
						}
					}
				},
				"left_arm": {
					"rotation": {
						"0.0": {
							"vector": [-20, 0, 0]
						},
						"0.125": {
							"vector": [-19.67013, 6.67588, 13.1942]
						},
						"0.2083": {
							"vector": [-21.0918, 6.53628, 10.40265]
						},
						"0.625": {
							"vector": [-21.0918, 6.53628, 10.40265]
						},
						"0.875": {
							"vector": [-3.56763, 6.04771, 0.63226]
						}
					},
					"position": {
						"0.0": {
							"vector": [0, 1, 0]
						},
						"0.125": {
							"vector": [-2, -3, -2]
						},
						"0.2083": {
							"vector": [-3, -3.56, -3.56]
						},
						"0.625": {
							"vector": [0, -1.56, -3.56]
						},
						"0.875": {
							"vector": [0, -1, 0]
						}
					}
				},
				"right_leg": {
					"rotation": {
						"0.0": {
							"vector": [14.51082, -3.84097, 14.51082]
						},
						"0.125": {
							"vector": [-10.12261, -1.93597, 7.24721]
						},
						"0.875": {
							"vector": [-0.12261, -1.93597, 7.24721]
						}
					},
					"position": {
						"0.0": {
							"vector": [0, 3, -2]
						},
						"0.125": {
							"vector": [0, 3, -2]
						},
						"0.625": {
							"vector": [0, 3.33, -2]
						},
						"0.875": {
							"vector": [0, -1, -2]
						}
					}
				},
				"left_leg": {
					"rotation": {
						"0.0": {
							"vector": [24.91643, 2.11089, -4.53359]
						},
						"0.125": {
							"vector": [-10.08357, 2.11089, -4.53359]
						},
						"0.875": {
							"vector": [-2.58357, 2.11089, -4.53359]
						}
					},
					"position": {
						"0.0": {
							"vector": [0, 1, -3]
						},
						"0.125": {
							"vector": [1, 3, -2]
						},
						"0.625": {
							"vector": [1, 2.33, -2]
						},
						"0.875": {
							"vector": [1, -1, -2]
						}
					}
				}
			}
		},
		"vanish": {
			"animation_length": 1.5,
			"bones": {
				"body": {
					"position": {
						"0.0": {
							"vector": [2, 0, 0]
						},
						"0.0417": {
							"vector": [-41, 0, 0]
						},
						"0.0833": {
							"vector": [66, 0, 0]
						},
						"0.125": {
							"vector": [-94, 0, 0]
						},
						"0.1667": {
							"vector": [72, -17021, 0]
						},
						"1.5": {
							"vector": [72, -17021, 0]
						}
					}
				}
			}
		}
	},
	"geckolib_format_version": 2
}