{
	"format_version": "1.8.0",
	"animations": {
		"shinka": {
			"animation_length": 1,
			"bones": {
				"body": {
					"rotation": {
						"0.0": {
							"vector": [-17.5, 0, 0]
						},
						"0.5": {
							"vector": [-22.5, 0, 0]
						},
						"0.5833": {
							"vector": [35, 0, 0]
						},
						"0.625": {
							"vector": [39.02, 0, 0]
						},
						"1.0": {
							"vector": [25, 0, 0]
						}
					},
					"position": {
						"0.0": {
							"vector": [0, 0, 0]
						},
						"0.5": {
							"vector": [0, 1.20282, -3.81487]
						},
						"0.5833": {
							"vector": [0, 1.11927, 4.79195]
						},
						"0.625": {
							"vector": [0, 1.75954, 5.7988]
						},
						"1.0": {
							"vector": [0, 1.96524, 6.60262]
						}
					}
				},
				"head": {
					"rotation": {
						"0.0": {
							"vector": [27.5, 0, 0]
						},
						"0.5": {
							"vector": [35, 0, 0]
						},
						"1.0": {
							"vector": [10, 0, 0]
						}
					}
				},
				"right_arm": {
					"rotation": {
						"0.0": {
							"vector": [45, 0, 85]
						},
						"0.5": {
							"vector": [62.5, 0, 85]
						},
						"0.5833": {
							"vector": [-115, 0, 85]
						},
						"1.0": {
							"vector": [-130.02687, 1.91486, 83.39243]
						}
					},
					"position": {
						"0.0": {
							"vector": [0, 0, 0]
						},
						"1.0": {
							"vector": [3.17965, 0.49711, -3.82658]
						}
					}
				},
				"left_arm": {
					"rotation": {
						"0.0": {
							"vector": [50, 0, -80]
						},
						"0.5": {
							"vector": [75, 0, -80]
						},
						"0.5833": {
							"vector": [-115, 0, -80]
						},
						"1.0": {
							"vector": [-135.43855, 7.05302, -87.10708]
						}
					},
					"position": {
						"0.0": {
							"vector": [0, 0, 0]
						},
						"1.0": {
							"vector": [-3.57969, -0.25044, -3.48182]
						}
					}
				},
				"right_leg": {
					"rotation": {
						"0.0": {
							"vector": [49.56754, -7.64427, 6.46635]
						},
						"0.5": {
							"vector": [37.06754, -7.64427, 6.46635]
						},
						"0.5833": {
							"vector": [-100.68204, 14.48438, 2.3622]
						},
						"1.0": {
							"vector": [-78.18204, 14.48438, 2.3622]
						}
					}
				},
				"left_leg": {
					"rotation": {
						"0.0": {
							"vector": [44.00703, 10.54529, -10.72858]
						},
						"0.5": {
							"vector": [34.00703, 10.54529, -10.72858]
						},
						"0.5833": {
							"vector": [-91.03529, -19.45022, -10.20207]
						},
						"1.0": {
							"vector": [-73.53529, -19.45022, -10.20207]
						}
					}
				}
			}
		}
	}
}