{
	"format_version": "1.8.0",
	"animations": {
		"silentrage": {
			"animation_length": 0.5,
			"bones": {
				"body": {
					"rotation": {
						"0.0": {
							"vector": [0, 20, 0]
						},
						"0.125": {
							"vector": [35.87238, -64.35464, -23.48546]
						},
						"0.25": {
							"vector": [75.96594, -74.84593, -65.86618]
						},
						"0.5": {
							"vector": [85.21491, -75.25606, -75.4376]
						}
					}
				},
				"head": {
					"rotation": {
						"0.0": {
							"vector": [0, -22.5, 0]
						},
						"0.125": {
							"vector": [0, 58.63, 0]
						},
						"0.2083": {
							"vector": [0, 75.21, 0]
						},
						"0.5": {
							"vector": [0, 80, 0]
						}
					}
				},
				"right_arm": {
					"rotation": {
						"0.0": {
							"vector": [-95.24133, 17.43127, -1.5741]
						},
						"0.125": {
							"vector": [-116.68535, 62.94643, -20.88437]
						},
						"0.25": {
							"vector": [-104.82556, 37.03558, -5.82777]
						},
						"0.5": {
							"vector": [-101.97993, 10.24926, 1.06818]
						}
					},
					"position": {
						"0.0": {
							"vector": [0, 0, 8]
						},
						"0.125": {
							"vector": [-2, 1, -1]
						},
						"0.5": {
							"vector": [-3, 1, 1]
						}
					}
				},
				"left_arm": {
					"rotation": {
						"0.0": {
							"vector": [-97.84527, -14.76689, 2.66399]
						},
						"0.125": {
							"vector": [-124.75769, -23.08427, 8.5402]
						},
						"0.5": {
							"vector": [-104.75769, -23.08427, 8.5402]
						}
					},
					"position": {
						"0.0": {
							"vector": [0, 0, -4]
						},
						"0.125": {
							"vector": [1, -6, 3]
						},
						"0.5": {
							"vector": [0, -6, 3]
						}
					}
				},
				"right_leg": {
					"rotation": {
						"0.0": {
							"vector": [-27.5, 0, 0]
						},
						"0.25": {
							"vector": [5, 0, 0]
						}
					}
				},
				"left_leg": {
					"rotation": {
						"0.0": {
							"vector": [30, 0, 0]
						},
						"0.25": {
							"vector": [-42.5, 0, 0]
						}
					}
				}
			}
		}
	}
}