{
	"format_version": "1.8.0",
	"animations": {
		"silentragecontine": {
			"animation_length": 7.125,
			"bones": {
				"body": {
					"rotation": {
						"0.0": {
							"vector": [2.5, -57.5, 0]
						},
						"1.0": {
							"vector": [2.5, -57.5, 0]
						},
						"1.25": {
							"vector": [0.54011, 35.96162, 12.13279],
							"easing": "easeInQuad"
						},
						"1.3333": {
							"vector": [-13.71504, -29.24685, 6.74496]
						},
						"1.75": {
							"vector": [-22.89719, -57.8803, 19.62803],
							"easing": "easeOutQuad"
						},
						"2.5": {
							"vector": [45.40828, -80.95572, -17.87194],
							"easing": "easeInQuad"
						},
						"3.0": {
							"vector": [223.80994, -88.45262, -196.76824]
						},
						"5.0": {
							"vector": [189.95223, -83.79049, -162.86373]
						},
						"5.0833": {
							"vector": [378.59085, -47.5114, -370.22544]
						},
						"6.0": {
							"vector": [378.59085, -47.5114, -370.22544]
						},
						"6.125": {
							"vector": [384.60856, 21.69362, -367.93121],
							"easing": "linear"
						},
						"6.25": {
							"vector": [385.55094, 26.22288, -365.61257]
						},
						"6.5": {
							"vector": [386.11445, 28.47315, -364.38621]
						}
					},
					"position": {
						"0.0": {
							"vector": [0, 0, 0]
						},
						"5.0833": {
							"vector": [0, 0, -1]
						},
						"5.125": {
							"vector": [0, 0, -2]
						},
						"5.1667": {
							"vector": [0, 0, -1]
						},
						"6.0": {
							"vector": [0, 0, -1]
						},
						"6.0417": {
							"vector": [0, 0, -2]
						},
						"6.125": {
							"vector": [0, 0, -1],
							"easing": "linear"
						}
					}
				},
				"head": {
					"rotation": {
						"0.0": {
							"vector": [10, 42.5, 0]
						},
						"1.0": {
							"vector": [17.5, 42.5, 0]
						},
						"1.25": {
							"vector": [-12.6228, -30.28748, -19.65601],
							"easing": "easeInQuad"
						},
						"1.3333": {
							"vector": [-27.81334, 32.29811, -7.93559]
						},
						"1.75": {
							"vector": [-43.44382, 55.0015, -29.99927],
							"easing": "easeOutQuad"
						},
						"2.5": {
							"vector": [-23.44382, 55.0015, -29.99927],
							"easing": "easeInQuad"
						},
						"3.0": {
							"vector": [-19.20694, 52.60909, -30.18822]
						},
						"5.0": {
							"vector": [-19.19958, 57.29535, -33.23017]
						},
						"5.0833": {
							"vector": [-34.90678, 59.03265, -19.36952]
						},
						"6.0": {
							"vector": [-34.90678, 59.03265, -19.36952]
						},
						"6.125": {
							"vector": [-8.28756, -20.22059, 18.03993],
							"easing": "linear"
						},
						"6.25": {
							"vector": [-8.7822, -27.63784, 19.25684]
						},
						"6.5": {
							"vector": [-8.99524, -30.10783, 19.69793]
						}
					}
				},
				"right_arm": {
					"rotation": {
						"0.0": {
							"vector": [-34.89743, 2.86544, 89.09918]
						},
						"1.0": {
							"vector": [-34.58897, 5.71617, 93.21888]
						},
						"1.25": {
							"vector": [-84.58897, 5.71617, 93.21888],
							"easing": "easeInQuad"
						},
						"1.3333": {
							"vector": [-54.02687, 25.61976, 95.26874]
						},
						"1.75": {
							"vector": [-121.52687, 25.61976, 95.26874],
							"easing": "easeOutQuad"
						},
						"2.5": {
							"vector": [-156.52687, 25.61976, 95.26874],
							"easing": "easeInQuad"
						},
						"3.0": {
							"vector": [-161.52687, 25.61976, 95.26874]
						},
						"5.0": {
							"vector": [-171.52687, 25.61976, 95.26874]
						},
						"5.0833": {
							"vector": [-109.02687, 25.61976, 95.26874]
						},
						"6.0": {
							"vector": [-109.02687, 25.61976, 95.26874]
						},
						"6.125": {
							"vector": [20.97313, 25.61976, 95.26874],
							"easing": "linear"
						},
						"6.25": {
							"vector": [38.47313, 25.61976, 95.26874]
						},
						"6.5": {
							"vector": [55.97313, 25.61976, 95.26874]
						}
					},
					"position": {
						"0.0": {
							"vector": [-2, 0, -3]
						},
						"1.0": {
							"vector": [-2, 0, -3]
						},
						"1.25": {
							"vector": [-3, 0, 5],
							"easing": "easeInQuad"
						},
						"1.3333": {
							"vector": [-3, 3, -4]
						},
						"1.75": {
							"vector": [1, 1, -6],
							"easing": "easeOutQuad"
						},
						"2.5": {
							"vector": [2, 0, -6],
							"easing": "easeInQuad"
						},
						"2.5417": {
							"vector": [2, -0.2, -6]
						},
						"2.5833": {
							"vector": [2, 0, -6]
						},
						"2.625": {
							"vector": [2, -0.2, -6]
						},
						"2.6667": {
							"vector": [2, 0, -6]
						},
						"2.7083": {
							"vector": [2, -0.2, -6]
						},
						"2.75": {
							"vector": [2, 0, -6]
						},
						"2.7917": {
							"vector": [2, -0.2, -6]
						},
						"2.8333": {
							"vector": [2, 0, -6]
						},
						"2.875": {
							"vector": [2, -0.2, -6]
						},
						"2.9167": {
							"vector": [2, 0, -6]
						},
						"2.9583": {
							"vector": [2, -0.2, -6]
						},
						"3.0": {
							"vector": [2, 0, -6]
						},
						"3.0417": {
							"vector": [2, -0.2, -6]
						},
						"3.0833": {
							"vector": [2, 0, -6]
						},
						"3.125": {
							"vector": [2, -0.2, -6]
						},
						"3.1667": {
							"vector": [2, 0, -6]
						},
						"3.2083": {
							"vector": [2, -0.2, -6]
						},
						"3.25": {
							"vector": [2, 0, -6]
						},
						"3.2917": {
							"vector": [2, -0.2, -6]
						},
						"3.3333": {
							"vector": [2, 0, -6]
						},
						"3.375": {
							"vector": [2, -0.2, -6]
						},
						"3.4167": {
							"vector": [2, 0, -6]
						},
						"3.4583": {
							"vector": [2, -0.2, -6]
						},
						"3.5": {
							"vector": [2, 0, -6]
						},
						"3.5417": {
							"vector": [2, -0.2, -6]
						},
						"3.5833": {
							"vector": [2, 0, -6]
						},
						"3.625": {
							"vector": [2, -0.2, -6]
						},
						"3.6667": {
							"vector": [2, 0, -6]
						},
						"3.7083": {
							"vector": [2, -0.2, -6]
						},
						"3.75": {
							"vector": [2, 0, -6]
						},
						"3.7917": {
							"vector": [2, -0.2, -6]
						},
						"3.8333": {
							"vector": [2, 0, -6]
						},
						"3.875": {
							"vector": [2, -0.2, -6]
						},
						"3.9167": {
							"vector": [2, 0, -6]
						},
						"3.9583": {
							"vector": [2, -0.2, -6]
						},
						"4.0": {
							"vector": [2, 0, -6]
						},
						"4.0417": {
							"vector": [2, -0.2, -6]
						},
						"4.0833": {
							"vector": [2, 0, -6]
						},
						"4.125": {
							"vector": [2, -0.2, -6]
						},
						"4.1667": {
							"vector": [2, 0, -6]
						},
						"4.2083": {
							"vector": [2, -0.2, -6]
						},
						"4.25": {
							"vector": [2, 0, -6]
						},
						"4.2917": {
							"vector": [2, -0.2, -6]
						},
						"4.3333": {
							"vector": [2, 0, -6]
						},
						"4.375": {
							"vector": [2, -0.2, -6]
						},
						"4.4167": {
							"vector": [2, 0, -6]
						},
						"4.4583": {
							"vector": [2, -0.2, -6]
						},
						"4.5": {
							"vector": [2, 0, -6]
						},
						"4.5417": {
							"vector": [2, -0.2, -6]
						},
						"4.5833": {
							"vector": [2, 0, -6]
						},
						"4.625": {
							"vector": [2, -0.2, -6]
						},
						"4.6667": {
							"vector": [2, 0, -6]
						},
						"4.7083": {
							"vector": [2, -0.2, -6]
						},
						"4.75": {
							"vector": [2, 0, -6]
						},
						"4.7917": {
							"vector": [2, -0.2, -6]
						},
						"4.8333": {
							"vector": [2, 0, -6]
						},
						"4.875": {
							"vector": [2, -0.2, -6]
						},
						"4.9167": {
							"vector": [2, 0, -6]
						},
						"4.9583": {
							"vector": [2, -0.2, -6]
						},
						"5.0": {
							"vector": [2, 0, -6]
						},
						"5.0833": {
							"vector": [-3, 3, -2]
						},
						"6.0": {
							"vector": [-3, 3, -2]
						},
						"6.125": {
							"vector": [-3, -1, 2],
							"easing": "linear"
						}
					}
				},
				"left_arm": {
					"rotation": {
						"0.0": {
							"vector": [0, -40, 0]
						},