{
	"format_version": "1.8.0",
	"animations": {
		"slidingfist": {
			"animation_length": 1.5833,
			"bones": {
				"body": {
					"rotation": {
						"0.0": {
							"vector": [27.5, 10, 0]
						},
						"0.0833": {
							"vector": [14.78432, 2.75122, -1.93821]
						},
						"0.1667": {
							"vector": [-2.71568, 2.75122, -1.93821]
						},
						"0.25": {
							"vector": [-13.01457, 12.50145, -4.18194]
						},
						"0.4167": {
							"vector": [-22.02274, 24.15714, -8.95046]
						},
						"0.5": {
							"vector": [3.72676, 39.05787, 0.04318]
						},
						"0.5833": {
							"vector": [13.72676, 39.05787, 0.04318]
						},
						"1.0": {
							"vector": [20.48069, 58.22273, 8.90852]
						},
						"1.1667": {
							"vector": [22.01212, 60.55306, 10.68753]
						},
						"1.25": {
							"vector": [26.9597, 66.01938, 16.21914]
						},
						"1.3333": {
							"vector": [23.51813, -46.83254, -2.4764]
						},
						"1.4167": {
							"vector": [30.9871, -57.97775, -11.85062]
						},
						"1.5": {
							"vector": [46.3647, -67.83977, -29.0335]
						},
						"1.5833": {
							"vector": [63.32055, -72.21029, -47.04449]
						}
					},
					"position": {
						"0.0": {
							"vector": [0.32073, -3.54804, 1.81893]
						},
						"0.0833": {
							"vector": [-0.46281, -1.3872, -2.61954]
						},
						"0.1667": {
							"vector": [-0.78413, 2.78645, -6.4216]
						},
						"0.25": {
							"vector": [-0.88905, 2.60964, -8.81491]
						},
						"0.4167": {
							"vector": [-0.84513, 0.65945, -9.24972]
						},
						"0.5": {
							"vector": [-0.78567, -0.93667, -9.16924]
						},
						"0.5833": {
							"vector": [-0.46267, -3.07741, -8.76463]
						},
						"0.75": {
							"vector": [-0.5105, -3.26146, -5.99559]
						},
						"1.0": {
							"vector": [-0.50096, -2.81158, 2.45723]
						},
						"1.1667": {
							"vector": [-0.93497, -1.5014, 2.65587]
						},
						"1.25": {
							"vector": [-0.69232, -0.60139, 1.77909]
						},
						"1.3333": {
							"vector": [1.3419, -2.25085, -7.461]
						},
						"1.4167": {
							"vector": [1.82432, -3.46723, -11.1551]
						},
						"1.5": {
							"vector": [2.63708, -3.82461, -11.61457]
						},
						"1.5833": {
							"vector": [2.56363, -3.28295, -9.85337]
						}
					}
				},
				"head": {
					"rotation": {
						"0.0": {
							"vector": [35, 0, 0]
						},
						"0.125": {
							"vector": [0, 0, 0]
						},
						"0.2917": {
							"vector": [-7.5, 0, 0]
						},
						"0.4583": {
							"vector": [7.5, 0, 0]
						},
						"0.625": {
							"vector": [25, 0, 0]
						},
						"0.7917": {
							"vector": [25.18292, 6.64149, 3.11282]
						},
						"1.0833": {
							"vector": [32.38477, -37.89674, -21.28484]
						},
						"1.2917": {
							"vector": [26.0791, -15.96578, -7.66745]
						},
						"1.375": {
							"vector": [34.53157, 41.78887, 24.63322]
						}
					}
				},
				"right_arm": {
					"rotation": {
						"0.0": {
							"vector": [-103.76772, -56.7385, 11.57881]
						},
						"0.1667": {
							"vector": [-248.94698, 68.69404, -160.27126]
						},
						"0.3333": {
							"vector": [-287.07286, 54.30595, -169.44065]
						},
						"0.5417": {
							"vector": [-388.95591, 78.7104, -274.86791]
						},
						"0.75": {
							"vector": [-431.66196, -6.07227, -336.19894]
						},
						"0.875": {
							"vector": [-427.06098, -36.61026, -348.35615]
						},
						"1.0417": {
							"vector": [-461.91794, -12.24835, -354.598]
						},
						"1.2083": {
							"vector": [-465.54055, 31.71568, -365.73391]
						},
						"1.2917": {
							"vector": [-464.8056, 26.88967, -364.23365]
						},
						"1.3333": {
							"vector": [-468.3692, 43.68001, -370.33296]
						},
						"1.5417": {
							"vector": [-441.47792, 17.75533, -362.49019]
						}
					},
					"position": {
						"0.0": {
							"vector": [0, 0.65263, -4.95722]
						},
						"0.1667": {
							"vector": [-0.42494, -0.34251, 2.57886]
						},
						"0.5417": {
							"vector": [-0.33694, -1.31531, -2.32325]
						},
						"0.75": {
							"vector": [-0.4453, -2.30516, -5.15167]
						},
						"0.875": {
							"vector": [-0.4851, -2.63839, -6.09389]
						},
						"1.0417": {
							"vector": [-2.07267, -3.94236, 0.60321]
						},
						"1.2083": {
							"vector": [1.36253, -5.49278, 6.49972]
						},
						"1.2917": {
							"vector": [1.49166, -2.57192, 7.18373]
						},
						"1.3333": {
							"vector": [-3.54329, -0.07779, -2.48721]
						}
					}
				},
				"left_arm": {
					"rotation": {
						"0.0": {
							"vector": [-96.76733, 42.30053, -4.56615]
						},
						"0.1667": {
							"vector": [-251.32319, -74.20678, 161.98187]
						},
						"0.3333": {
							"vector": [-270.31746, -74.20678, 161.98187]
						},
						"0.5": {
							"vector": [-292.96841, -74.20678, 161.98187]
						},
						"0.6667": {
							"vector": [-437.14327, -61.49084, 308.45421]
						},
						"0.875": {
							"vector": [-407.07645, -49.56432, 311.78108]
						},
						"1.0417": {
							"vector": [-416.97859, -32.64116, 327.44501]
						},
						"1.25": {
							"vector": [-422.66031, 2.32974, 347.96771]
						},
						"1.3333": {
							"vector": [-411.2894, -42.79727, 318.19482]
						},
						"1.5": {
							"vector": [-395.76274, -54.75848, 298.08593]
						}
					},
					"position": {
						"0.0": {
							"vector": [-2.70236, 0.25703, -2.93789]
						},
						"0.1667": {
							"vector": [-1.05888, -0.27877, 3.21823]
						},
						"0.5": {
							"vector": [1.45554, 1.3024, -0.12187]
						},
						"0.6667": {
							"vector": [0.56952, 0.17867, -2.75622]
						},
						"0.875": {
							"vector": [1.22232, -2.45105, -1.47468]
						},
						"1.25": {
							"vector": [0.93397, -1.63362, -4.1629]
						},
						"1.3333": {
							"vector": [-3.13432, -1.25472, 4.88672]
						},
						"1.5": {
							"vector": [2.4782, -1.08766, 2.76355]
						}
					}
				},
				"right_leg": {
					"rotation": {
						"0.0": {
							"vector": [-26.39218, 18.05776, -8.74472]
						},
						"0.125": {
							"vector": [21.95768, 13.70755, 3.44438]
						},
						"0.2917": {
							"vector": [45.80895, 6.84377, 17.00921]
						},
						"0.5": {
							"vector": [51.86732, 25.16765, 38.46666]
						},
						"0.5833": {
							"vector": [-8.68281, 24.6336, 2.53263]
						},
						"1.25": {
							"vector": [-7.53847, 24.98639, 5.25932]
						},
						"1.3333": {
							"vector": [-32.53847, 24.98639, 5.25932]
						}
					},
					"position": {
						"0.0": {
							"vector": [-2.39414, 6.40515, -4.27108]
						},
						"0.125": {
							"vector": [-1.85363, -1.60993, -0.09951]
						},
						"0.2917": {
							"vector": [-1.54257, 0.26693, 0.69579]
						},
						"0.5": {
							"vector": [-2.23491, -0.18252, 0.14113]
						},
						"0.5833": {
							"vector": [-3.2318, 2.29666, -2.28127]
						},
						"1.25": {
							"vector": [-3.44309, 0.33041, -2.55445]
						},
						"1.3333": {
							"vector": [-2.83297, 1.96731, -1.57495]
						}
					}
				},
				"left_leg": {
					"rotation": {
						"0.0": {
							"vector": [-30.86748, -12.95254, 7.63074]
						},
						"0.125": {
							"vector": [14.13252, -12.95254, 7.63074]
						},
						"0.2917": {
							"vector": [36.56147, -15.91188, 3.24115]
						},
						"0.375": {
							"vector": [69.06147, -15.91188, 3.24115]
						},
						"0.5": {
							"vector": [39.06147, -15.91188, 3.24115]
						},
						"0.5833": {
							"vector": [-13.43853, -15.91188, 3.24115]
						},
						"1.25": {
							"vector": [-8.80743, -18.82401, -12.18271]
						},
						"1.3333": {
							"vector": [16.86203, -20.7053, -36.02892]
						},
						"1.5417": {
							"vector": [56.86203, -20.7053, -36.02892]
						}
					},
					"position": {
						"0.0": {
							"vector": [2.89778, 5.4778, -3.82757]
						},
						"0.125": {
							"vector": [1.06987, -1.6093, -0.03626]
						},
						"0.2917": {
							"vector": [0.88438, -1.03679, 0.75811]
						},