{
	"format_version": "1.8.0",
	"animations": {
		"sobakick": {
			"animation_length": 10,
			"bones": {
				"body": {
					"rotation": {
						"0.0": {
							"vector": [15, 0, 0]
						},
						"0.0833": {
							"vector": [25, 0, 0]
						},
						"0.1667": {
							"vector": [22.5, 0, 0]
						},
						"0.2083": {
							"vector": [17.5, 0, 0]
						},
						"0.25": {
							"vector": [15, 0, 0]
						},
						"0.3333": {
							"vector": [25, 0, 0]
						},
						"0.4167": {
							"vector": [22.5, 0, 0]
						},
						"0.4583": {
							"vector": [17.5, 0, 0]
						},
						"0.5": {
							"vector": [15, 0, 0]
						},
						"0.5417": {
							"vector": [15, 0, 0]
						},
						"0.625": {
							"vector": [25, 0, 0]
						},
						"0.7083": {
							"vector": [22.5, 0, 0]
						},
						"0.75": {
							"vector": [17.5, 0, 0]
						},
						"0.7917": {
							"vector": [15, 0, 0]
						},
						"0.875": {
							"vector": [25, 0, 0]
						},
						"0.9583": {
							"vector": [22.5, 0, 0]
						},
						"1.0": {
							"vector": [17.5, 0, 0]
						},
						"1.0417": {
							"vector": [15, 0, 0]
						},
						"1.0833": {
							"vector": [15, 0, 0]
						},
						"1.1667": {
							"vector": [25, 0, 0]
						},
						"1.25": {
							"vector": [22.5, 0, 0]
						},
						"1.2917": {
							"vector": [17.5, 0, 0]
						},
						"1.3333": {
							"vector": [12.5, 0, 0]
						},
						"1.4167": {
							"vector": [-15, 0, 0]
						},
						"1.625": {
							"vector": [-37.5, 0, 0]
						},
						"1.8333": {
							"vector": [-52.5, 0, 0]
						},
						"2.25": {
							"vector": [-102.5, 0, 0]
						},
						"2.2917": {
							"vector": [-120, 0, 0]
						},
						"2.3333": {
							"vector": [-165, 0, 0]
						},
						"2.375": {
							"vector": [-186.0963, -34.84748, 3.49226]
						},
						"2.4167": {
							"vector": [-260.67138, -43.27466, 34.03315]
						},
						"2.4583": {
							"vector": [-334.0957, 2.58165, 62.46009]
						},
						"2.5": {
							"vector": [-388.395, 46.58803, 41.91365]
						},
						"2.5417": {
							"vector": [-435.86456, 34.6832, -14.42614]
						},
						"2.625": {
							"vector": [-420.86456, 34.6832, -14.42614]
						},
						"2.75": {
							"vector": [-398.36456, 34.6832, -14.42614]
						},
						"2.875": {
							"vector": [-385.49619, 20.41515, -2.93916]
						},
						"3.25": {
							"vector": [-342.99619, 20.41515, -2.93916]
						},
						"3.2917": {
							"vector": [-381.02468, 5.15457, 5.87454]
						}
					},
					"position": {
						"0.0": {
							"vector": [0, -1, 0]
						},
						"0.0833": {
							"vector": [0, 3, -2]
						},
						"0.1667": {
							"vector": [0, 2, -2]
						},
						"0.2083": {
							"vector": [0, 1, -1]
						},
						"0.25": {
							"vector": [0, -1, 0]
						},
						"0.3333": {
							"vector": [0, 3, -2]
						},
						"0.4167": {
							"vector": [0, 2, -2]
						},
						"0.4583": {
							"vector": [0, 1, -1]
						},
						"0.5": {
							"vector": [0, -1, 0]
						},
						"0.5417": {
							"vector": [0, -1, 0]
						},
						"0.625": {
							"vector": [0, 3, -2]
						},
						"0.7083": {
							"vector": [0, 2, -2]
						},
						"0.75": {
							"vector": [0, 1, -1]
						},
						"0.7917": {
							"vector": [0, -1, 0]
						},
						"0.875": {
							"vector": [0, 3, -2]
						},
						"0.9583": {
							"vector": [0, 2, -2]
						},
						"1.0": {
							"vector": [0, 1, -1]
						},
						"1.0417": {
							"vector": [0, -1, 0]
						},
						"1.0833": {
							"vector": [0, -1, 0]
						},
						"1.1667": {
							"vector": [0, 3, -2]
						},
						"1.25": {
							"vector": [0, 2, -2]
						},
						"1.2917": {
							"vector": [0, 1, -1]
						},
						"1.3333": {
							"vector": [0, 4, -6]
						},
						"1.4167": {
							"vector": [0, 8, -12]
						},
						"1.625": {
							"vector": [0, 11, -10]
						},
						"1.8333": {
							"vector": [0, 11, -9]
						},
						"2.25": {
							"vector": [0, 11, -4]
						},
						"2.2917": {
							"vector": [0, 10, -2]
						},
						"2.3333": {
							"vector": [0, 5, 0]
						},
						"2.375": {
							"vector": [0, -4, 2]
						},
						"2.4167": {
							"vector": [0, -8, -1]
						},
						"2.4583": {
							"vector": [0, -8, -3]
						},
						"2.5": {
							"vector": [0, -6, -7]
						},
						"2.5417": {
							"vector": [0, -4, -8]
						},
						"2.625": {
							"vector": [0, -2, -7]
						},
						"2.75": {
							"vector": [0, -1, -4]
						},
						"2.875": {
							"vector": [0, 3, 4]
						},
						"3.0417": {
							"vector": [0, 7.67, 10.11]
						},
						"3.25": {
							"vector": [0, 10, 12]
						},
						"3.2917": {
							"vector": [0, -6, -4]
						},
						"10.0": {
							"vector": [0, -7, -5]
						}
					}
				},
				"torso": {
					"rotation": {
						"0.0": {
							"vector": [0, 40, 0]
						},
						"0.2083": {
							"vector": [0, 40, 0]
						},
						"0.25": {
							"vector": [0, -40, 0]
						},
						"0.5": {
							"vector": [0, -40, 0]
						},
						"0.5417": {
							"vector": [0, 40, 0]
						},
						"0.75": {
							"vector": [0, 40, 0]
						},
						"0.7917": {
							"vector": [0, -40, 0]
						},
						"1.0417": {
							"vector": [0, -40, 0]
						},
						"1.0833": {
							"vector": [0, 40, 0]
						},
						"1.2917": {
							"vector": [0, 40, 0]
						},
						"1.3333": {
							"vector": [0, -12.5, 0]
						}
					}
				},
				"head": {
					"rotation": {
						"0.0": {
							"vector": [-47.5, 0, 0]
						},
						"0.2083": {
							"vector": [-60, 0, 0]
						},
						"0.25": {
							"vector": [-47.5, 0, 0]
						},
						"0.5": {
							"vector": [-60, 0, 0]
						},
						"0.5417": {
							"vector": [-47.5, 0, 0]
						},
						"0.75": {
							"vector": [-60, 0, 0]
						},
						"0.7917": {
							"vector": [-47.5, 0, 0]
						},
						"1.0417": {
							"vector": [-60, 0, 0]
						},
						"1.0833": {
							"vector": [-47.5, 0, 0]
						},
						"1.2917": {
							"vector": [-60, 0, 0]
						},
						"2.0": {
							"vector": [-70, 0, 0]
						},
						"2.25": {
							"vector": [-80, 0, 0]
						},
						"2.75": {
							"vector": [51.1, 0, 0]
						},
						"3.2917": {
							"vector": [52.5, 0, 0]
						}
					}
				},
				"right_arm": {
					"rotation": {
						"0.0": {
							"vector": [40.76588, 15.74419, -12.49325]
						},
						"0.2083": {
							"vector": [17.07086, 18.97074, -16.49584]
						},
						"0.25": {
							"vector": [-156.37171, 2.53426, 29.08699]
						},
						"0.5": {
							"vector": [-163.87171, 2.53426, 29.08699]
						},
						"0.5417": {
							"vector": [40.76588, 15.74419, -12.49325]
						},
						"0.75": {
							"vector": [17.07086, 18.97074, -16.49584]
						},
						"0.7917": {
							"vector": [-156.37171, 2.53426, 29.08699]
						},
						"1.0417": {
							"vector": [-163.87171, 2.53426, 29.08699]
						},
						"1.0833": {
							"vector": [40.76588, 15.74419, -12.49325]
						},
						"1.2917": {
							"vector": [17.07086, 18.97074, -16.49584]
						},
						"1.3333": {
							"vector": [25.29482, 0.85655, 28.32348]
						},
						"2.0": {
							"vector": [45.29482, 0.85655, 28.32348]
						},
						"2.25": {
							"vector": [75.29482, 0.85655, 28.32348]
						},
						"2.75": {
							"vector": [-119.52694, 1.25684, 32.80244]
						},
						"3.0": {
							"vector": [-119.52694, 1.25684, 32.80244]
						},
						"3.2917": {
							"vector": [73.01484, -58.23195, 83.90296]
						}
					},
					"position": {
						"0.0": {
							"vector": [0, -2, 2]
						},
						"0.2083": {
							"vector": [0, -3, 2]
						},
						"0.25": {
							"vector": [0, 0, -5]
						},
						"0.5": {
							"vector": [0, -1, -5]
						},
						"0.5417": {
							"vector": [0, -2, 2]
						},
						"0.75": {
							"vector": [0, -3, 2]
						},
						"0.7917": {
							"vector": [0, 0, -5]
						},
						"1.0417": {
							"vector": [0, -1, -5]
						},
						"1.0833": {
							"vector": [0, -2, 2]
						},