{
	"format_version": "1.8.0",
	"animations": {
		"spincharge": {
			"animation_length": 3,
			"bones": {
				"body": {
					"rotation": {
						"0.0": {
							"vector": [40, 0, 0]
						},
						"1.0": {
							"vector": [48, 0, 0]
						},
						"1.125": {
							"vector": [63, 0, 0]
						},
						"3.0": {
							"vector": [68, 0, 0]
						}
					},
					"position": {
						"0.0": {
							"vector": [0, -2.45134, 2.05692]
						},
						"1.0": {
							"vector": [0, -4.97795, 4.1812]
						},
						"1.125": {
							"vector": [0, -0.71249, -4.19546]
						},
						"3.0": {
							"vector": [0, 0.51577, -6.60572]
						}
					}
				},
				"head": {
					"rotation": {
						"0.0": {
							"vector": [17.5, 0, 0]
						},
						"1.0": {
							"vector": [-17.5, 0, 0]
						},
						"1.125": {
							"vector": [-52.5, 0, 0]
						},
						"3.0": {
							"vector": [-46.5, 0, 0]
						}
					},
					"position": {
						"0.0": {
							"vector": [0, 0.47405, -0.51887]
						},
						"1.0": {
							"vector": [0, 1.14165, -1.27064]
						}
					}
				},
				"right_arm": {
					"rotation": {
						"0.0": {
							"vector": [0, 90, 90]
						},
						"0.0417": {
							"vector": [-90, 0, 0]
						},
						"0.0833": {
							"vector": [0, -90, -90]
						},
						"0.125": {
							"vector": [90, 0, -180]
						},
						"0.1667": {
							"vector": [0, 90, -270]
						},
						"0.2083": {
							"vector": [0, 90, 90]
						},
						"0.25": {
							"vector": [-90, 0, 0]
						},
						"0.2917": {
							"vector": [0, -90, -90]
						},
						"0.3333": {
							"vector": [90, 0, -180]
						},
						"0.375": {
							"vector": [0, 90, -270]
						},
						"0.4167": {
							"vector": [0, 90, 90]
						},
						"0.4583": {
							"vector": [-90, 0, 0]
						},
						"0.5": {
							"vector": [0, -90, -90]
						},
						"0.5417": {
							"vector": [90, 0, -180]
						},
						"0.5833": {
							"vector": [0, 90, -270]
						},
						"0.625": {
							"vector": [0, 90, 90]
						},
						"0.6667": {
							"vector": [-90, 0, 0]
						},
						"0.7083": {
							"vector": [0, -90, -90]
						},
						"0.75": {
							"vector": [90, 0, -180]
						},
						"0.7917": {
							"vector": [0, 90, -270]
						},
						"0.8333": {
							"vector": [0, 90, 90]
						},
						"0.875": {
							"vector": [-90, 0, 0]
						},
						"0.9167": {
							"vector": [0, -90, -90]
						},
						"0.9583": {
							"vector": [90, 0, -180]
						},
						"1.0": {
							"vector": [0, 90, -270]
						},
						"1.0417": {
							"vector": [0, 90, 90]
						},
						"1.0833": {
							"vector": [-90, 0, 0]
						},
						"1.125": {
							"vector": [0, -90, -90]
						},
						"1.1667": {
							"vector": [90, 0, -180]
						},
						"1.2083": {
							"vector": [0, 90, -270]
						},
						"1.25": {
							"vector": [0, 90, 90]
						},
						"1.2917": {
							"vector": [-90, 0, 0]
						},
						"1.3333": {
							"vector": [0, -90, -90]
						},
						"1.375": {
							"vector": [90, 0, -180]
						},
						"1.4167": {
							"vector": [0, 90, -270]
						},
						"1.4583": {
							"vector": [0, 90, 90]
						},
						"1.5": {
							"vector": [-90, 0, 0]
						},
						"1.5417": {
							"vector": [0, -90, -90]
						},
						"1.5833": {
							"vector": [90, 0, -180]
						},
						"1.625": {
							"vector": [0, 90, -270]
						},
						"1.6667": {
							"vector": [0, 90, 90]
						},
						"1.7083": {
							"vector": [-90, 0, 0]
						},
						"1.75": {
							"vector": [0, -90, -90]
						},
						"1.7917": {
							"vector": [90, 0, -180]
						},
						"1.8333": {
							"vector": [0, 90, -270]
						},
						"1.875": {
							"vector": [0, 90, 90]
						},
						"1.9167": {
							"vector": [-90, 0, 0]
						},
						"1.9583": {
							"vector": [0, -90, -90]
						},
						"2.0": {
							"vector": [90, 0, -180]
						},
						"2.0417": {
							"vector": [0, 90, -270]
						},
						"2.0833": {
							"vector": [0, 90, 90]
						},
						"2.125": {
							"vector": [-90, 0, 0]
						},
						"2.1667": {
							"vector": [0, -90, -90]
						},
						"2.2083": {
							"vector": [90, 0, -180]
						},
						"2.25": {
							"vector": [0, 90, -270]
						},
						"2.2917": {
							"vector": [0, 90, 90]
						},
						"2.3333": {
							"vector": [-90, 0, 0]
						},
						"2.375": {
							"vector": [0, -90, -90]
						},
						"2.4167": {
							"vector": [90, 0, -180]
						},
						"2.4583": {
							"vector": [0, 90, -270]
						},
						"2.5": {
							"vector": [0, 90, 90]
						},
						"2.5417": {
							"vector": [-90, 0, 0]
						},
						"2.5833": {
							"vector": [0, -90, -90]
						},
						"2.625": {
							"vector": [90, 0, -180]
						},
						"2.6667": {
							"vector": [0, 90, -270]
						},
						"2.7083": {
							"vector": [0, 90, 90]
						},
						"2.75": {
							"vector": [-90, 0, 0]
						},
						"2.7917": {
							"vector": [0, -90, -90]
						},
						"2.8333": {
							"vector": [90, 0, -180]
						},
						"2.875": {
							"vector": [0, 90, -270]
						},
						"2.9167": {
							"vector": [0, 90, 90]
						},
						"2.9583": {
							"vector": [-90, 0, 0]
						},
						"3.0": {
							"vector": [0, -90, -74]
						}
					},
					"position": {
						"0.0": {
							"vector": [-1, 0, -1]
						},
						"0.0417": {
							"vector": [6, 0, -4]
						},
						"0.0833": {
							"vector": [11, 0, 1]
						},
						"0.125": {
							"vector": [4, 0, 4]
						},
						"0.1667": {
							"vector": [-1, 0, -1]
						},
						"0.2083": {
							"vector": [-1, 0, -1]
						},
						"0.25": {
							"vector": [6, 0, -4]
						},
						"0.2917": {
							"vector": [11, 0, 1]
						},
						"0.3333": {
							"vector": [4, 0, 4]
						},
						"0.375": {
							"vector": [-1, 0, -1]
						},
						"0.4167": {
							"vector": [-1, 0, -1]
						},
						"0.4583": {
							"vector": [6, 0, -4]
						},
						"0.5": {
							"vector": [11, 0, 1]
						},
						"0.5417": {
							"vector": [4, 0, 4]
						},
						"0.5833": {
							"vector": [-1, 0, -1]
						},
						"0.625": {
							"vector": [-1, 0, -1]
						},
						"0.6667": {
							"vector": [6, 0, -4]
						},
						"0.7083": {
							"vector": [11, 0, 1]
						},
						"0.75": {
							"vector": [4, 0, 4]
						},
						"0.7917": {
							"vector": [-1, 0, -1]
						},
						"0.8333": {
							"vector": [-1, 0, -1]
						},
						"0.875": {
							"vector": [6, 0, -4]
						},
						"0.9167": {
							"vector": [11, 0, 1]
						},
						"0.9583": {
							"vector": [4, 0, 4]
						},
						"1.0": {
							"vector": [-1, 0, -1]
						},
						"1.0417": {
							"vector": [-1, 0, -1]
						},
						"1.0833": {
							"vector": [6, 0, -4]
						},
						"1.125": {
							"vector": [11, 0, 1]
						},
						"1.1667": {
							"vector": [4, 0, 4]
						},
						"1.2083": {
							"vector": [-1, 0, -1]
						},
						"1.25": {
							"vector": [-1, 0, -1]
						},
						"1.2917": {
							"vector": [6, 0, -4]
						},
						"1.3333": {
							"vector": [11, 0, 1]
						},
						"1.375": {
							"vector": [4, 0, 4]
						},
						"1.4167": {
							"vector": [-1, 0, -1]
						},
						"1.4583": {
							"vector": [-1, 0, -1]
						},
						"1.5": {
							"vector": [6, 0, -4]
						},
						"1.5417": {
							"vector": [11, 0, 1]
						},
						"1.5833": {
							"vector": [4, 0, 4]
						},
						"1.625": {
							"vector": [-1, 0, -1]
						},
						"1.6667": {
							"vector": [-1, 0, -1]
						},
						"1.7083": {
							"vector": [6, 0, -4]
						},
						"1.75": {
							"vector": [11, 0, 1]
						},
						"1.7917": {
							"vector": [4, 0, 4]
						},
						"1.8333": {
							"vector": [-1, 0, -1]
						},
						"1.875": {
							"vector": [-1, 0, -1]
						},
						"1.9167": {
							"vector": [6, 0, -4]
						},
						"1.9583": {
							"vector": [11, 0, 1]
						},
						"2.0": {
							"vector": [4, 0, 4]
						},
						"2.0417": {
							"vector": [-1, 0, -1]
						},