{
	"format_version": "1.8.0",
	"animations": {
		"spinthrow": {
			"animation_length": 2.5,
			"bones": {
				"body": {
					"rotation": {
						"0.0": {
							"vector": [5, 0, 0]
						},
						"0.125": {
							"vector": [-4, 0, 0]
						},
						"0.2083": {
							"vector": [-9, 0, 0]
						},
						"0.375": {
							"vector": [-14, 0, 0]
						},
						"0.5": {
							"vector": [9.5, 0, 0]
						},
						"0.75": {
							"vector": [6.5, 0, 0]
						},
						"1.875": {
							"vector": [3.5, 0, 0]
						},
						"2.0417": {
							"vector": [-5.84665, -44.63287, -6.45857]
						},
						"2.1667": {
							"vector": [-1.42238, -49.60434, -5.67361]
						},
						"2.375": {
							"vector": [0.79826, -47.10459, -5.61989]
						},
						"2.5": {
							"vector": [3.29826, -47.10459, -5.61989]
						}
					},
					"position": {
						"0.0": {
							"vector": [0, 0, 0.9]
						},
						"0.125": {
							"vector": [0, 0, 3.1]
						},
						"0.1667": {
							"vector": [0, 0, 2.34]
						},
						"0.2083": {
							"vector": [0, 0, 0.4]
						},
						"0.375": {
							"vector": [0, 0, -3.9]
						},
						"0.4167": {
							"vector": [0, 0, -5.55]
						},
						"0.5": {
							"vector": [0, 0, -4.5]
						},
						"0.75": {
							"vector": [0, 0, -2.9]
						},
						"1.875": {
							"vector": [0, 0.09056, -2.10514]
						}
					}
				},
				"head": {
					"rotation": {
						"0.0": {
							"vector": [0, 0, 0]
						},
						"0.125": {
							"vector": [12.5, 0, 0]
						},
						"0.2917": {
							"vector": [0, 0, 0]
						},
						"0.4583": {
							"vector": [-10, 0, 0]
						},
						"0.625": {
							"vector": [0, 0, 0]
						},
						"0.75": {
							"vector": [9, 0, 0]
						},
						"1.7083": {
							"vector": [21.5, 0, 0]
						},
						"1.9167": {
							"vector": [9, 0, 0]
						},
						"2.0417": {
							"vector": [9.71157, 21.85826, 3.64647]
						},
						"2.25": {
							"vector": [27.60058, 26.78383, 4.59012]
						},
						"2.5": {
							"vector": [20.10058, 26.78383, 4.59012]
						}
					}
				},
				"right_arm": {
					"rotation": {
						"0.0": {
							"vector": [-90, 62.5, 0]
						},
						"0.4167": {
							"vector": [-90, 67.5, 0]
						},
						"0.5833": {
							"vector": [-90, -20, 0]
						},
						"0.75": {
							"vector": [-90, -12.5, 0]
						},
						"0.8333": {
							"vector": [90, -80, -180]
						},
						"0.9167": {
							"vector": [90, 10, -180]
						},
						"1.0": {
							"vector": [-90, 75, -360]
						},
						"1.0833": {
							"vector": [-90, -20, -360]
						},
						"1.125": {
							"vector": [-90, -12.5, 0]
						},
						"1.2083": {
							"vector": [90, -80, -180]
						},
						"1.2917": {
							"vector": [90, 10, -180]
						},
						"1.375": {
							"vector": [-90, 75, -360]
						},
						"1.4583": {
							"vector": [-90, -20, -360]
						},
						"1.5": {
							"vector": [-90, -12.5, 0]
						},
						"1.5833": {
							"vector": [90, -80, -180]
						},
						"1.6667": {
							"vector": [90, 10, -180]
						},
						"1.75": {
							"vector": [-90, 75, -360]
						},
						"1.8333": {
							"vector": [-90, -20, -360]
						},
						"1.875": {
							"vector": [-90, -12.5, 0]
						},
						"2.0": {
							"vector": [-90, -60, 0]
						},
						"2.1667": {
							"vector": [-48.63036, -66.01597, -9.93514]
						},
						"2.4167": {
							"vector": [-41.16331, -66.01597, -9.93514]
						}
					},
					"position": {
						"0.0": {
							"vector": [0, 0, 7.1]
						},
						"0.4167": {
							"vector": [0, 0, 3.1]
						},
						"0.5833": {
							"vector": [0.93969, 0, -2.55798]
						},
						"0.75": {
							"vector": [1.15644, 0, -3.5363]
						},
						"0.8333": {
							"vector": [10.02327, 0, -1.97717]
						},
						"0.9167": {
							"vector": [8.80285, 0, 2.97162]
						},
						"1.0": {
							"vector": [-1.11808, 0, 1.34774]
						},
						"1.0833": {
							"vector": [0.93212, 0, -4.28816]
						},
						"1.125": {
							"vector": [1.15644, 0, -3.5363]
						},
						"1.2083": {
							"vector": [10.02327, 0, -1.97717]
						},
						"1.2917": {
							"vector": [8.80285, 0, 2.97162]
						},
						"1.375": {
							"vector": [-1.11808, 0, 1.34774]
						},
						"1.4583": {
							"vector": [0.93212, 0, -4.28816]
						},
						"1.5": {
							"vector": [1.15644, 0, -3.5363]
						},
						"1.5833": {
							"vector": [10.02327, 0, -1.97717]
						},
						"1.6667": {
							"vector": [8.80285, 0, 2.97162]
						},
						"1.75": {
							"vector": [-1.11808, 0, 1.34774]
						},
						"1.8333": {
							"vector": [0.93212, 0, -4.28816]
						},
						"1.875": {
							"vector": [1.15644, 0, -3.5363]
						},
						"2.0": {
							"vector": [6.00974, 0, -6.34]
						},
						"2.1667": {
							"vector": [7.67231, -0.84949, -6.12766]
						},
						"2.4167": {
							"vector": [3.51528, -2.09722, -4.21357]
						}
					}
				},
				"left_arm": {
					"rotation": {
						"0.0": {
							"vector": [-93.53329, -44.94549, 2.49762]
						},
						"0.4167": {
							"vector": [-94.10228, -52.42899, 3.25353]
						},
						"0.5833": {
							"vector": [-92.58807, 14.98539, -0.66963]
						},
						"0.75": {
							"vector": [-92.53852, 9.99038, -0.44067]
						},
						"0.8333": {
							"vector": [-99.57524, -74.79781, 9.24606]
						},
						"0.9167": {
							"vector": [-267.29431, -22.47741, 178.96491]
						},
						"1.0": {
							"vector": [-262.72519, 69.85071, 186.83392]
						},
						"1.0833": {
							"vector": [-92.56062, 12.48791, 359.44596]
						},
						"1.125": {
							"vector": [-92.53852, 9.99038, -0.44067]
						},
						"1.2083": {
							"vector": [-99.57524, -74.79781, 9.24606]
						},
						"1.2917": {
							"vector": [-267.29431, -22.47741, 178.96491]
						},
						"1.375": {
							"vector": [-262.72519, 69.85071, 186.83392]
						},
						"1.4583": {
							"vector": [-92.56062, 12.48791, 359.44596]
						},
						"1.5": {
							"vector": [-92.53852, 9.99038, -0.44067]
						},
						"1.5833": {
							"vector": [-99.57524, -74.79781, 9.24606]
						},
						"1.6667": {
							"vector": [-267.29431, -22.47741, 178.96491]
						},
						"1.75": {
							"vector": [-262.72519, 69.85071, 186.83392]
						},
						"1.8333": {
							"vector": [-92.56062, 12.48791, 359.44596]
						},
						"1.875": {
							"vector": [-92.53852, 9.99038, -0.44067]
						},
						"1.9583": {
							"vector": [-97.27481, -69.85071, 6.83392]
						},
						"2.125": {
							"vector": [-218.39128, -84.41125, 153.50045]
						},
						"2.2917": {
							"vector": [-198.84477, -84.41125, 153.50045]
						},
						"2.5": {
							"vector": [-193.84477, -84.41125, 153.50045]
						}
					},
					"position": {
						"0.0": {
							"vector": [0, 0, 7]
						},
						"0.4167": {
							"vector": [0, 0, 3]
						},
						"0.5833": {
							"vector": [-1.55291, 0.2528, -2.79004]
						},
						"0.75": {
							"vector": [-1.72365, 0.29296, -3.77387]
						},
						"0.8333": {
							"vector": [0.09173, -0.00493, 2.98505]
						},
						"0.9167": {
							"vector": [-7.14252, -0.03625, 3.82023]
						},
						"1.0": {
							"vector": [-11.41353, 0.21708, -2.0682]
						},
						"1.0833": {
							"vector": [-2.5314, 0.29767, -3.8489]
						},
						"1.125": {
							"vector": [-1.72365, 0.29296, -3.77387]
						},
						"1.2083": {
							"vector": [0.09173, -0.00493, 2.98505]
						},
						"1.2917": {
							"vector": [-7.14252, -0.03625, 3.82023]
						},
						"1.375": {
							"vector": [-11.41353, 0.21708, -2.0682]
						},
						"1.4583": {
							"vector": [-2.5314, 0.29767, -3.8489]
						},
						"1.5": {
							"vector": [-1.72365, 0.29296, -3.77387]
						},
						"1.5833": {
							"vector": [0.09173, -0.00493, 2.98505]
						},
						"1.6667": {
							"vector": [-7.14252, -0.03625, 3.82023]
						},
						"1.75": {
							"vector": [-11.41353, 0.21708, -2.0682]
						},
						"1.8333": {
							"vector": [-2.5314, 0.29767, -3.8489]
						},