{
	"format_version": "1.8.0",
	"animations": {
		"spinfan": {
			"animation_length": 1,
			"bones": {
				"body": {
					"rotation": {
						"0.0": {
							"vector": [-5, 0, 0]
						},
						"0.125": {
							"vector": [7.35417, 1.56023, 1.27917]
						},
						"0.25": {
							"vector": [10.35417, 1.56023, 1.27917]
						},
						"1.0": {
							"vector": [13.35417, 1.56023, 1.27917]
						}
					},
					"position": {
						"0.0": {
							"vector": [0, 0, 3.5]
						},
						"0.125": {
							"vector": [-0.08994, -0.8397, 0.88718]
						},
						"0.25": {
							"vector": [-0.10194, -0.89095, 0.49344]
						},
						"1.0": {
							"vector": [-0.11898, -1.02819, -0.09356]
						}
					}
				},
				"head": {
					"rotation": {
						"0.0": {
							"vector": [0, 0, 0]
						},
						"1.0": {
							"vector": [-12.5, 0, 0]
						}
					}
				},
				"right_arm": {
					"rotation": {
						"0.0": {
							"vector": [-94.78172, 62.56354, -3.26976]
						},
						"0.25": {
							"vector": [-94.4153, 60.07157, -2.85219]
						},
						"0.3333": {
							"vector": [-426.71656, 79.29268, -249.38959]
						},
						"0.4167": {
							"vector": [-408.24797, 74.95646, -138.41549]
						},
						"0.5": {
							"vector": [-457.57882, 79.95849, -96.87239]
						},
						"0.5833": {
							"vector": [-454.4153, 60.07157, -2.85219]
						},
						"0.625": {
							"vector": [-94.4153, 60.07157, -2.85219]
						},
						"0.7083": {
							"vector": [-426.71656, 79.29268, -249.38959]
						},
						"0.7917": {
							"vector": [-408.24797, 74.95646, -138.41549]
						},
						"0.875": {
							"vector": [-457.57882, 79.95849, -96.87239]
						},
						"0.9583": {
							"vector": [-454.4153, 60.07157, -2.85219]
						}
					},
					"position": {
						"0.0": {
							"vector": [0, 0, 0]
						},
						"0.25": {
							"vector": [2.29152, 0.21427, -6.58928]
						},
						"0.3333": {
							"vector": [5.27947, 0.33058, -6.81032]
						},
						"0.4167": {
							"vector": [7.2276, -0.61506, -7.37011]
						},
						"0.5": {
							"vector": [5.21649, -1.5842, -7.49685]
						},
						"0.5833": {
							"vector": [2.29152, 0.21427, -6.58928]
						},
						"0.625": {
							"vector": [2.29152, 0.21427, -6.58928]
						},
						"0.7083": {
							"vector": [5.27947, 0.33058, -6.81032]
						},
						"0.7917": {
							"vector": [7.2276, -0.61506, -7.37011]
						},
						"0.875": {
							"vector": [5.21649, -1.5842, -7.49685]
						},
						"0.9583": {
							"vector": [2.29152, 0.21427, -6.58928]
						}
					}
				},
				"left_arm": {
					"rotation": {
						"0.0": {
							"vector": [-101.69592, -64.53645, 10.58678]
						},
						"0.25": {
							"vector": [-98.17831, -52.21677, 6.48009]
						},
						"0.3333": {
							"vector": [-96.48293, -67.365, 96.20539]
						},
						"0.4167": {
							"vector": [-44.6573, -75.87704, 135.31534]
						},
						"0.5": {
							"vector": [89.83609, -80.00477, 89.94526]
						},
						"0.5833": {
							"vector": [261.82169, -52.21677, 6.48009]
						},
						"0.625": {
							"vector": [-98.17831, -52.21677, 6.48009]
						},
						"0.7083": {
							"vector": [-96.48293, -67.365, 96.20539]
						},
						"0.7917": {
							"vector": [-44.6573, -75.87704, 135.31534]
						},
						"0.875": {
							"vector": [89.83609, -80.00477, 89.94526]
						},
						"0.9583": {
							"vector": [261.82169, -52.21677, 6.48009]
						}
					},
					"position": {
						"0.0": {
							"vector": [0, 0, 0]
						},
						"0.25": {
							"vector": [-2.67462, 0.59013, -6.74523]
						},
						"0.3333": {
							"vector": [-4.65723, -3.48062, -7.44352]
						},
						"0.4167": {
							"vector": [-7.62589, -0.44628, -7.43381]
						},
						"0.5": {
							"vector": [-4.64143, 2.51576, -6.90781]
						},
						"0.5833": {
							"vector": [-2.67462, 0.59013, -6.74523]
						},
						"0.625": {
							"vector": [-2.67462, 0.59013, -6.74523]
						},
						"0.7083": {
							"vector": [-4.65723, -3.48062, -7.44352]
						},
						"0.7917": {
							"vector": [-7.62589, -0.44628, -7.43381]
						},
						"0.875": {
							"vector": [-4.64143, 2.51576, -6.90781]
						},
						"0.9583": {
							"vector": [-2.67462, 0.59013, -6.74523]
						}
					}
				}
			}
		}
	}
}