{
	"format_version": "1.8.0",
	"animations": {
		"stamp": {
			"animation_length": 1.5,
			"bones": {
				"torso": {
					"rotation": {
						"0.0": {
							"vector": [-1.66536, -17.09754, -0.55837]
						},
						"0.25": {
							"vector": [-9.99869, -17.09754, -0.55837]
						},
						"0.75": {
							"vector": [-14.16536, -17.09754, -0.55837]
						},
						"0.875": {
							"vector": [15.83464, -17.09754, -0.55837]
						},
						"1.5": {
							"vector": [18.33464, -17.09754, -0.55837]
						}
					},
					"position": {
						"0.0": {
							"vector": [0, 0, 0]
						},
						"0.25": {
							"vector": [-0.47, 0.01, 1.51]
						},
						"0.75": {
							"vector": [-0.69896, 0.01209, 2.27185]
						},
						"0.875": {
							"vector": [0.86913, 0.58512, -2.84929]
						},
						"1.5": {
							"vector": [1.15213, 0.27817, -3.75728]
						}
					}
				},
				"head": {
					"rotation": {
						"0.0": {
							"vector": [12.5, 0, 0]
						},
						"0.25": {
							"vector": [7.5, 0, 0]
						},
						"0.75": {
							"vector": [5, 0, 0]
						},
						"0.875": {
							"vector": [30, 0, 0]
						},
						"1.5": {
							"vector": [40, 0, 0]
						}
					},
					"position": {
						"0.0": {
							"vector": [0, 0, 0]
						},
						"0.25": {
							"vector": [-0.67, 0.17, 1.99]
						},
						"0.75": {
							"vector": [-1, 0.26147, 2.98858]
						},
						"0.875": {
							"vector": [0, 0.73326, -3.07432]
						}
					}
				},
				"right_arm": {
					"rotation": {
						"0.0": {
							"vector": [-0.54143, -2.4407, 12.51153]
						},
						"0.75": {
							"vector": [-88.04143, -2.4407, 12.51153]
						},
						"0.875": {
							"vector": [44.45857, -2.4407, 12.51153]
						},
						"1.5": {
							"vector": [59.45857, -2.4407, 12.51153]
						}
					},
					"position": {
						"0.0": {
							"vector": [0.04362, 0, -0.99905]
						},
						"0.25": {
							"vector": [-0.78, -0.33, 0.37]
						},
						"0.75": {
							"vector": [-2.34343, -5.2883, 3.22967]
						},
						"0.875": {
							"vector": [0.10532, 0.01632, -2.32548]
						}
					}
				},
				"left_arm": {
					"rotation": {
						"0.0": {
							"vector": [0, -7.5, -7.5]
						},
						"0.75": {
							"vector": [-100, -7.5, -7.5]
						},
						"0.875": {
							"vector": [52.5, -7.5, -7.5]
						},
						"1.5": {
							"vector": [65, -7.5, -7.5]
						}
					},
					"position": {
						"0.0": {
							"vector": [-0.12941, -0.01704, 0.99144]
						},
						"0.25": {
							"vector": [-0.27, -0.4, 2.42]
						},
						"0.75": {
							"vector": [0.20576, -5.84072, 4.23243]
						},
						"0.875": {
							"vector": [-0.15133, 1.42514, -0.25187]
						}
					}
				},
				"right_leg": {
					"position": {
						"vector": [0, -10633, 0]
					}
				},
				"left_leg": {
					"rotation": {
						"0.0": {
							"vector": [0, -17.5, 0]
						},
						"0.25": {
							"vector": [0, -25.83333, 0]
						},
						"0.75": {
							"vector": [0, -30, 0]
						},
						"1.5": {
							"vector": [0, -35, 0]
						}
					},
					"position": {
						"0.0": {
							"vector": [0, 0, 0]
						},
						"0.25": {
							"vector": [0, 0, 0]
						},
						"0.75": {
							"vector": [0, 0, 0]
						}
					}
				}
			}
		}
	}
}