{
	"format_version": "1.8.0",
	"animations": {
		"sterban": {
			"animation_length": 4,
			"bones": {
				"body": {
					"rotation": {
						"0.0": {
							"vector": [5, 22.5, 0]
						},
						"0.0833": {
							"vector": [1.32879, -28.24893, -2.58878]
						},
						"0.25": {
							"vector": [-6.48684, -39.76716, -5.77236]
						},
						"0.375": {
							"vector": [-7.02132, -44.73255, -4.9782]
						},
						"0.9167": {
							"vector": [-7.70015, -49.64849, -2.8104]
						},
						"1.6667": {
							"vector": [-7.5522, -48.62965, -1.38182]
						},
						"3.5": {
							"vector": [-6.99702, -44.69942, -1.46009]
						},
						"3.5833": {
							"vector": [-6.25926, 37.42098, -10.2072]
						},
						"3.75": {
							"vector": [-1.23286, 52.595, -6.82622]
						},
						"4.0": {
							"vector": [7.02597, 37.86261, -0.748]
						}
					}
				},
				"head": {
					"rotation": {
						"0.0": {
							"vector": [37.5, -17.5, 0]
						},
						"0.1667": {
							"vector": [39.12609, 12.92416, 23.28209]
						},
						"0.6667": {
							"vector": [40.48206, 29.91836, 16.99358]
						},
						"3.5": {
							"vector": [45.48206, 29.91836, 16.99358]
						}
					}
				},
				"right_arm": {
					"rotation": {
						"0.0": {
							"vector": [82.32005, -12.39135, 1.6575]
						},
						"0.0417": {
							"vector": [9.82005, -12.39135, 1.6575]
						},
						"2.0": {
							"vector": [5000, 42.61152, 14.52515]
						},
						"2.0417": {
							"vector": [0, 0, 90]
						},
						"3.4583": {
							"vector": [2587.5, 0, 90]
						},
						"3.7083": {
							"vector": [2579.63881, 40.78947, 69.05898]
						},
						"4.0": {
							"vector": [2505.89919, 47.27358, 9.1266]
						}
					},
					"position": {
						"0.0": {
							"vector": [0, 1, 3]
						},
						"0.0417": {
							"vector": [0, -3, 0]
						},
						"0.3333": {
							"vector": [-39.37461, -7.16297, -43.42282]
						},
						"0.875": {
							"vector": [-44.95448, -7.86249, -49.10507]
						},
						"1.75": {
							"vector": [-49.21025, -7.0249, -46.43551]
						},
						"2.0": {
							"vector": [-52.00224, -7.37124, -49.28254]
						},
						"2.125": {
							"vector": [-44.5945, -1.22859, -15.09752]
						},
						"2.2083": {
							"vector": [-21.65465, 3.57453, 18.06453]
						},
						"2.25": {
							"vector": [5.70376, 4.54309, 33.2858]
						},
						"2.3333": {
							"vector": [43.22917, -0.88458, 19.61026]
						},
						"2.4167": {
							"vector": [44.98556, -7.51422, -13.66018]
						},
						"2.5": {
							"vector": [5.69733, -8.61391, -34.02829]
						},
						"2.5417": {
							"vector": [-23.53568, -3.56282, -19.14499]
						},
						"2.625": {
							"vector": [-25.86486, 2.49163, 10.93423]
						},
						"2.7083": {
							"vector": [-2.43276, 5.18256, 33.47624]
						},
						"2.7917": {
							"vector": [34.65639, 1.00582, 26.02406]
						},
						"2.875": {
							"vector": [47.02801, -5.65665, -3.40477]
						},
						"2.9583": {
							"vector": [19.80675, -9.31673, -32.30736]
						},
						"3.0417": {
							"vector": [0.6794, -8.42811, -34.94634]
						},
						"3.25": {
							"vector": [-22.69687, -3.13345, -16.66265]
						},
						"3.375": {
							"vector": [-16.60436, 1.20142, 7.77526]
						},
						"3.5417": {
							"vector": [0.55569, 0.36215, -0.52545]
						},
						"3.7083": {
							"vector": [-2.64075, 1.06711, 1.97104]
						},
						"4.0": {
							"vector": [-1.29646, -1.3572, 0.82825]
						}
					}
				},
				"left_arm": {
					"rotation": {
						"0.0": {
							"vector": [-35.96065, -37.42655, -39.95281]
						},
						"0.2083": {
							"vector": [27.82394, -37.42655, -39.95281]
						},
						"3.5": {
							"vector": [23.15797, -42.3428, -24.94352]
						},
						"3.5417": {
							"vector": [48.15797, -42.3428, -24.94352]
						},
						"3.75": {
							"vector": [-12.51501, 20.09644, -21.96093]
						},
						"3.9167": {
							"vector": [-20.01501, 20.09644, -21.96093]
						}
					},
					"position": {
						"0.0": {
							"vector": [0, 0, 0]
						},
						"0.4583": {
							"vector": [0, -2, 2]
						},
						"3.5": {
							"vector": [0, -2.5, 2]
						},
						"3.75": {
							"vector": [0, -2.5, -1]
						},
						"3.9167": {
							"vector": [0, -1.5, -1]
						}
					}
				}
			}
		}
	}
}