{
	"format_version": "1.8.0",
	"animations": {
		"strongestslash": {
			"animation_length": 3,
			"bones": {
				"body": {
					"rotation": {
						"0.0": {
							"vector": [7.5, 0, 0]
						},
						"0.1667": {
							"vector": [5.77, 0, 0]
						},
						"0.6667": {
							"vector": [-8.06, 0, 0]
						},
						"0.8333": {
							"vector": [-10.56, 0, 0]
						},
						"1.1667": {
							"vector": [-8.06, 0, 0]
						},
						"2.0": {
							"vector": [-6.06, 0, 0]
						},
						"2.0833": {
							"vector": [43.94504, -31.13855, -26.49208]
						},
						"2.2083": {
							"vector": [46.66234, -34.76406, -30.91107]
						},
						"2.5": {
							"vector": [45.79654, -32.374, -27.96309]
						},
						"3.0": {
							"vector": [47.58764, -32.84325, -28.64838]
						}
					},
					"position": {
						"0.0": {
							"vector": [0, 0, -3]
						},
						"0.125": {
							"vector": [0, 0.51, -1.54]
						},
						"0.2917": {
							"vector": [0, 0.08, 0.08]
						},
						"0.5": {
							"vector": [0, -0.78, 0.88]
						},
						"0.6667": {
							"vector": [0, -1.36, 0.98]
						},
						"0.75": {
							"vector": [0, -1, 1]
						},
						"1.1667": {
							"vector": [0, -0.6, 1]
						},
						"2.0": {
							"vector": [0, -0.6, 0.5]
						}
					}
				},
				"head": {
					"rotation": {
						"0.0": {
							"vector": [0, 0, 0]
						},
						"2.0": {
							"vector": [44.40951, -4.94878, 7.58699]
						},
						"2.0833": {
							"vector": [-22.5, 42.5, 0]
						},
						"3.0": {
							"vector": [-17.5, 42.5, 0]
						}
					}
				},
				"right_arm": {
					"rotation": {
						"0.0": {
							"vector": [-30.90686, -10.58927, -17.06488]
						},
						"1.0": {
							"vector": [-187.23566, 9.52834, 18.65397]
						},
						"2.0": {
							"vector": [-202.23566, 9.52834, 18.65397]
						},
						"2.0833": {
							"vector": [-33.52168, -13.55592, -14.25962]
						},
						"2.2917": {
							"vector": [-8.64073, -13.55592, -14.25962]
						},
						"2.5833": {
							"vector": [-19.08953, -13.55592, -14.25962]
						},
						"3.0": {
							"vector": [-21.02168, -13.55592, -14.25962]
						}
					},
					"position": {
						"0.0": {
							"vector": [2, -2, -2]
						},
						"1.0": {
							"vector": [1.62016, 5.04781, -1.57094]
						},
						"2.0": {
							"vector": [1.66828, 4.23491, 0.25573]
						},
						"2.0833": {
							"vector": [2.10125, -1.68165, -3.96686]
						}
					}
				},
				"left_arm": {
					"rotation": {
						"0.0": {
							"vector": [-33.25563, 12.70001, 15.57939]
						},
						"1.0": {
							"vector": [-180.10579, -0.77634, -22.96749]
						},
						"2.0": {
							"vector": [-195.10579, -0.77634, -22.96749]
						},
						"2.0833": {
							"vector": [-35.74884, 19.55246, 2.88812]
						},
						"2.2917": {
							"vector": [-11.34408, 19.55246, 2.88812]
						},
						"2.5833": {
							"vector": [-20.02626, 19.55246, 2.88812]
						},
						"3.0": {
							"vector": [-25.74884, 19.55246, 2.88812]
						}
					},
					"position": {
						"0.0": {
							"vector": [-1, -2.29813, -1.92836]
						},
						"1.0": {
							"vector": [-0.71051, 4.98738, -0.49705]
						},
						"2.0": {
							"vector": [-0.15073, 3.61237, 1.17014]
						},
						"2.0833": {
							"vector": [-1.80319, -1.99492, -2.68381]
						}
					}
				},
				"right_leg": {
					"rotation": {
						"0.0": {
							"vector": [0, 0, 0]
						},
						"0.2917": {
							"vector": [-17.5, 0, 0]
						},
						"0.5417": {
							"vector": [5, 0, 0]
						},
						"0.75": {
							"vector": [18.54728, -5.12394, 16.56733]
						},
						"2.0": {
							"vector": [17.54728, -5.12394, 16.56733]
						},
						"2.0833": {
							"vector": [-7.85589, 50.01618, 28.9553]
						},
						"3.0": {
							"vector": [-12.85589, 50.01618, 28.9553]
						}
					},
					"position": {
						"0.0": {
							"vector": [0, 0, 0]
						},
						"0.5417": {
							"vector": [0, 2.74681, -3.23343]
						},
						"0.75": {
							"vector": [0, -0.66675, -0.92223]
						},
						"2.0": {
							"vector": [-0.02977, -0.76062, -0.88997]
						}
					}
				},
				"left_leg": {
					"rotation": {
						"0.0": {
							"vector": [0, 0, 0]
						},
						"0.3333": {
							"vector": [-12.5, 0, 0]
						},
						"0.625": {
							"vector": [-7.5, 0, 0]
						},
						"1.0833": {
							"vector": [22.5, 0, 0]
						},
						"1.25": {
							"vector": [22.01816, 4.75113, -11.57518]
						},
						"2.0": {
							"vector": [20.01816, 4.75113, -11.57518]
						},
						"2.0833": {
							"vector": [5.76517, 3.8091, -1.59162]
						},
						"3.0": {
							"vector": [3.26517, 3.8091, -1.59162]
						}
					},
					"position": {
						"0.0": {
							"vector": [0, 0, 0]
						},
						"0.9167": {
							"vector": [0, 0.06526, -0.49572]
						},
						"1.0833": {
							"vector": [0, 0.92592, -2.40457]
						},
						"1.25": {
							"vector": [0.49781, -0.83841, -0.80159]
						},
						"2.0": {
							"vector": [0.54326, -1.02296, -0.73177]
						},
						"2.0833": {
							"vector": [0.41344, -1.2245, -2.71549]
						}
					}
				}
			}
		}
	}
}