{
	"format_version": "1.8.0",
	"animations": {
		"sulongtransform": {
			"animation_length": 1,
			"bones": {
				"body": {
					"rotation": {
						"0.0": {
							"vector": [37.5, 0, 0]
						},
						"0.25": {
							"vector": [40, 0, 0]
						},
						"0.375": {
							"vector": [40, 0, 0]
						},
						"0.5": {
							"vector": [-42.5, 0, 0]
						},
						"0.9583": {
							"vector": [-50, 0, 0]
						}
					},
					"position": {
						"0.0": {
							"vector": [0, 0, 0]
						},
						"0.25": {
							"vector": [0, 0, 0]
						},
						"0.5": {
							"vector": [0, -2, 0]
						}
					}
				},
				"torso": {
					"rotation": {
						"0.0": {
							"vector": [7.5, 0, 0]
						},
						"0.25": {
							"vector": [5, 0, 0]
						},
						"0.375": {
							"vector": [5, 0, 0]
						}
					},
					"position": {
						"vector": [0, -1, -3]
					}
				},
				"head": {
					"rotation": {
						"0.0": {
							"vector": [35, 0, 0]
						},
						"0.25": {
							"vector": [42.5, 0, 0]
						},
						"0.5": {
							"vector": [-10, 0, 0]
						},
						"0.9583": {
							"vector": [-17.5, 0, 0]
						}
					},
					"position": {
						"vector": [0, 0, -2]
					}
				},
				"right_arm": {
					"rotation": {
						"0.0": {
							"vector": [-6.61955, -9.96156, -5.07673]
						},
						"0.25": {
							"vector": [-11.61955, -9.96156, -5.07673]
						},
						"0.5": {
							"vector": [3.64436, -1.54553, 42.17091]
						},
						"0.9583": {
							"vector": [11.14436, -1.54553, 42.17091]
						}
					},
					"position": {
						"0.0": {
							"vector": [0, -1, -4]
						},
						"0.5": {
							"vector": [0, -1.75, -2.5]
						}
					}
				},
				"left_arm": {
					"rotation": {
						"0.0": {
							"vector": [-15.50187, 19.03996, 23.24593]
						},
						"0.25": {
							"vector": [-25.50187, 19.03996, 23.24593]
						},
						"0.5": {
							"vector": [-26.23376, -17.97998, -43.18496]
						},
						"0.9583": {
							"vector": [-8.73376, -17.97998, -43.18496]
						}
					},
					"position": {
						"vector": [0, -1, -3]
					}
				},
				"right_leg": {
					"rotation": {
						"0.0": {
							"vector": [15, 0, 0]
						},
						"0.25": {
							"vector": [10, 0, 0]
						},
						"0.375": {
							"vector": [10, 0, 0]
						},
						"0.5": {
							"vector": [47.25386, -5.29571, 5.31847]
						},
						"0.9583": {
							"vector": [52.25386, -5.29571, 5.31847]
						}
					},
					"position": {
						"0.0": {
							"vector": [0, -1, -4]
						},
						"0.5": {
							"vector": [0, -0.25, -2.5]
						}
					}
				},
				"left_leg": {
					"rotation": {
						"0.0": {
							"vector": [-40, 0, 0]
						},
						"0.25": {
							"vector": [-45.01343, 0.95743, -0.80378]
						},
						"0.5": {
							"vector": [49.97313, 1.91486, -1.60757]
						},
						"0.9583": {
							"vector": [52.47313, 1.91486, -1.60757]
						}
					},
					"position": {
						"0.0": {
							"vector": [0, 0, -2]
						},
						"0.25": {
							"vector": [0, 0, -2.25]
						},
						"0.375": {
							"vector": [0, 0, -2.25]
						}
					}
				}
			}
		}
	},
	"geckolib_format_version": 2
}