{
	"format_version": "1.8.0",
	"animations": {
		"swamp": {
			"animation_length": 2.75,
			"bones": {
				"body": {
					"rotation": {
						"0.0": {
							"vector": [2.5, 0, 0]
						},
						"0.0833": {
							"vector": [-7.5, 0, 0]
						},
						"0.1667": {
							"vector": [-25, 0, 0]
						},
						"0.25": {
							"vector": [-7.5, 0, 0]
						},
						"0.3333": {
							"vector": [12.5, 0, 0]
						},
						"0.4167": {
							"vector": [25, 0, 0]
						},
						"0.5": {
							"vector": [32.5, 0, 0]
						},
						"0.75": {
							"vector": [42.5, 0, 0]
						},
						"1.5": {
							"vector": [67.5, 0, 0]
						},
						"1.5833": {
							"vector": [17.5, 0, 0]
						},
						"1.6667": {
							"vector": [-20, 0, 0]
						},
						"1.75": {
							"vector": [-25.08377, 4.53051, -2.11751]
						},
						"1.8333": {
							"vector": [-15.24315, 9.35664, -3.43465]
						},
						"1.9167": {
							"vector": [14.27464, 29.16837, 15.86388]
						},
						"2.0": {
							"vector": [17.51765, 30.20316, 22.18666]
						},
						"2.125": {
							"vector": [17.02362, 19.91511, 21.53936]
						},
						"2.25": {
							"vector": [16.39128, 12.73076, 19.29412]
						},
						"2.3333": {
							"vector": [84.15218, -22.13815, -2.4872]
						},
						"2.4167": {
							"vector": [87.24259, -22.70184, -10.57854]
						},
						"2.5": {
							"vector": [85.17092, -22.37079, -5.17673]
						},
						"2.75": {
							"vector": [84.15218, -22.13815, -2.4872]
						}
					},
					"position": {
						"0.0": {
							"vector": [0, -1, 0]
						},
						"0.1667": {
							"vector": [0, 5, 0]
						},
						"0.25": {
							"vector": [0, 0.5, 0]
						},
						"0.3333": {
							"vector": [0, -16, 0]
						},
						"0.5": {
							"vector": [0, -34, 0]
						},
						"0.75": {
							"vector": [0, -36, 0]
						},
						"0.9583": {
							"vector": [0, -37, 0]
						},
						"1.1667": {
							"vector": [0, -34, 0]
						},
						"1.375": {
							"vector": [0, -27, 0]
						},
						"1.5": {
							"vector": [0, -26, 0]
						},
						"1.625": {
							"vector": [0, 0, 0]
						},
						"1.75": {
							"vector": [0, 6, 0]
						},
						"1.9167": {
							"vector": [0, 7, 0]
						},
						"2.25": {
							"vector": [0, 6, 0]
						},
						"2.3333": {
							"vector": [0, -3, 0]
						},
						"2.75": {
							"vector": [0, -2, 0]
						}
					}
				},
				"head": {
					"rotation": {
						"0.0": {
							"vector": [17.5, 0, 0]
						},
						"0.1667": {
							"vector": [27.5, 0, 0]
						},
						"0.375": {
							"vector": [-22.5, 0, 0]
						},
						"1.4583": {
							"vector": [-35, 0, 0]
						},
						"1.7083": {
							"vector": [17.5, 0, 0]
						},
						"2.0417": {
							"vector": [19.56838, -26.12797, -8.89674]
						},
						"2.375": {
							"vector": [-32.62826, 37.80946, 14.1614]
						}
					}
				},
				"right_arm": {
					"rotation": {
						"0.0": {
							"vector": [17.5, 0, 0]
						},
						"0.25": {
							"vector": [-170, 0, 0]
						},
						"0.4167": {
							"vector": [-202.5, 0, 0]
						},
						"1.2917": {
							"vector": [-122.5, 0, 0]
						},
						"1.8333": {
							"vector": [-125.68672, 22.91934, -15.62633]
						},
						"2.125": {
							"vector": [-123.5714, -26.12139, -77.65349]
						},
						"2.3333": {
							"vector": [-102.86116, -18.81935, -79.50783]
						},
						"2.75": {
							"vector": [-92.86116, -18.81935, -79.50783]
						}
					},
					"position": {
						"0.0": {
							"vector": [0, 0, 0]
						},
						"2.125": {
							"vector": [0, -4.2, 4.4]
						},
						"2.3333": {
							"vector": [-1, 2.8, -1.6]
						}
					}
				},
				"left_arm": {
					"rotation": {
						"0.0": {
							"vector": [30, 0, 0]
						},
						"0.25": {
							"vector": [-137.5, 0, 0]
						},
						"0.4167": {
							"vector": [-215, 0, 0]
						},
						"1.2917": {
							"vector": [-135, 0, 0]
						},
						"1.8333": {
							"vector": [13.06431, 7.43547, -29.14743]
						},
						"2.3333": {
							"vector": [25.56431, 7.43547, -29.14743]
						},
						"2.75": {
							"vector": [23.5429, 12.64769, -40.69059]
						}
					}
				},
				"right_leg": {
					"rotation": {
						"0.0": {
							"vector": [0, 0, 0]
						},
						"0.2083": {
							"vector": [50, 0, 0]
						},
						"1.4583": {
							"vector": [17.5, 0, 0]
						},
						"1.7917": {
							"vector": [37.5, 0, 0]
						},
						"2.0833": {
							"vector": [65, 0, 0]
						},
						"2.7083": {
							"vector": [30, 0, 0]
						}
					}
				},
				"left_leg": {
					"rotation": {
						"0.0": {
							"vector": [0, 0, 0]
						},
						"0.2083": {
							"vector": [45, 0, 0]
						},
						"1.4583": {
							"vector": [32.5, 0, 0]
						},
						"1.7917": {
							"vector": [55, 0, 0]
						},
						"2.0833": {
							"vector": [-30, 0, 0]
						},
						"2.2917": {
							"vector": [-65, 0, 0]
						},
						"2.4583": {
							"vector": [-30, 0, 0]
						}
					},
					"position": {
						"0.0": {
							"vector": [0, 0, 0]
						},
						"0.2083": {
							"vector": [0, 0, -6]
						},
						"2.0833": {
							"vector": [0, 0, -3]
						}
					}
				}
			}
		}
	}
}