{
	"format_version": "1.8.0",
	"animations": {
		"taktdirect": {
			"animation_length": 0.5,
			"bones": {
				"body": {
					"rotation": {
						"0.0": {
							"vector": [0, 32.5, 0]
						},
						"0.1667": {
							"vector": [1.70548, 12.49358, 0.44177]
						},
						"0.2083": {
							"vector": [3.03533, -20.70729, 0.40021]
						},
						"0.25": {
							"vector": [5, -72.5, 0]
						},
						"0.2917": {
							"vector": [8.39008, -79.5369, -3.48567]
						},
						"0.375": {
							"vector": [4.82443, -71.25227, 0.19162]
						},
						"0.5": {
							"vector": [3.55812, -65.02026, 1.54365]
						}
					}
				},
				"head": {
					"rotation": {
						"0.0": {
							"vector": [20, -37.5, 0]
						},
						"0.125": {
							"vector": [17.09912, -23.67784, -10.40195]
						},
						"0.1667": {
							"vector": [14.96362, -9.55463, -10.68355]
						},
						"0.2083": {
							"vector": [12.50625, 14.23352, -8.37737]
						},
						"0.25": {
							"vector": [11.37236, 47.81317, -3.82698]
						}
					}
				},
				"right_arm": {
					"rotation": {
						"0.0": {
							"vector": [-202.96346, -32.46527, 1.59176]
						},
						"0.125": {
							"vector": [-186.9309, 16.20902, -1.87613]
						},
						"0.25": {
							"vector": [-95.89834, 64.88331, -5.34402]
						},
						"0.5": {
							"vector": [-94.99052, 59.90568, -4.32055]
						}
					},
					"position": {
						"0.0": {
							"vector": [-2, 3, 2]
						},
						"0.125": {
							"vector": [-1.5, 1.5, -1.5]
						},
						"0.25": {
							"vector": [-1, 0, -1]
						}
					}
				},
				"left_arm": {
					"rotation": {
						"0.0": {
							"vector": [-95, 0, 0]
						},
						"0.2083": {
							"vector": [-95.22012, -16.34318, 1.47328]
						},
						"0.375": {
							"vector": [-110.69984, -21.02986, 3.31304]
						},
						"0.5": {
							"vector": [-121.22222, -23.17377, 4.7011]
						}
					},
					"position": {
						"0.0": {
							"vector": [0, -6, 2]
						},
						"0.125": {
							"vector": [0, -6, 2.2]
						},
						"0.2083": {
							"vector": [0, -6, 4]
						},
						"0.375": {
							"vector": [1, -6, 4]
						},
						"0.5": {
							"vector": [0, -6, 4]
						}
					}
				}
			}
		}
	}
}