{
	"format_version": "1.8.0",
	"animations": {
		"tectonicstomp": {
			"animation_length": 1.25,
			"bones": {
				"body": {
					"rotation": {
						"0.0": {
							"vector": [20, 0, 0]
						},
						"0.125": {
							"vector": [20, 0, 0]
						},
						"0.25": {
							"vector": [30, 0, 0]
						},
						"0.5": {
							"vector": [-10, 0, 0]
						},
						"0.7083": {
							"vector": [-10, 0, 0]
						},
						"0.75": {
							"vector": [42.5, 0, 0]
						},
						"0.9583": {
							"vector": [52.5, 0, 0]
						},
						"1.25": {
							"vector": [55, 0, 0]
						}
					},
					"position": {
						"0.0": {
							"vector": [0, 0, 5]
						},
						"0.125": {
							"vector": [0, 0, 0]
						},
						"0.25": {
							"vector": [0, 5, -2]
						},
						"0.5": {
							"vector": [0, 24, -6]
						},
						"0.7083": {
							"vector": [0, 24, -6]
						},
						"0.75": {
							"vector": [0, -3, -13]
						}
					}
				},
				"head": {
					"rotation": {
						"0.0": {
							"vector": [7.5, 0, 0]
						},
						"0.125": {
							"vector": [15, 0, 0]
						},
						"0.75": {
							"vector": [32.5, 0, 0]
						}
					}
				},
				"right_arm": {
					"rotation": {
						"0.0": {
							"vector": [0, 45, 22.5]
						},
						"0.125": {
							"vector": [7.43656, 44.5119, 33.04684]
						},
						"0.25": {
							"vector": [44.56145, -7.05302, 119.60708]
						},
						"0.75": {
							"vector": [39.32269, 23.92746, 86.159]
						},
						"0.9583": {
							"vector": [40.89339, -20.70481, 134.70765]
						},
						"1.25": {
							"vector": [38.39339, -20.70481, 134.70765]
						}
					}
				},
				"left_arm": {
					"rotation": {
						"0.0": {
							"vector": [0, -10, -20]
						},
						"0.125": {
							"vector": [2.61298, -9.65594, -35.22074]
						},
						"0.25": {
							"vector": [9.47838, 4.38086, -134.67374]
						},
						"0.75": {
							"vector": [9.4706, -4.39777, -85.40157]
						},
						"0.9583": {
							"vector": [27.45862, 27.39724, -131.34602]
						},
						"1.25": {
							"vector": [22.45862, 27.39724, -131.34602]
						}
					}
				},
				"right_leg": {
					"rotation": {
						"0.0": {
							"vector": [5, 0, 0]
						},
						"0.125": {
							"vector": [5, 0, 0]
						},
						"0.25": {
							"vector": [25, 0, 0]
						},
						"0.5": {
							"vector": [25, 0, 0]
						},
						"0.75": {
							"vector": [42.5, 0, 0]
						},
						"0.9583": {
							"vector": [90, 0, 0]
						},
						"1.25": {
							"vector": [95, 0, 0]
						}
					},
					"position": {
						"0.0": {
							"vector": [0, 0, 0]
						},
						"0.125": {
							"vector": [0, 0, 0.25]
						}
					}
				},
				"left_leg": {
					"rotation": {
						"0.0": {
							"vector": [-12.5, 0, 0]
						},
						"0.125": {
							"vector": [-12.5, 0, 0]
						},
						"0.5": {
							"vector": [-150.5, 0, 0]
						},
						"0.7083": {
							"vector": [-150.5, 0, 0]
						},
						"0.75": {
							"vector": [-30, 0, 0]
						},
						"0.9583": {
							"vector": [-20, 0, 0]
						}
					},
					"position": {
						"0.0": {
							"vector": [0, 1, -1]
						},
						"0.125": {
							"vector": [0, 1, -2.25]
						},
						"0.25": {
							"vector": [0, 6, -3]
						},
						"0.5": {
							"vector": [0, 1, -3]
						},
						"0.7083": {
							"vector": [0, 1, -3]
						},
						"0.75": {
							"vector": [0, 0, -3]
						}
					}
				}
			}
		}
	},
	"geckolib_format_version": 2
}