{
	"format_version": "1.8.0",
	"animations": {
		"thirtysixpoundphoenix": {
			"animation_length": 1.75,
			"bones": {
				"body": {
					"rotation": {
						"0.0": {
							"vector": [-5.00474, -2.49048, 0.21803]
						},
						"0.0833": {
							"vector": [-1.07434, 3.31813, -0.34799]
						},
						"0.25": {
							"vector": [-1.27437, 13.44291, -1.33458]
						},
						"0.5": {
							"vector": [6.57764, 32.36121, -3.17805]
						},
						"0.5417": {
							"vector": [9.23204, 32.36121, -3.17805]
						},
						"0.75": {
							"vector": [10.23204, 32.36121, -3.17805]
						},
						"0.7917": {
							"vector": [-1.26796, 32.36121, -3.17805]
						},
						"0.8333": {
							"vector": [-13.57488, 4.8667, -2.59049]
						},
						"0.875": {
							"vector": [-10.69767, 53.29571, -17.12701]
						},
						"1.0833": {
							"vector": [-12.93631, 60.07053, -19.78405]
						},
						"1.375": {
							"vector": [-16.58767, 66.92046, -23.85309]
						},
						"1.5": {
							"vector": [-19.81409, 70.72199, -27.31117]
						}
					},
					"position": {
						"0.0": {
							"vector": [0, 0, 0]
						},
						"0.0833": {
							"vector": [0, 0.27, 0.33]
						},
						"0.25": {
							"vector": [0, -0.6, 0.57]
						},
						"0.5": {
							"vector": [0, -2, 2]
						},
						"0.5417": {
							"vector": [0, -2.2, 2]
						},
						"0.75": {
							"vector": [0, -1.8, 2]
						},
						"0.7917": {
							"vector": [-2.2, -1.8, -2.2]
						},
						"0.8333": {
							"vector": [-0.6, -1.8, -4.1]
						},
						"0.875": {
							"vector": [9.1, -1.8, 3.6]
						},
						"1.0833": {
							"vector": [10, -1.8, 6.9]
						},
						"1.375": {
							"vector": [10.4, -1.8, 7.3]
						}
					}
				},
				"head": {
					"rotation": {
						"0.0": {
							"vector": [0, 0, 0]
						},
						"0.5": {
							"vector": [15.50409, -14.47751, -3.96713]
						},
						"0.75": {
							"vector": [15.50409, -14.47751, -3.96713]
						},
						"1.5": {
							"vector": [19.27896, -38.3808, -12.25294]
						},
						"1.75": {
							"vector": [19.27896, -38.3808, -12.25294]
						}
					}
				},
				"right_arm": {
					"rotation": {
						"0.0": {
							"vector": [0, 0, 0]
						},
						"0.5": {
							"vector": [-137.17348, 2.4786, 97.50706]
						},
						"0.75": {
							"vector": [-137.17348, 2.4786, 97.50706]
						},
						"0.875": {
							"vector": [30.32652, 2.4786, 97.50706]
						}
					},
					"position": {
						"0.0": {
							"vector": [0, 0, 0]
						},
						"0.5": {
							"vector": [1, 0, -1]
						},
						"0.75": {
							"vector": [1, 0, -1]
						},
						"0.875": {
							"vector": [-3, 0, 2]
						}
					}
				},
				"left_arm": {
					"rotation": {
						"0.0": {
							"vector": [0, 0, 0]
						},
						"0.0833": {
							"vector": [-17.91667, 6.25, 0]
						},
						"0.5": {
							"vector": [-182.5, 37.5, 0]
						},
						"0.5833": {
							"vector": [-192.5, 37.5, 0]
						},
						"0.6667": {
							"vector": [-186.5, 37.5, 0]
						},
						"0.75": {
							"vector": [-184.5, 37.5, 0]
						},
						"0.875": {
							"vector": [-317.78593, 4.07237, -99.28417]
						}
					},
					"position": {
						"0.0": {
							"vector": [0, 0, 0]
						},
						"0.5": {
							"vector": [-4, 0, -8]
						},
						"0.5833": {
							"vector": [-4, 0, -8.6]
						},
						"0.6667": {
							"vector": [-4, 0, -8.9]
						},
						"0.75": {
							"vector": [-4, 0, -8.7]
						},
						"0.875": {
							"vector": [3, 3, 2.8]
						}
					}
				},
				"right_leg": {
					"rotation": {
						"0.0": {
							"vector": [0, 0, 0]
						},
						"0.2083": {
							"vector": [0, 35, 0]
						},
						"0.75": {
							"vector": [0, 35, 0]
						},
						"0.8333": {
							"vector": [61.97469, 0.46227, 21.63545]
						},
						"0.875": {
							"vector": [-55.52531, 0.46227, 21.63545]
						},
						"1.0833": {
							"vector": [-54.82263, 10.73686, 28.79871]
						},
						"1.5": {
							"vector": [-54.52171, 12.77662, 30.27525]
						}
					},
					"position": {
						"0.0": {
							"vector": [0, 0, 0]
						},
						"0.2083": {
							"vector": [-1.9, 0, -2.3]
						},
						"0.4167": {
							"vector": [-1.9, 2.9, -5.2]
						},
						"0.625": {
							"vector": [-2.7, 3.5, -5.2]
						},
						"0.75": {
							"vector": [-2.7, 3, -5.2]
						},
						"0.8333": {
							"vector": [-2.7, -1, 0.4]
						},
						"0.875": {
							"vector": [-2.7, -0.2, -1.8]
						},
						"1.0833": {
							"vector": [-2.7, -0.2, -0.9]
						}
					}
				},
				"left_leg": {
					"rotation": {
						"0.0": {
							"vector": [0, 0, 0]
						},
						"0.2083": {
							"vector": [16.46664, 0, -6.57025]
						},
						"0.5417": {
							"vector": [22.46664, 0, -6.57025]
						},
						"0.75": {
							"vector": [20.46664, 0, -6.57025]
						},
						"0.9167": {
							"vector": [-34.53336, 0, -6.57025]
						},
						"1.125": {
							"vector": [-57.03336, 0, -6.57025]
						},
						"1.375": {
							"vector": [-61.03336, 0, -6.57025]
						}
					},
					"position": {
						"0.0": {
							"vector": [0, 0, 0]
						},
						"0.2083": {
							"vector": [2.9, 0, -3.3]
						},
						"0.5417": {
							"vector": [2.9, 1.5, -5.6]
						},
						"0.9167": {
							"vector": [-0.1, 4.6, -4.7]
						},
						"1.125": {
							"vector": [-0.1, 1.8, -4.7]
						},
						"1.375": {
							"vector": [-0.1, 1.2, -3.9]
						}
					}
				}
			}
		}
	}
}