{
	"format_version": "1.8.0",
	"animations": {
		"thorn": {
			"animation_length": 0.5,
			"bones": {
				"body": {
					"rotation": {
						"0.0": {
							"vector": [5, -17.5, 0]
						},
						"0.0417": {
							"vector": [4.36184, -17.41998, 1.30635]
						},
						"0.1667": {
							"vector": [1.84736, -17.17991, 5.22541]
						},
						"0.25": {
							"vector": [-4.82896, -17.01987, 7.83812]
						},
						"0.375": {
							"vector": [-4.57896, -17.01987, 7.83812]
						},
						"0.5": {
							"vector": [-2.32896, -17.01987, 7.83812]
						}
					},
					"position": {
						"0.0": {
							"vector": [0, 0, 0]
						},
						"0.1667": {
							"vector": [0, 0.47, 0]
						},
						"0.25": {
							"vector": [0, 1, 0]
						},
						"0.2917": {
							"vector": [0, 1.33, 0]
						},
						"0.375": {
							"vector": [0, 1, 0]
						},
						"0.5": {
							"vector": [0, 0, 0]
						}
					}
				},
				"head": {
					"rotation": {
						"0.0": {
							"vector": [9.33037, 14.98539, -2.58807]
						},
						"0.25": {
							"vector": [12.9751, 16.16636, -7.63206]
						}
					}
				},
				"right_arm": {
					"rotation": {
						"0.0": {
							"vector": [-69.92969, 4.69776, 1.71394]
						},
						"0.1667": {
							"vector": [-78.09029, 4.69776, 1.71394]
						},
						"0.25": {
							"vector": [-184.92969, 4.69776, 1.71394]
						},
						"0.5": {
							"vector": [-167.42969, 4.69776, 1.71394]
						}
					},
					"position": {
						"0.0": {
							"vector": [-0.7, 0, -3.9]
						},
						"0.25": {
							"vector": [-0.7, 3.5, -1.5]
						},
						"0.5": {
							"vector": [-0.7, 2.2, -1.5]
						}
					}
				},
				"left_arm": {
					"rotation": {
						"0.0": {
							"vector": [0, 0, -5]
						},
						"0.1667": {
							"vector": [0, -10.47759, -5]
						},
						"0.3333": {
							"vector": [0, -22.97759, -5]
						}
					}
				}
			}
		}
	}
}