{
	"format_version": "1.8.0",
	"animations": {
		"tigerhunt": {
			"animation_length": 2.875,
			"bones": {
				"body": {
					"rotation": {
						"0.0": {
							"vector": [12.5, 0, 0]
						},
						"0.4583": {
							"vector": [-4.97532, -7.62045, -12.2796],
							"easing": "easeInOutQuart"
						},
						"1.0": {
							"vector": [-26.85341, -59.99539, -22.5764]
						},
						"1.0833": {
							"vector": [-18.93071, 71.8344, -91.21833]
						},
						"1.125": {
							"vector": [-193.77884, 51.77876, -276.34833]
						},
						"1.1667": {
							"vector": [-170.96473, -49.90511, -260.10409]
						},
						"1.2083": {
							"vector": [-12.25612, -36.08684, -384.85365]
						},
						"1.2917": {
							"vector": [-10.40121, -10.70933, -390.07202]
						},
						"1.3333": {
							"vector": [-10.00461, -9.07997, -390.55049]
						},
						"1.5833": {
							"vector": [-16.31071, 4.56122, -375.95212]
						},
						"1.9167": {
							"vector": [-25.78648, 6.09579, -365.34807]
						},
						"2.0": {
							"vector": [29.33426, -2.91732, -361.01017]
						},
						"2.0833": {
							"vector": [38.50092, -2.91732, -361.01017]
						},
						"2.5": {
							"vector": [24.33426, -2.91732, -361.01017]
						}
					},
					"position": {
						"0.0": {
							"vector": [0, -3.79465, -3.25587]
						},
						"1.0": {
							"vector": [-0.65494, 1.75931, -4.14103]
						},
						"1.9167": {
							"vector": [-0.53591, 0.39225, -5.90529]
						},
						"2.0": {
							"vector": [-0.43753, -2.20897, -7.02124]
						},
						"2.0833": {
							"vector": [-0.48576, -3.69607, -5.63656]
						},
						"2.5": {
							"vector": [-0.493, -1.72095, -6.14935]
						}
					}
				},
				"head": {
					"rotation": {
						"0.0": {
							"vector": [20, 0, 0]
						},
						"0.4583": {
							"vector": [22.83523, 7.37422, 3.99687],
							"easing": "easeInOutQuart"
						},
						"1.0": {
							"vector": [29.52015, 46.04179, 22.17599]
						},
						"1.0833": {
							"vector": [40.73592, -58.39167, -36.25873]
						},
						"1.3333": {
							"vector": [22.3894, 7.15413, 16.13023]
						},
						"1.9167": {
							"vector": [37.72154, -3.74536, 1.55284]
						},
						"2.0": {
							"vector": [45.22154, -3.74536, 1.55284]
						},
						"2.5": {
							"vector": [25.22154, -3.74536, 1.55284]
						}
					}
				},
				"right_arm": {
					"rotation": {
						"0.0": {
							"vector": [-70, 0, 0]
						},
						"0.4583": {
							"vector": [-65.47603, -9.14358, 38.86853],
							"easing": "easeInOutQuart"
						},
						"1.0": {
							"vector": [-158.18307, -19.92066, 84.6809]
						},
						"1.0833": {
							"vector": [-23.18307, -19.92066, 84.6809]
						},
						"1.3333": {
							"vector": [-186.00285, 3.79438, 10.21432]
						},
						"1.9167": {
							"vector": [-208.50285, 3.79438, 10.21432]
						},
						"2.0": {
							"vector": [-39.69975, -2.55524, 21.96895]
						},
						"2.0833": {
							"vector": [-19.69975, -2.55524, 21.96895]
						}
					},
					"position": {
						"0.0": {
							"vector": [0, 0, 0]
						},
						"1.0": {
							"vector": [3.28107, -1.41528, -4.72774]
						},
						"1.0833": {
							"vector": [-0.08808, 0.78291, 2.18399]
						},
						"1.3333": {
							"vector": [0.64236, 5.45185, 0.55596]
						},
						"1.9167": {
							"vector": [0.3315, 3.63559, 0.81694]
						},
						"2.0": {
							"vector": [-0.99525, -2.51517, -2.40836]
						}
					}
				},
				"left_arm": {
					"rotation": {
						"0.0": {
							"vector": [-62.5, 0, 0]
						},
						"0.4583": {
							"vector": [-76.98294, -12.60947, 40.01655],
							"easing": "easeInOutQuart"
						},
						"1.0": {
							"vector": [-181.19922, -27.47162, 87.18203]
						},
						"1.0833": {
							"vector": [-81.19922, -27.47162, 87.18203]
						},
						"1.3333": {
							"vector": [-191.93994, -6.49371, 27.71293]
						},
						"1.9167": {
							"vector": [-219.43994, -6.49371, 27.71293]
						},
						"2.0": {
							"vector": [-21.67159, 1.90081, -34.333]
						},
						"2.0833": {
							"vector": [-7.35544, 4.05417, -43.47274]
						}
					},
					"position": {
						"0.0": {
							"vector": [0, 0, 0]
						},
						"1.0": {
							"vector": [-1.08529, 1.28699, 0.40717]
						},
						"1.0833": {
							"vector": [-1.61161, -0.56139, -3.09717]
						},
						"1.3333": {
							"vector": [-0.22305, 2.66381, -0.716]
						},
						"1.9167": {
							"vector": [2.44934, 1.38956, -1.34962]
						},
						"2.0": {
							"vector": [0.87689, -2.21852, -0.24902]
						}
					}
				},
				"right_leg": {
					"rotation": {
						"0.0": {
							"vector": [20, 0, 0]
						},
						"1.0": {
							"vector": [45, 0, 0]
						},
						"1.0833": {
							"vector": [27.5, 0, 0]
						},
						"1.9167": {
							"vector": [57.5, 0, 0]
						},
						"2.0": {
							"vector": [-25, 0, 0]
						},
						"2.5": {
							"vector": [-22.5, 0, 0]
						}
					},
					"position": {
						"0.0": {
							"vector": [-1, 1.19534, -2.56343]
						},
						"1.0": {
							"vector": [-2, 1.90711, -4.68132]
						},
						"2.0": {
							"vector": [-2, 2.87738, -2.02215]
						}
					}
				},
				"left_leg": {
					"rotation": {
						"0.0": {
							"vector": [10, 0, 0]
						},
						"1.0": {
							"vector": [29.85108, -1.72794, 9.85108]
						},
						"1.0833": {
							"vector": [-22.64892, -1.72794, 9.85108]
						},
						"1.9167": {
							"vector": [-7.64892, -1.72794, 9.85108]
						},
						"2.0": {
							"vector": [23.21773, -3.94304, -7.5307]
						},
						"2.5": {
							"vector": [25.71773, -3.94304, -7.5307]
						}
					},
					"position": {
						"0.0": {
							"vector": [1, 4.22945, -4.80747]
						},
						"1.0": {
							"vector": [0.02094, -0.8818, -1.82487]
						}
					}
				}
			}
		}
	}
}