{
	"format_version": "1.8.0",
	"animations": {
		"tori1": {
			"animation_length": 3.25,
			"bones": {
				"body": {
					"rotation": {
						"0.0": {
							"vector": [27.5, 0, 0]
						},
						"0.0417": {
							"vector": [58.58956, -33.8804, -23.50435]
						},
						"0.0833": {
							"vector": [132.28974, -62.39543, -95.40158]
						},
						"0.1667": {
							"vector": [180.96176, -4.38566, -117.86981]
						},
						"0.25": {
							"vector": [191.42547, 10.81746, -130.03372]
						},
						"0.4583": {
							"vector": [196.16368, 22.56614, -127.47745]
						},
						"0.5": {
							"vector": [251.90521, 48.31267, -83.77794]
						},
						"0.5833": {
							"vector": [310.68429, 33.52365, -2.86496]
						},
						"0.6667": {
							"vector": [339.69463, -8.43402, 14.25328]
						},
						"0.75": {
							"vector": [394.27866, -36.61524, -3.56057]
						},
						"0.7917": {
							"vector": [456.36872, -67.23375, -78.0712]
						},
						"0.8333": {
							"vector": [512.97987, -57.99021, -146.16742]
						},
						"0.9583": {
							"vector": [531.64607, 28.17759, -177.19044]
						},
						"1.0": {
							"vector": [573.4267, 62.7171, -154.82986]
						},
						"1.125": {
							"vector": [691.86455, 57.62346, -29.53138]
						},
						"1.25": {
							"vector": [736.36646, 20.55481, 2.88151]
						},
						"1.5": {
							"vector": [644.82266, -54.56264, 77.17846]
						},
						"2.25": {
							"vector": [644.47358, -53.59514, 77.6095]
						},
						"2.4167": {
							"vector": [577.59262, 1.6838, 186.57409]
						},
						"2.5": {
							"vector": [550.09262, 1.6838, 186.57409]
						},
						"2.5833": {
							"vector": [495.09262, 1.6838, 186.57409]
						},
						"2.8333": {
							"vector": [329.64206, -23.64196, 18.91241]
						},
						"3.0": {
							"vector": [327.14206, -23.64196, 18.91241]
						}
					},
					"position": {
						"0.0": {
							"vector": [0, -1.7, 0.6]
						},
						"0.1667": {
							"vector": [0, 1.7, -4.1]
						},
						"0.25": {
							"vector": [0, 1.7, -4.6]
						},
						"0.4583": {
							"vector": [0, 2.4, -5.9]
						},
						"0.5": {
							"vector": [0, 2.4, -10.1]
						},
						"0.5833": {
							"vector": [0, 1.1, -12.1]
						},
						"0.6667": {
							"vector": [1, -2.5, -12.8]
						},
						"0.75": {
							"vector": [1, -5.7, -5.8]
						},
						"0.8333": {
							"vector": [1, -5.7, -3.7]
						},
						"0.9583": {
							"vector": [1, -5.7, -2.1]
						},
						"1.0": {
							"vector": [1, -7.7, -6.3]
						},
						"1.125": {
							"vector": [4.2, -4.4, -4.7]
						},
						"1.25": {
							"vector": [4.2, 0.7, 1.3]
						},
						"1.5": {
							"vector": [-0.7, 0.7, -4]
						},
						"2.25": {
							"vector": [-0.7, 0.7, -4.7]
						},
						"2.625": {
							"vector": [-0.7, 42.2, 33.5]
						},
						"3.0": {
							"vector": [-0.7, 46.2, 39.5]
						},
						"3.0833": {
							"vector": [-0.66356, -1.61364, 4.01966]
						},
						"3.125": {
							"vector": [-0.72644, -2.47519, 3.52298]
						},
						"3.1667": {
							"vector": [-0.66356, -1.61481, 4.01702]
						},
						"3.25": {
							"vector": [-0.72644, -2.47519, 3.52298]
						}
					}
				},
				"head": {
					"rotation": {
						"0.0": {
							"vector": [-12.5, 0, 0]
						},
						"0.125": {
							"vector": [31.36784, -53.10479, 17.17679]
						},
						"0.4583": {
							"vector": [50.36996, -71.6146, -12.2253]
						},
						"0.625": {
							"vector": [37.10746, -15.86271, -0.70963]
						},
						"0.75": {
							"vector": [-37.21156, 49.30343, -38.46164]
						},
						"0.9583": {
							"vector": [-25.69725, -24.57576, 2.78576]
						},
						"1.1667": {
							"vector": [16.81226, -39.03554, -1.93599]
						},
						"1.5": {
							"vector": [40.6886, 65.95278, -4.80628]
						},
						"2.25": {
							"vector": [43.1886, 65.95278, -4.80628]
						},
						"2.4583": {
							"vector": [45.6886, 65.95278, -4.80628]
						},
						"2.6667": {
							"vector": [-35.72297, -4.14353, -4.57731]
						},
						"3.0": {
							"vector": [46.20964, 18.93939, 15.03623]
						},
						"3.0833": {
							"vector": [53.70964, 18.93939, 15.03623]
						}
					}
				},
				"right_arm": {
					"rotation": {
						"0.0": {
							"vector": [-102.5, 0, 0]
						},
						"0.1667": {
							"vector": [-120, 0, 0]
						},
						"0.5": {
							"vector": [-128.46347, -11.84911, 9.26433]
						},
						"0.75": {
							"vector": [-133.59958, -27.24988, 23.61558]
						},
						"1.125": {
							"vector": [-9.20108, -26.49253, 57.33881]
						},
						"1.5417": {
							"vector": [-93.43463, 44.46182, 23.23055]
						},
						"2.2083": {
							"vector": [-93.59169, 46.95713, 23.01119]
						},
						"2.5417": {
							"vector": [35.05032, 15.93637, 28.86915]
						},
						"3.0": {
							"vector": [-92.37094, -6.54424, 29.8125]
						},
						"3.0833": {
							"vector": [-2.12416, -5.47633, 169.35437]
						}
					},
					"position": {
						"0.0": {
							"vector": [0, 0, 0]
						},
						"0.1667": {
							"vector": [0, -4.33911, -2.48438]
						},
						"0.5": {
							"vector": [-0.18117, -4.75161, -1.94358]
						},
						"1.125": {
							"vector": [-3.16325, -1.54801, 1.31844]
						},
						"1.5417": {
							"vector": [0.31928, -4.99449, 5.96221]
						},
						"2.2083": {
							"vector": [0.10386, -5.44036, 5.93862]
						},
						"2.5417": {
							"vector": [-0.50672, -0.37018, 0.58976]
						},
						"3.0833": {
							"vector": [-2.05255, 2.39049, 0.57475]
						}
					}
				},
				"left_arm": {
					"rotation": {
						"0.0": {
							"vector": [-95, 0, 0]
						},
						"0.1667": {
							"vector": [-135.10922, -82.93343, 44.89078]
						},
						"0.375": {
							"vector": [-243.25979, -78.83105, 153.69751]
						},
						"0.5": {
							"vector": [-247.99058, -76.55188, 158.53852]
						},
						"0.7083": {
							"vector": [-256.35046, -58.54969, 176.98936]
						},
						"0.875": {
							"vector": [-97.38351, 16.64413, 6.56788]
						},
						"1.2917": {
							"vector": [-99.66295, -42.81612, 15.29455]
						},
						"1.5": {
							"vector": [-39.78153, -46.06086, -95.31393]
						},
						"2.2083": {
							"vector": [-39.78153, -46.06086, -95.31393]
						},
						"2.5": {
							"vector": [16.99186, -23.92557, -24.15531]
						},
						"3.0": {
							"vector": [-105.6, 12.24961, -75.58594]
						},
						"3.0833": {
							"vector": [-3.06705, -4.99867, -157.65307]
						}
					},
					"position": {
						"0.0": {
							"vector": [0, 0, 0]
						},
						"1.5": {
							"vector": [1.48313, -2.34169, -0.38147]
						},
						"2.2083": {
							"vector": [1.48313, -2.34169, -0.38147]
						},
						"2.25": {
							"vector": [1.52498, -2.82364, -0.88405]
						},
						"2.5": {
							"vector": [-0.6372, -0.52949, 1.4438]
						},
						"3.0833": {
							"vector": [1.61214, 5.02208, 1.12019]
						}
					}
				},
				"right_leg": {
					"rotation": {
						"0.0": {
							"vector": [-20, 0, 0]
						},
						"0.0833": {
							"vector": [-3.88172, 6.71771, 18.88172]
						},
						"0.1667": {
							"vector": [0.7229, 6.7898, 33.15828]
						},
						"0.4583": {
							"vector": [15.49699, 7.1548, 71.79704]
						},
						"0.625": {
							"vector": [-119.50301, 7.1548, 71.79704]
						},
						"0.7083": {
							"vector": [-76.34511, 24.24948, 66.70572]
						},
						"0.8333": {
							"vector": [-14.56185, 1.15796, 47.45063]
						},
						"0.9583": {
							"vector": [40.43815, 1.15796, 47.45063]
						},
						"1.125": {
							"vector": [64.32766, 22.86214, 19.17125]
						},
						"1.3333": {
							"vector": [65.94383, 7.17074, 26.48119]
						},
						"1.5": {
							"vector": [90.94383, 7.17074, 26.48119]
						},
						"1.5417": {
							"vector": [4.4134, 5.73521, 56.64323]
						},
						"1.5833": {
							"vector": [5.54911, 4.64549, 69.1473]
						},
						"1.625": {
							"vector": [5.34166, 4.88277, 66.64996]
						},