{
	"format_version": "1.8.0",
	"animations": {
		"toritwirl": {
			"animation_length": 1,
			"bones": {
				"body": {
					"rotation": {
						"0.0": {
							"vector": [0, 0, 0]
						},
						"0.1667": {
							"vector": [0, 151.67, 0]
						},
						"0.375": {
							"vector": [0, 270.27, 0]
						},
						"0.5417": {
							"vector": [0, 298.17, 0]
						},
						"0.7083": {
							"vector": [0, 334.88, 0]
						},
						"0.8333": {
							"vector": [0, 357.84, 0]
						},
						"1.0": {
							"vector": [0, 360, 0],
							"easing": "linear"
						}
					}
				},
				"head": {
					"rotation": {
						"0.0": {
							"vector": [0, 0, 0]
						},
						"0.375": {
							"vector": [-17.5, 0, 0]
						},
						"0.9583": {
							"vector": [22.5, 0, 0]
						}
					}
				},
				"right_leg": {
					"rotation": {
						"0.0": {
							"vector": [0, 0, 0]
						},
						"0.2083": {
							"vector": [12.5, 0, 0]
						},
						"0.7083": {
							"vector": [12.31594, -2.15393, 9.76758]
						},
						"0.9583": {
							"vector": [2.31594, -2.15393, 9.76758]
						}
					},
					"position": {
						"0.0": {
							"vector": [0, 0, 0]
						},
						"0.2083": {
							"vector": [0, 3.25587, -3.79465]
						},
						"0.7083": {
							"vector": [-0.69459, 0.06346, -0.00851]
						}
					}
				},
				"left_leg": {
					"rotation": {
						"0.0": {
							"vector": [0, 0, 7.5]
						},
						"0.9583": {
							"vector": [0, 0, 5]
						}
					}
				}
			}
		}
	}
}