{
	"format_version": "1.8.0",
	"animations": {
		"towerclimb2": {
			"animation_length": 0.5,
			"bones": {
				"body": {
					"rotation": {
						"0.0": {
							"vector": [-15, -45, 0]
						},
						"0.2083": {
							"vector": [-17.5, -45, 0]
						}
					},
					"position": {
						"0.0": {
							"vector": [0, 0, 0]
						},
						"0.0833": {
							"vector": [-0.08509, 0.52874, 0.08509]
						},
						"0.2083": {
							"vector": [-0.70904, 3.72778, 0.70904]
						},
						"0.2917": {
							"vector": [-0.83263, 4.22372, 0.83263]
						},
						"0.5": {
							"vector": [-0.36603, 1.93185, 0.36603]
						}
					}
				},
				"head": {
					"rotation": {
						"0.0": {
							"vector": [35.95886, 43.96924, 26.73242]
						},
						"0.5": {
							"vector": [38.45886, 43.96924, 26.73242]
						}
					}
				},
				"right_arm": {
					"rotation": {
						"0.0": {
							"vector": [-47.00659, -52.44187, 213.89986]
						},
						"0.5": {
							"vector": [-37.00659, -52.44187, 213.89986]
						}
					},
					"position": {
						"vector": [-0.9235, 1.77402, 0]
					}
				},
				"left_arm": {
					"rotation": {
						"0.0": {
							"vector": [-30.44565, -33.48545, -157.03283]
						},
						"0.5": {
							"vector": [-25.44565, -33.48545, -157.03283]
						}
					},
					"position": {
						"vector": [0.45895, -1.48591, -4.78975]
					}
				},
				"right_leg": {
					"rotation": {
						"0.0": {
							"vector": [20, 0, 0]
						},
						"0.5": {
							"vector": [32.5, 0, 0]
						}
					}
				},
				"left_leg": {
					"rotation": {
						"0.0": {
							"vector": [20, 0, 0]
						},
						"0.5": {
							"vector": [10, 0, 0]
						}
					},
					"position": {
						"vector": [0, 1.10898, -5.72452]
					}
				}
			}
		}
	}
}