{
	"format_version": "1.8.0",
	"animations": {
		"towerclimbreturn": {
			"animation_length": 0.5,
			"bones": {
				"body": {
					"rotation": {
						"0.0": {
							"vector": [-22.5, 40, 0]
						},
						"0.1667": {
							"vector": [40.2232, -60.88279, 5.10981]
						},
						"0.25": {
							"vector": [54.66125, -69.87663, -16.16525]
						},
						"0.5": {
							"vector": [15.2232, -60.88279, 5.10981]
						}
					}
				},
				"head": {
					"rotation": {
						"0.0": {
							"vector": [33.2713, -32.68214, -19.50986]
						},
						"0.1667": {
							"vector": [-20.30075, 50.07203, -29.54802]
						},
						"0.5": {
							"vector": [-37.80075, 50.07203, -29.54802]
						}
					}
				},
				"right_arm": {
					"rotation": {
						"0.0": {
							"vector": [-149.35759, 49.30502, -4.65959]
						},
						"0.1667": {
							"vector": [68.34493, 4.30209, 21.03306]
						},
						"0.2917": {
							"vector": [86.46993, 4.30209, 21.03306]
						},
						"0.5": {
							"vector": [43.34493, 4.30209, 21.03306]
						}
					}
				},
				"left_arm": {
					"rotation": {
						"0.0": {
							"vector": [-201.67413, 35.49178, -12.99301]
						},
						"0.1667": {
							"vector": [83.32587, 35.49178, -12.99301]
						},
						"0.2917": {
							"vector": [93.51897, 35.49178, -12.99301]
						},
						"0.5": {
							"vector": [53.32587, 35.49178, -12.99301]
						}
					}
				},
				"right_leg": {
					"rotation": {
						"0.0": {
							"vector": [-45, 0, 0]
						},
						"0.5": {
							"vector": [-27.5, 0, 0]
						}
					}
				},
				"left_leg": {
					"rotation": {
						"0.0": {
							"vector": [32.5, 0, 0]
						},
						"0.5": {
							"vector": [45, 0, 0]
						}
					}
				}
			}
		}
	}
}