{
	"format_version": "1.8.0",
	"animations": {
		"uppercut": {
			"animation_length": 0.5,
			"bones": {
				"body": {
					"rotation": {
						"0.0": {
							"vector": [10.13294, 11.55608, -2.9484]
						},
						"0.0833": {
							"vector": [-7.13782, -17.04284, -8.53982]
						},
						"0.1667": {
							"vector": [-6.67006, -41.80171, -4.50032]
						},
						"0.25": {
							"vector": [-1.94689, -44.28409, -4.09483]
						},
						"0.3333": {
							"vector": [8.83427, -49.23007, -5.16616]
						},
						"0.4167": {
							"vector": [11.33427, -49.23007, -5.16616]
						},
						"0.5": {
							"vector": [18.33427, -49.23007, -5.16616]
						}
					},
					"position": {
						"0.0": {
							"vector": [0.34333, -3.92515, 0.68947]
						},
						"0.0833": {
							"vector": [-0.50136, -0.6932, 0.06931]
						},
						"0.1667": {
							"vector": [-0.86672, 1.26168, 0.3076]
						},
						"0.25": {
							"vector": [-0.86716, 1.965, 0.25548]
						},
						"0.3333": {
							"vector": [0.3443, 0.99925, -0.91151]
						},
						"0.4167": {
							"vector": [0.28628, -0.98919, -0.70942]
						},
						"0.5": {
							"vector": [0.13413, -3.56378, -0.37632]
						}
					}
				},
				"head": {
					"rotation": {
						"0.0": {
							"vector": [-3.06681, -11.06861, 5.84485]
						},
						"0.1667": {
							"vector": [-23.98405, 35.12011, 2.90651]
						},
						"0.375": {
							"vector": [-30.77923, 35.12011, 2.90651]
						}
					}
				},
				"right_arm": {
					"rotation": {
						"0.0": {
							"vector": [-117.73121, 24.73906, -12.40748]
						},
						"0.0833": {
							"vector": [-143.93803, 29.14089, -15.06885]
						},
						"0.125": {
							"vector": [-173.59134, 19.71211, -2.22773]
						},
						"0.25": {
							"vector": [-201.09134, 19.71211, -2.22773]
						},
						"0.3333": {
							"vector": [-153.59134, 19.71211, -2.22773]
						},
						"0.4167": {
							"vector": [-123.59134, 19.71211, -2.22773]
						},
						"0.5": {
							"vector": [-109.77404, 19.71211, -2.22773]
						}
					},
					"position": {
						"0.0": {
							"vector": [0, -7.97356, 2.90214]
						},
						"0.0833": {
							"vector": [-0.58743, -9.28656, 1.26867]
						},
						"0.125": {
							"vector": [-2.67862, 4.96962, -3.00797]
						},
						"0.25": {
							"vector": [-2.86704, 2.90855, -3.75529]
						},
						"0.3333": {
							"vector": [-2.11885, -2.30018, -2.23037]
						},
						"0.4167": {
							"vector": [-1.66021, -7.25212, -1.48495]
						},
						"0.5": {
							"vector": [-0.23937, -9.79705, 2.20569]
						}
					}
				},
				"left_arm": {
					"rotation": {
						"0.0": {
							"vector": [-132.5, 0, 0]
						},
						"0.125": {
							"vector": [-134.76498, -16.3882, 15.63367]
						},
						"0.3333": {
							"vector": [-138.17968, -24.72424, 25.07554]
						}
					},
					"position": {
						"0.0": {
							"vector": [0, -3.23198, -4.31791]
						},
						"0.125": {
							"vector": [0, -8.36449, 1.28331]
						},
						"0.3333": {
							"vector": [-0.8857, -9.26268, 2.26016]
						},
						"0.5": {
							"vector": [-0.88964, -8.30313, 3.14]
						}
					}
				},
				"right_leg": {
					"rotation": {
						"0.0": {
							"vector": [40, 0, 0]
						},
						"0.125": {
							"vector": [30, 0, 0]
						},
						"0.3333": {
							"vector": [45, 0, 0]
						}
					},
					"position": {
						"0.0": {
							"vector": [0, 0, -4]
						},
						"0.125": {
							"vector": [0, -1.09808, 0.09808]
						},
						"0.5": {
							"vector": [0, -0.39289, -0.60711]
						}
					}
				},
				"left_leg": {
					"rotation": {
						"0.0": {
							"vector": [0, -25, 0]
						},
						"0.0833": {
							"vector": [5, -25, 0]
						},
						"0.2083": {
							"vector": [12.5, -25, 0]
						},
						"0.2917": {
							"vector": [35, -25, 0]
						},
						"0.5": {
							"vector": [7.5, -25, 0]
						}
					},
					"position": {
						"0.0": {
							"vector": [1.2, 5, -4.9]
						},
						"0.0833": {
							"vector": [0.979, -0.97717, -4.42606]
						},
						"0.2083": {
							"vector": [0.86109, -2.24918, -4.17499]
						},
						"0.2917": {
							"vector": [1.12664, -1.34893, -4.74182]
						},
						"0.5": {
							"vector": [1.93343, 3.53861, -6.46296]
						}
					}
				}
			}
		}
	}
}