{
	"format_version": "1.8.0",
	"animations": {
		"ursus": {
			"animation_length": 7,
			"bones": {
				"head": {
					"rotation": {
						"0.0": {
							"vector": [-15, 0, 0]
						},
						"5.0833": {
							"vector": [-23.9, 0, 0]
						},
						"7.0": {
							"vector": [17.5, 0, 0]
						}
					}
				},
				"right_arm": {
					"rotation": {
						"0.0": {
							"vector": [-180, 0, -12.5]
						},
						"0.0833": {
							"vector": [-178.66012, 0.06023, -17.51657]
						},
						"0.1667": {
							"vector": [-177.33009, -0.23143, -12.47973]
						},
						"1.0": {
							"vector": [-180, 0, -12.5]
						},
						"1.0833": {
							"vector": [-178.66012, 0.06023, -17.51657]
						},
						"1.1667": {
							"vector": [-177.33009, -0.23143, -12.47973]
						},
						"2.0": {
							"vector": [-180, 0, -12.5]
						},
						"2.0833": {
							"vector": [-178.66012, 0.06023, -17.51657]
						},
						"2.1667": {
							"vector": [-177.33009, -0.23143, -12.47973]
						},
						"3.0": {
							"vector": [-180, 0, -12.5]
						},
						"3.0833": {
							"vector": [-178.66012, 0.06023, -17.51657]
						},
						"3.1667": {
							"vector": [-177.33009, -0.23143, -12.47973]
						},
						"4.0": {
							"vector": [-180, 0, -12.5]
						},
						"4.0833": {
							"vector": [-178.66012, 0.06023, -17.51657]
						},
						"4.1667": {
							"vector": [-177.33009, -0.23143, -12.47973]
						},
						"5.0": {
							"vector": [-180, 0, -12.5]
						},
						"5.0833": {
							"vector": [-178.66012, 0.06023, -17.51657]
						},
						"5.1667": {
							"vector": [-177.33009, -0.23143, -12.47973]
						},
						"6.0": {
							"vector": [-87.42044, -5.50705, -13.06416]
						},
						"6.0833": {
							"vector": [-85.77423, -0.45911, -12.7731]
						},
						"6.1667": {
							"vector": [-87.42044, -5.50705, -13.06416]
						},
						"7.0": {
							"vector": [-67.43726, -4.76804, -14.00701]
						}
					}
				},
				"left_arm": {
					"rotation": {
						"0.0": {
							"vector": [-177.55919, -0.54094, 12.48848]
						},
						"0.0833": {
							"vector": [-176.29812, -0.75625, 17.52393]
						},
						"0.1667": {
							"vector": [-174.94793, -0.20339, 12.52875]
						},
						"1.0": {
							"vector": [-177.55919, -0.54094, 12.48848]
						},
						"1.0833": {
							"vector": [-176.29812, -0.75625, 17.52393]
						},
						"1.1667": {
							"vector": [-174.94793, -0.20339, 12.52875]
						},
						"2.0": {
							"vector": [-177.55919, -0.54094, 12.48848]
						},
						"2.0833": {
							"vector": [-176.29812, -0.75625, 17.52393]
						},
						"2.1667": {
							"vector": [-174.94793, -0.20339, 12.52875]
						},
						"3.0": {
							"vector": [-177.55919, -0.54094, 12.48848]
						},
						"3.0833": {
							"vector": [-176.29812, -0.75625, 17.52393]
						},
						"3.1667": {
							"vector": [-174.94793, -0.20339, 12.52875]
						},
						"4.0": {
							"vector": [-177.55919, -0.54094, 12.48848]
						},
						"4.0833": {
							"vector": [-176.29812, -0.75625, 17.52393]
						},
						"4.1667": {
							"vector": [-174.94793, -0.20339, 12.52875]
						},
						"5.0": {
							"vector": [-177.55919, -0.54094, 12.48848]
						},
						"5.0833": {
							"vector": [-176.29812, -0.75625, 17.52393]
						},
						"5.1667": {
							"vector": [-174.94793, -0.20339, 12.52875]
						},
						"6.0": {
							"vector": [-86.84502, 7.503, 15.27878]
						},
						"6.0833": {
							"vector": [-85.25218, 2.61969, 14.94967]
						},
						"6.1667": {
							"vector": [-86.84502, 7.503, 15.27878]
						},
						"7.0": {
							"vector": [-67.28479, 8.69612, 16.33347]
						}
					}
				}
			}
		}
	}
}