{
	"format_version": "1.8.0",
	"animations": {
		"varismash": {
			"animation_length": 1.25,
			"bones": {
				"body": {
					"rotation": {
						"0.0": {
							"vector": [78.40052, 9.57658, 39.02504]
						},
						"0.5": {
							"vector": [77.9988, 9.06524, 36.54514]
						},
						"0.75": {
							"vector": [77.9988, 9.06524, 36.54514]
						},
						"0.8333": {
							"vector": [77.62039, -8.53726, -34.0724]
						},
						"1.0": {
							"vector": [84.76381, -14.0761, -69.3531]
						}
					},
					"position": {
						"0.0": {
							"vector": [0, 4, 0]
						},
						"0.8333": {
							"vector": [0, 4, 0]
						},
						"1.0": {
							"vector": [0, -37, 0]
						}
					}
				},
				"torso": {
					"rotation": {
						"0.0": {
							"vector": [0, 0, 0]
						},
						"0.5": {
							"vector": [2.5, 0, 0]
						},
						"0.75": {
							"vector": [2.5, 0, 0]
						}
					}
				},
				"head": {
					"rotation": {
						"0.0": {
							"vector": [0, -27.5, 0]
						},
						"0.5": {
							"vector": [7.5, -27.5, 0]
						},
						"0.75": {
							"vector": [7.5, -27.5, 0]
						},
						"0.8333": {
							"vector": [6.87444, 14.69611, 5.23061]
						}
					}
				},
				"right_arm": {
					"rotation": {
						"0.0": {
							"vector": [-94.69986, 1.70818, 19.9299]
						},
						"0.5": {
							"vector": [-95.0999, 18.72795, 13.41336]
						},
						"0.75": {
							"vector": [-95.0999, 18.72795, 13.41336]
						},
						"0.8333": {
							"vector": [-75.0999, 18.72795, 13.41336]
						}
					},
					"position": {
						"0.0": {
							"vector": [0, 0, 5]
						},
						"0.5": {
							"vector": [0, 0, 5]
						},
						"0.75": {
							"vector": [0, 0, 5]
						},
						"0.8333": {
							"vector": [0, 0, -3]
						}
					}
				},
				"left_arm": {
					"rotation": {
						"0.0": {
							"vector": [-106.24074, 6.60796, 21.55613]
						},
						"0.5": {
							"vector": [-106.24074, 6.60796, 21.55613]
						},
						"0.75": {
							"vector": [-106.24074, 6.60796, 21.55613]
						},
						"0.8333": {
							"vector": [-222.95458, -67.69203, 158.65744]
						}
					},
					"position": {
						"0.0": {
							"vector": [0, 0, 0]
						},
						"0.5": {
							"vector": [0, 0, -1]
						},
						"0.75": {
							"vector": [0, 0, -1]
						}
					}
				},
				"right_leg": {
					"rotation": {
						"0.0": {
							"vector": [40, 0, 0]
						},
						"0.5": {
							"vector": [42.5, 0, 0]
						},
						"0.75": {
							"vector": [42.5, 0, 0]
						},
						"0.8333": {
							"vector": [57.5, 0, 0]
						}
					},
					"position": {
						"0.0": {
							"vector": [0, 0, 0]
						},
						"0.5": {
							"vector": [0, 0, 1]
						},
						"0.75": {
							"vector": [0, 0, 1]
						}
					}
				},
				"left_leg": {
					"rotation": {
						"0.0": {
							"vector": [10, 0, 0]
						},
						"0.5": {
							"vector": [12.5, 0, 0]
						},
						"0.75": {
							"vector": [12.5, 0, 0]
						},
						"0.8333": {
							"vector": [30, 0, 0]
						}
					},
					"position": {
						"vector": [0, 0, -2]
					}
				}
			}
		}
	},
	"geckolib_format_version": 2
}