{
	"format_version": "1.8.0",
	"animations": {
		"venison": {
			"animation_length": 2.9583,
			"bones": {
				"body": {
					"rotation": {
						"0.0": {
							"vector": [5, 0, 0]
						},
						"0.0833": {
							"vector": [12.5, 0, 0]
						},
						"0.25": {
							"vector": [-22.48732, -0.30636, -0.96176]
						},
						"0.375": {
							"vector": [-27.48732, -0.30636, -0.96176]
						},
						"0.5": {
							"vector": [-29.98732, -0.30636, -0.96176]
						},
						"0.5417": {
							"vector": [-61.02343, -16.0402, 41.98533]
						},
						"0.5833": {
							"vector": [-106.91857, -28.50273, 137.98219]
						},
						"0.625": {
							"vector": [-117.61065, 18.41148, 226.59452]
						},
						"0.6667": {
							"vector": [-78.63518, 30.95467, 306.81201]
						},
						"0.7083": {
							"vector": [-57.99837, 0.00809, 361.50433]
						},
						"0.75": {
							"vector": [-61.02343, -16.0402, 41.98533]
						},
						"0.7917": {
							"vector": [-106.91857, -28.50273, 137.98219]
						},
						"0.8333": {
							"vector": [-117.61065, 18.41148, 226.59452]
						},
						"0.875": {
							"vector": [-78.63518, 30.95467, 306.81201]
						},
						"0.9167": {
							"vector": [-57.99837, 0.00809, 361.50433]
						},
						"0.9583": {
							"vector": [-61.02343, -16.0402, 41.98533]
						},
						"1.0": {
							"vector": [-106.91857, -28.50273, 137.98219]
						},
						"1.0417": {
							"vector": [-117.61065, 18.41148, 226.59452]
						},
						"1.0833": {
							"vector": [-78.63518, 30.95467, 306.81201]
						},
						"1.125": {
							"vector": [-57.99837, 0.00809, 361.50433]
						},
						"1.1667": {
							"vector": [-61.02343, -16.0402, 41.98533]
						},
						"1.2083": {
							"vector": [-106.91857, -28.50273, 137.98219]
						},
						"1.25": {
							"vector": [-117.61065, 18.41148, 226.59452]
						},
						"1.2917": {
							"vector": [-78.63518, 30.95467, 306.81201]
						},
						"1.3333": {
							"vector": [-57.99837, 0.00809, 361.50433]
						},
						"1.375": {
							"vector": [-61.02343, -16.0402, 41.98533]
						},
						"1.4167": {
							"vector": [-106.91857, -28.50273, 137.98219]
						},
						"1.4583": {
							"vector": [-117.61065, 18.41148, 226.59452]
						},
						"1.5": {
							"vector": [-78.63518, 30.95467, 306.81201]
						},
						"1.5417": {
							"vector": [-57.99837, 0.00809, 361.50433]
						},
						"1.5833": {
							"vector": [-61.02343, -16.0402, 41.98533]
						},
						"1.625": {
							"vector": [-106.91857, -28.50273, 137.98219]
						},
						"1.6667": {
							"vector": [-117.61065, 18.41148, 226.59452]
						},
						"1.7083": {
							"vector": [-78.63518, 30.95467, 306.81201]
						},
						"1.75": {
							"vector": [-57.99837, 0.00809, 361.50433]
						},
						"1.7917": {
							"vector": [-61.02343, -16.0402, 41.98533]
						},
						"1.8333": {
							"vector": [-106.91857, -28.50273, 137.98219]
						},
						"1.875": {
							"vector": [-117.61065, 18.41148, 226.59452]
						},
						"1.9167": {
							"vector": [-78.63518, 30.95467, 306.81201]
						},
						"1.9583": {
							"vector": [-57.99837, 0.00809, 361.50433]
						},
						"2.0417": {
							"vector": [-27.99837, 0.00809, 361.50433]
						},
						"2.5": {
							"vector": [-32.99837, 0.00809, 361.50433]
						},
						"2.5417": {
							"vector": [42.00163, 0.00809, 361.50433]
						},
						"2.9583": {
							"vector": [37.00163, 0.00809, 361.50433]
						}
					},
					"position": {
						"0.0": {
							"vector": [0, 0, 0]
						},
						"0.0833": {
							"vector": [0, -1, 0]
						},
						"0.1667": {
							"vector": [0, 0.5, 5]
						},
						"0.25": {
							"vector": [0, 2, 6]
						},
						"0.375": {
							"vector": [0, 2, 7]
						},
						"0.5": {
							"vector": [0, 1, 7]
						},
						"2.5": {
							"vector": [0, -6, 1]
						}
					}
				},
				"head": {
					"rotation": {
						"0.0": {
							"vector": [17.5, 0, 0]
						},
						"0.0833": {
							"vector": [10, 0, 0]
						},
						"0.25": {
							"vector": [32.5, 0, 0]
						},
						"0.375": {
							"vector": [37.5, 0, 0]
						},
						"0.5": {
							"vector": [45, 0, 0]
						},
						"2.0417": {
							"vector": [55, 0, 0]
						},
						"2.5417": {
							"vector": [35, 0, 0]
						},
						"2.9583": {
							"vector": [2.5, 0, 0]
						}
					}
				},
				"right_arm": {
					"rotation": {
						"0.0": {
							"vector": [-160.0701, -1.70818, 4.69986]
						},
						"0.0833": {
							"vector": [-167.5701, -1.70818, 4.69986]
						},
						"0.25": {
							"vector": [9.89754, 1.32022, 14.23143]
						},
						"0.375": {
							"vector": [9.98431, 0.02368, 21.61918]
						},
						"0.5": {
							"vector": [9.90363, -1.27326, 29.00679]
						},
						"0.5417": {
							"vector": [1.34016, -9.89489, 104.0011]
						},
						"2.0417": {
							"vector": [51.34016, -9.89489, 104.0011]
						},
						"2.5": {
							"vector": [61.34016, -9.89489, 104.0011]
						},
						"2.5417": {
							"vector": [61.75362, 3.31039, 96.8585]
						},
						"2.9583": {
							"vector": [60.09171, 18.6344, 88.22076]
						}
					},
					"position": {
						"0.0": {
							"vector": [0, -4, -4]
						},
						"0.25": {
							"vector": [0, 1, 4]
						},
						"0.5417": {
							"vector": [0, 1, 3]
						}
					}
				},
				"left_arm": {
					"rotation": {
						"0.0": {
							"vector": [-162.64068, 2.24944, -7.15656]
						},
						"0.0833": {
							"vector": [-167.64068, 2.24944, -7.15656]
						},
						"0.25": {
							"vector": [12.15286, -0.88639, -24.3767]
						},
						"0.375": {
							"vector": [12.18351, 0.16816, -29.26439]
						},
						"0.5": {
							"vector": [12.1242, 1.22149, -34.15261]
						},
						"0.5417": {
							"vector": [4.56537, 11.30905, -96.33007]
						},
						"2.0417": {
							"vector": [39.56537, 11.30905, -96.33007]
						},
						"2.5": {
							"vector": [49.56537, 11.30905, -96.33007]
						},
						"2.5417": {
							"vector": [50.48563, 1.71392, -88.25669]
						},
						"2.9583": {
							"vector": [49.12477, -13.62895, -75.31714]
						}
					},
					"position": {
						"0.0": {
							"vector": [0, -4, -5]
						},
						"0.25": {
							"vector": [0, 1, 4]
						},
						"0.5417": {
							"vector": [0, 1, 3]
						}
					}
				},
				"right_leg": {
					"rotation": {
						"0.0": {
							"vector": [5, 0, 0]
						},
						"0.25": {
							"vector": [20, 0, 0]
						},
						"0.375": {
							"vector": [19.8423, -2.55868, 7.05239]
						},
						"0.5": {
							"vector": [14.8423, -2.55868, 7.05239]
						},
						"2.0417": {
							"vector": [12.41144, 8.59126, -36.67837]
						},
						"2.5": {
							"vector": [22.41144, 8.59126, -36.67837]
						},
						"2.5417": {
							"vector": [-21.98366, 4.02198, -18.09293]
						}
					},
					"position": {
						"0.0": {
							"vector": [0, 6, -5]
						},
						"0.25": {
							"vector": [0, 7, -5]
						},
						"0.5": {
							"vector": [0, 6, -5]
						},
						"0.5417": {
							"vector": [0, -2852, -5]
						},
						"2.0": {
							"vector": [0, -2852, -5]
						},
						"2.0417": {
							"vector": [-8, 6, -5]
						},
						"2.5": {
							"vector": [-8, 6, -6]
						},
						"2.5417": {
							"vector": [-5, 11, -2]
						},
						"2.9583": {
							"vector": [-5, 9, -2]
						}
					}
				},
				"left_leg": {
					"rotation": {
						"0.0": {
							"vector": [-7.5, 0, 0]
						},
						"0.0833": {
							"vector": [7.49812, -0.13621, 0.01176]
						},
						"0.25": {
							"vector": [-2.50188, -0.13621, 0.01176]
						},
						"0.375": {
							"vector": [-2.48051, -0.35368, -4.98356]
						},
						"0.5": {
							"vector": [-9.98051, -0.35368, -4.98356]
						},
						"2.0417": {
							"vector": [-124.98051, -0.35368, -4.98356]
						},
						"2.5": {
							"vector": [-134.98051, -0.35368, -4.98356]
						},
						"2.5417": {
							"vector": [-109.98051, -0.35368, -4.98356]
						},