{
	"format_version": "1.8.0",
	"animations": {
		"venomdischarge": {
			"animation_length": 1,
			"bones": {
				"body": {
					"rotation": {
						"0.0": {
							"vector": [-7.5, 0, 0]
						},
						"1.0": {
							"vector": [-2.5, 0, 0]
						}
					}
				},
				"head": {
					"rotation": {
						"0.0": {
							"vector": [15, 0, 0]
						},
						"1.0": {
							"vector": [7.5, 0, 0]
						}
					}
				},
				"right_arm": {
					"rotation": {
						"0.0": {
							"vector": [22.5, 0, 65]
						},
						"0.4583": {
							"vector": [22.0561, 2.26468, 59.41357]
						},
						"1.0": {
							"vector": [21.26765, 7.52076, 46.41403]
						}
					}
				},
				"left_arm": {
					"rotation": {
						"0.0": {
							"vector": [15, 0, -67.5]
						},
						"0.4583": {
							"vector": [14.15377, -0.8521, -60.94477]
						},
						"1.0": {
							"vector": [13.64973, -6.27967, -43.25231]
						}
					}
				}
			}
		}
	}
}