{
	"format_version": "1.8.0",
	"animations": {
		"volcanicassault": {
			"animation_length": 2,
			"bones": {
				"body": {
					"rotation": {
						"0.0": {
							"vector": [-9.74494, 0.85699, 4.92136]
						},
						"0.0833": {
							"vector": [-9.77342, -0.41608, -2.47001]
						},
						"0.125": {
							"vector": [-9.77946, 2.04762, -2.89453]
						},
						"0.2083": {
							"vector": [-9.74494, 0.85699, 4.92136]
						},
						"0.25": {
							"vector": [-9.74771, -1.60694, 5.34455]
						},
						"0.3333": {
							"vector": [-9.77342, -0.41608, -2.47001]
						},
						"0.375": {
							"vector": [-9.77946, 2.04762, -2.89453]
						},
						"0.4583": {
							"vector": [-9.74494, 0.85699, 4.92136]
						},
						"0.5": {
							"vector": [-9.74771, -1.60694, 5.34455]
						},
						"0.5833": {
							"vector": [-9.77342, -0.41608, -2.47001]
						},
						"0.625": {
							"vector": [-9.77946, 2.04762, -2.89453]
						},
						"0.7083": {
							"vector": [-9.74494, 0.85699, 4.92136]
						},
						"0.75": {
							"vector": [-9.74771, -1.60694, 5.34455]
						},
						"0.8333": {
							"vector": [-9.77342, -0.41608, -2.47001]
						},
						"0.875": {
							"vector": [-9.77946, 2.04762, -2.89453]
						},
						"0.9583": {
							"vector": [-9.74494, 0.85699, 4.92136]
						},
						"1.0": {
							"vector": [-9.74771, -1.60694, 5.34455]
						},
						"1.0833": {
							"vector": [-9.77342, -0.41608, -2.47001]
						},
						"1.125": {
							"vector": [-9.77946, 2.04762, -2.89453]
						},
						"1.2083": {
							"vector": [-9.74494, 0.85699, 4.92136]
						},
						"1.25": {
							"vector": [-9.74771, -1.60694, 5.34455]
						},
						"1.3333": {
							"vector": [-9.77342, -0.41608, -2.47001]
						},
						"1.375": {
							"vector": [-9.77946, 2.04762, -2.89453]
						},
						"1.4583": {
							"vector": [-9.74494, 0.85699, 4.92136]
						},
						"1.5": {
							"vector": [-9.74771, -1.60694, 5.34455]
						},
						"1.5833": {
							"vector": [-9.77342, -0.41608, -2.47001]
						},
						"1.625": {
							"vector": [-9.77946, 2.04762, -2.89453]
						},
						"1.7083": {
							"vector": [-9.74494, 0.85699, 4.92136]
						},
						"1.75": {
							"vector": [-9.74771, -1.60694, 5.34455]
						},
						"1.8333": {
							"vector": [-9.77342, -0.41608, -2.47001]
						},
						"1.875": {
							"vector": [-9.77946, 2.04762, -2.89453]
						},
						"1.9583": {
							"vector": [-9.74494, 0.85699, 4.92136]
						},
						"2.0": {
							"vector": [-9.74771, -1.60694, 5.34455]
						}
					}
				},
				"head": {
					"rotation": {
						"0.0": {
							"vector": [-37.5, 0, 0]
						},
						"0.2083": {
							"vector": [-37.5, 0, 0]
						},
						"0.4583": {
							"vector": [-37.5, 0, 0]
						},
						"0.7083": {
							"vector": [-37.5, 0, 0]
						},
						"0.9583": {
							"vector": [-37.5, 0, 0]
						},
						"1.2083": {
							"vector": [-37.5, 0, 0]
						},
						"1.4583": {
							"vector": [-37.5, 0, 0]
						},
						"1.7083": {
							"vector": [-37.5, 0, 0]
						},
						"1.9583": {
							"vector": [-37.5, 0, 0]
						}
					}
				},
				"right_arm": {
					"rotation": {
						"0.0": {
							"vector": [-121.99897, -63.17628, -55.00087]
						},
						"0.0833": {
							"vector": [-62.41152, -64.41955, -120.0844]
						},
						"0.125": {
							"vector": [-67.41152, -64.41955, -120.0844]
						},
						"0.2083": {
							"vector": [-121.99897, -63.17628, -55.00087]
						},
						"0.25": {
							"vector": [-114.49897, -63.17628, -55.00087]
						},
						"0.3333": {
							"vector": [-62.41152, -64.41955, -120.0844]
						},
						"0.375": {
							"vector": [-67.41152, -64.41955, -120.0844]
						},
						"0.4583": {
							"vector": [-121.99897, -63.17628, -55.00087]
						},
						"0.5": {
							"vector": [-114.49897, -63.17628, -55.00087]
						},
						"0.5833": {
							"vector": [-62.41152, -64.41955, -120.0844]
						},
						"0.625": {
							"vector": [-67.41152, -64.41955, -120.0844]
						},
						"0.7083": {
							"vector": [-121.99897, -63.17628, -55.00087]
						},
						"0.75": {
							"vector": [-114.49897, -63.17628, -55.00087]
						},
						"0.8333": {
							"vector": [-62.41152, -64.41955, -120.0844]
						},
						"0.875": {
							"vector": [-67.41152, -64.41955, -120.0844]
						},
						"0.9583": {
							"vector": [-121.99897, -63.17628, -55.00087]
						},
						"1.0": {
							"vector": [-114.49897, -63.17628, -55.00087]
						},
						"1.0833": {
							"vector": [-62.41152, -64.41955, -120.0844]
						},
						"1.125": {
							"vector": [-67.41152, -64.41955, -120.0844]
						},
						"1.2083": {
							"vector": [-121.99897, -63.17628, -55.00087]
						},
						"1.25": {
							"vector": [-114.49897, -63.17628, -55.00087]
						},
						"1.3333": {
							"vector": [-62.41152, -64.41955, -120.0844]
						},
						"1.375": {
							"vector": [-67.41152, -64.41955, -120.0844]
						},
						"1.4583": {
							"vector": [-121.99897, -63.17628, -55.00087]
						},
						"1.5": {
							"vector": [-114.49897, -63.17628, -55.00087]
						},
						"1.5833": {
							"vector": [-62.41152, -64.41955, -120.0844]
						},
						"1.625": {
							"vector": [-67.41152, -64.41955, -120.0844]
						},
						"1.7083": {
							"vector": [-121.99897, -63.17628, -55.00087]
						},
						"1.75": {
							"vector": [-114.49897, -63.17628, -55.00087]
						},
						"1.8333": {
							"vector": [-62.41152, -64.41955, -120.0844]
						},
						"1.875": {
							"vector": [-67.41152, -64.41955, -120.0844]
						},
						"1.9583": {
							"vector": [-121.99897, -63.17628, -55.00087]
						},
						"2.0": {
							"vector": [-114.49897, -63.17628, -55.00087]
						}
					},
					"position": {
						"0.0": {
							"vector": [-1, 4, -2]
						},
						"0.0833": {
							"vector": [-1, -8, 0]
						},
						"0.2083": {
							"vector": [-1, 4, -2]
						},
						"0.3333": {
							"vector": [-1, -8, 0]
						},
						"0.4583": {
							"vector": [-1, 4, -2]
						},
						"0.5833": {
							"vector": [-1, -8, 0]
						},
						"0.7083": {
							"vector": [-1, 4, -2]
						},
						"0.8333": {
							"vector": [-1, -8, 0]
						},
						"0.9583": {
							"vector": [-1, 4, -2]
						},
						"1.0833": {
							"vector": [-1, -8, 0]
						},
						"1.2083": {
							"vector": [-1, 4, -2]
						},
						"1.3333": {
							"vector": [-1, -8, 0]
						},
						"1.4583": {
							"vector": [-1, 4, -2]
						},
						"1.5833": {
							"vector": [-1, -8, 0]
						},
						"1.7083": {
							"vector": [-1, 4, -2]
						},
						"1.8333": {
							"vector": [-1, -8, 0]
						},
						"1.9583": {
							"vector": [-1, 4, -2]
						}
					}
				},
				"left_arm": {
					"rotation": {
						"0.0": {
							"vector": [-76.89552, 60.91852, 108.20221]
						},
						"0.0833": {
							"vector": [-64.50316, 75.16668, 121.45319]
						},
						"0.125": {
							"vector": [-57.00316, 75.16668, 121.45319]
						},
						"0.2083": {
							"vector": [-76.89552, 60.91852, 108.20221]
						},
						"0.25": {
							"vector": [-81.89552, 60.91852, 108.20221]
						},
						"0.3333": {
							"vector": [-64.50316, 75.16668, 121.45319]
						},
						"0.375": {
							"vector": [-57.00316, 75.16668, 121.45319]
						},
						"0.4583": {
							"vector": [-76.89552, 60.91852, 108.20221]
						},
						"0.5": {
							"vector": [-81.89552, 60.91852, 108.20221]
						},
						"0.5833": {
							"vector": [-64.50316, 75.16668, 121.45319]
						},
						"0.625": {
							"vector": [-57.00316, 75.16668, 121.45319]
						},
						"0.7083": {
							"vector": [-76.89552, 60.91852, 108.20221]
						},
						"0.75": {
							"vector": [-81.89552, 60.91852, 108.20221]
						},
						"0.8333": {
							"vector": [-64.50316, 75.16668, 121.45319]
						},
						"0.875": {
							"vector": [-57.00316, 75.16668, 121.45319]
						},
						"0.9583": {
							"vector": [-76.89552, 60.91852, 108.20221]
						},