{
	"format_version": "1.8.0",
	"animations": {
		"katana1": {
			"animation_length": 0.25,
			"bones": {
				"body": {
					"rotation": {
						"0.0": {
							"vector": [-10, 20, 0]
						},
						"0.125": {
							"vector": [12.63283, -21.56984, -9.04648]
						},
						"0.25": {
							"vector": [15.40934, -23.9816, -9.76058]
						}
					}
				},
				"head": {
					"rotation": {
						"0.0": {
							"vector": [16.80857, -26.48829, -7.6734]
						},
						"0.125": {
							"vector": [-9.08473, 19.291, 5.38152]
						}
					}
				},
				"right_arm": {
					"rotation": {
						"0.0": {
							"vector": [-197.43305, 25.73828, -19.24297]
						},
						"0.125": {
							"vector": [-10.97064, -10.6745, -39.50202]
						},
						"0.25": {
							"vector": [-8.47064, -10.6745, -39.50202]
						}
					},
					"position": {
						"0.0": {
							"vector": [0, 3, 0]
						},
						"0.125": {
							"vector": [5, -2, -4]
						},
						"0.25": {
							"vector": [5, -3, -4]
						}
					}
				},
				"left_arm": {
					"rotation": {
						"0.0": {
							"vector": [-191.34482, -4.29357, -47.73095]
						},
						"0.125": {
							"vector": [-24.46035, 7.61102, 11.21168]
						},
						"0.25": {
							"vector": [-19.46035, 7.61102, 11.21168]
						}
					},
					"position": {
						"0.0": {
							"vector": [-6, 0, -5]
						},
						"0.125": {
							"vector": [1, -1, 0]
						},
						"0.25": {
							"vector": [1, -2, 0]
						}
					}
				}
			}
		},
		"katana2": {
			"animation_length": 0.25,
			"bones": {
				"body": {
					"rotation": {
						"0.0": {
							"vector": [0, -32.5, 0]
						},
						"0.125": {
							"vector": [10, 37.5, 0]
						},
						"0.25": {
							"vector": [10.75515, 42.41842, 1.17469]
						}
					}
				},
				"head": {
					"rotation": {
						"0.0": {
							"vector": [7.5, 37.5, 0]
						},
						"0.125": {
							"vector": [-3.27469, -35.07032, 9.59077]
						},
						"0.25": {
							"vector": [-3.50214, -40.0616, 9.96348]
						}
					}
				},
				"right_arm": {
					"rotation": {
						"0.0": {
							"vector": [-144.77535, -36.81662, 67.06607]
						},
						"0.125": {
							"vector": [-12.27535, -36.81662, 67.06607]
						},
						"0.25": {
							"vector": [0.22465, -36.81662, 67.06607]
						}
					},
					"position": {
						"0.0": {
							"vector": [4, -3, -3]
						},
						"0.125": {
							"vector": [-1, -1, -1]
						}
					}
				},
				"left_arm": {
					"rotation": {
						"0.0": {
							"vector": [-65, 0, 0]
						},
						"0.125": {
							"vector": [2.45773, -24.56601, 90.01025]
						},
						"0.25": {
							"vector": [4.95773, -24.56601, 90.01025]
						}
					},
					"position": {
						"0.0": {
							"vector": [0, -2, 0]
						},
						"0.125": {
							"vector": [-5, -2, -3]
						}
					}
				}
			}
		},
		"katana3": {
			"animation_length": 0.25,
			"bones": {
				"body": {
					"rotation": {
						"0.0": {
							"vector": [10, 15, 0]
						},
						"0.125": {
							"vector": [-14.19389, -57.78351, 5.5398]
						},
						"0.25": {
							"vector": [-12.75115, -60.20155, 6.77304]
						}
					}
				},
				"head": {
					"rotation": {
						"0.0": {
							"vector": [-0.44067, -9.99038, 2.53852]
						},
						"0.125": {
							"vector": [27.3179, 53.87604, 16.99567]
						},
						"0.25": {
							"vector": [18.31498, 55.91938, 9.05259]
						}
					}
				},
				"right_arm": {
					"rotation": {
						"0.0": {
							"vector": [160.12298, 6.53224, 216.07909]
						},
						"0.125": {
							"vector": [333.22298, 8.80935, 220.57099]
						},
						"0.25": {
							"vector": [334.97576, 13.18697, 229.73296]
						}
					},
					"position": {
						"0.0": {
							"vector": [0, 0, 0]
						},
						"0.125": {
							"vector": [5, 0, -5]
						}
					}
				},
				"left_arm": {
					"rotation": {
						"0.0": {
							"vector": [-187.5, 0, -125]
						},
						"0.125": {
							"vector": [-37.5, 0, -125]
						},
						"0.25": {
							"vector": [-37.26251, 4.55749, -119.03725]
						}
					},
					"position": {
						"0.0": {
							"vector": [-5, -3, -2]
						},
						"0.125": {
							"vector": [1, 2, -2]
						}
					}
				}
			}
		},
		"2katana1": {
			"animation_length": 0.25,
			"bones": {
				"body": {
					"rotation": {
						"0.0": {
							"vector": [-2.5, 30, 0]
						},
						"0.125": {
							"vector": [9.29881, -47.4318, 3.60931]
						},
						"0.25": {
							"vector": [10.31042, -52.35905, 2.28796]
						}
					}
				},
				"head": {
					"rotation": {
						"0.0": {
							"vector": [16.17354, -21.69365, -6.1191]
						},
						"0.125": {
							"vector": [-7.72636, 39.41772, -7.27364]
						},
						"0.25": {
							"vector": [-6.77768, 46.84969, -5.88905]
						}
					}
				},
				"right_arm": {
					"rotation": {
						"0.0": {
							"vector": [-163.46799, -20.5266, -60.96567]
						},
						"0.125": {
							"vector": [-15.96799, -20.5266, -60.96567]
						},
						"0.25": {
							"vector": [-13.46799, -20.5266, -60.96567]
						}
					},
					"position": {
						"0.0": {
							"vector": [0, 0, 0]
						},
						"0.125": {
							"vector": [2, -2, -1]
						}
					}
				},
				"left_arm": {
					"rotation": {
						"0.0": {
							"vector": [-133.52279, -33.60134, -62.27421]
						},
						"0.125": {
							"vector": [16.47721, -33.60134, -62.27421]
						},
						"0.25": {
							"vector": [21.47721, -33.60134, -62.27421]
						}
					},
					"position": {
						"0.0": {
							"vector": [0, 0, -6]
						},
						"0.125": {
							"vector": [0, -2, 0]
						}
					}
				}
			}
		},
		"2katana2": {
			"animation_length": 0.25,
			"bones": {
				"body": {
					"rotation": {
						"0.0": {
							"vector": [7.5, -37.5, 0]
						},
						"0.125": {
							"vector": [22.45288, 37.02802, 9.08652]
						},
						"0.25": {
							"vector": [24.07169, 41.62246, 11.63866]
						}
					}
				},
				"head": {
					"rotation": {
						"0.0": {
							"vector": [0, 40, 0]
						},
						"0.125": {
							"vector": [-24.18273, -39.8173, 6.51543]
						},
						"0.25": {
							"vector": [-14.18273, -39.8173, 6.51543]
						}
					}
				},
				"right_arm": {
					"rotation": {
						"0.0": {
							"vector": [-173.06512, 2.86313, 85.17352]
						},
						"0.125": {
							"vector": [-28.06512, 2.86313, 85.17352]
						},
						"0.25": {
							"vector": [-23.06512, 2.86313, 85.17352]
						}
					},
					"position": {
						"0.0": {
							"vector": [3, 0, -4]
						},
						"0.125": {
							"vector": [-2, 0, 0]
						}
					}
				},
				"left_arm": {
					"rotation": {
						"0.0": {
							"vector": [159.35924, -14.22785, -265.6201]
						},
						"0.125": {
							"vector": [319.35924, -14.22785, -265.6201]
						},
						"0.25": {
							"vector": [326.85924, -14.22785, -265.6201]
						}
					},
					"position": {
						"0.0": {
							"vector": [0, 0, 1]
						},
						"0.125": {
							"vector": [-4, 0, -3]
						}
					}
				}
			}
		},
		"2katana3": {
			"animation_length": 0.25,
			"bones": {
				"body": {
					"rotation": {
						"0.0": {
							"vector": [-5, 0, 0]
						},
						"0.125": {
							"vector": [15, 0, 0]
						},
						"0.25": {
							"vector": [10, 0, 0]
						}
					}
				},
				"head": {
					"rotation": {
						"0.0": {
							"vector": [5, 0, 0]
						},
						"0.125": {
							"vector": [-17.5, 0, 0]
						},
						"0.25": {
							"vector": [0, 0, 0]
						}
					}
				},
				"right_arm": {
					"rotation": {
						"0.0": {
							"vector": [-132.5, 0, 92.5]
						},
						"0.125": {
							"vector": [25, 0, 92.5]
						},
						"0.25": {
							"vector": [30.98971, 37.54881, 96.13426]
						}
					}
				},
				"left_arm": {
					"rotation": {
						"0.0": {
							"vector": [-135.43855, 7.05302, -99.60708]
						},
						"0.125": {
							"vector": [34.31282, -8.80348, -83.59072]
						},
						"0.25": {
							"vector": [44.85743, -29.80905, -87.26557]
						}
					}
				}
			}
		},
		"cutlass1": {
			"animation_length": 0.25,