{
	"format_version": "1.8.0",
	"animations": {
		"yakimochi": {
			"animation_length": 1.25,
			"bones": {
				"body": {
					"rotation": {
						"0.0": {
							"vector": [12.5, 0, 0]
						},
						"0.125": {
							"vector": [13.08619, -17.07228, -3.90399]
						},
						"0.2083": {
							"vector": [12.87993, 11.05345, 3.15266]
						},
						"0.25": {
							"vector": [13.75691, 39.72177, 10.24039]
						},
						"0.3333": {
							"vector": [17.29999, 49.34154, 14.08993]
						},
						"0.5": {
							"vector": [16.25691, 39.72177, 10.24039]
						},
						"1.0": {
							"vector": [15.22242, 34.90883, 8.53545]
						},
						"1.0833": {
							"vector": [71.20169, -53.1757, -20.76786]
						},
						"1.1667": {
							"vector": [76.97024, -53.80893, -24.83368]
						},
						"1.25": {
							"vector": [87.34789, -54.83775, -37.59055]
						}
					},
					"position": {
						"0.0": {
							"vector": [0, -1, -2]
						},
						"0.125": {
							"vector": [0, 0, 1]
						},
						"0.25": {
							"vector": [0, 0, 2]
						},
						"0.5": {
							"vector": [0, 0, 1.3]
						},
						"1.0": {
							"vector": [0, 0, 0.3]
						},
						"1.0833": {
							"vector": [0, 0, -6.7]
						},
						"1.1667": {
							"vector": [0, 0, -7.2]
						},
						"1.25": {
							"vector": [0, 0, -6.5]
						}
					}
				},
				"head": {
					"rotation": {
						"0.0": {
							"vector": [0, 0, 0]
						},
						"0.4167": {
							"vector": [0, -37.5, 0]
						}
					}
				},
				"right_arm": {
					"rotation": {
						"0.0": {
							"vector": [-15, 0, 0]
						},
						"0.1667": {
							"vector": [-37.5, 0, 0]
						},
						"0.2917": {
							"vector": [-79.52521, -17.22575, -3.13388]
						},
						"0.625": {
							"vector": [-99.08541, -2.46151, -0.42362]
						},
						"1.0": {
							"vector": [-99.11095, -4.93007, -0.02751]
						},
						"1.0833": {
							"vector": [-164.87977, 47.36631, -34.87898]
						},
						"1.25": {
							"vector": [-105.909, 17.92074, 18.7256]
						}
					},
					"position": {
						"0.0": {
							"vector": [0, -1.2, 0]
						},
						"0.1667": {
							"vector": [0, -1.2, -1]
						},
						"0.2917": {
							"vector": [-2, -1.2, 1.8]
						},
						"0.625": {
							"vector": [-2, -1.2, 5]
						},
						"1.0": {
							"vector": [-3, -1.2, 3]
						},
						"1.0833": {
							"vector": [-3, -0.2, 1]
						},
						"1.25": {
							"vector": [-1, -0.2, -1]
						}
					}
				},
				"left_arm": {
					"rotation": {
						"0.0": {
							"vector": [-12.45392, -1.08089, -4.88206]
						},
						"0.1667": {
							"vector": [-29.95392, -1.08089, -4.88206]
						},
						"0.375": {
							"vector": [-86.33259, -46.02327, -7.47489]
						},
						"1.0": {
							"vector": [-86.74491, -38.53686, -6.86332]
						},
						"1.0833": {
							"vector": [-77.34263, -78.3053, -17.23683]
						}
					},
					"position": {
						"0.0": {
							"vector": [0, 0, 0]
						},
						"0.375": {
							"vector": [0, 0, -2]
						},
						"1.0833": {
							"vector": [0, 0, 2]
						}
					}
				},
				"right_leg": {
					"rotation": {
						"0.0": {
							"vector": [-32.5, 0, 0]
						},
						"0.6667": {
							"vector": [-41.57337, -19.05681, -20.20848]
						},
						"1.0": {
							"vector": [-48.85232, -9.71847, -11.12741]
						},
						"1.2083": {
							"vector": [-54.56224, 11.523, 7.8535]
						}
					}
				},
				"left_leg": {
					"rotation": {
						"0.0": {
							"vector": [-12.5, 0, 0]
						},
						"0.2083": {
							"vector": [17.5, 0, 0]
						},
						"0.4583": {
							"vector": [27.5, 0, 0]
						}
					}
				}
			}
		}
	}
}