{
	"format_version": "1.8.0",
	"animations": {
		"zushibackflip": {
			"animation_length": 0.9167,
			"bones": {
				"body": {
					"rotation": {
						"0.0": {
							"vector": [15, 0, 0]
						},
						"0.0417": {
							"vector": [6.88, 0, 0]
						},
						"0.4167": {
							"vector": [-317.16, 0, 0]
						},
						"0.5": {
							"vector": [-352.5, 0, 0]
						},
						"0.7083": {
							"vector": [-351.25, 0, 0]
						},
						"0.8333": {
							"vector": [-360, 0, 0]
						}
					},
					"position": {
						"0.0": {
							"vector": [0, -3, 0]
						},
						"0.125": {
							"vector": [0, 9, 0]
						},
						"0.2917": {
							"vector": [0, 10, 0]
						},
						"0.4583": {
							"vector": [0, 7, 0]
						},
						"0.5833": {
							"vector": [0, -3, 0]
						},
						"0.7083": {
							"vector": [0, -4, 0]
						},
						"0.8333": {
							"vector": [0, -1, 0]
						}
					}
				},
				"head": {
					"rotation": {
						"0.0": {
							"vector": [37.5, 0, 0]
						},
						"0.1667": {
							"vector": [-62.5, 0, 0]
						},
						"0.5": {
							"vector": [16.74, 0, 0]
						},
						"0.875": {
							"vector": [5, 0, 0]
						}
					}
				},
				"right_arm": {
					"rotation": {
						"0.0": {
							"vector": [65, 0, 42.5]
						},
						"0.25": {
							"vector": [59.32086, -29.7035, 59.12715]
						},
						"0.9167": {
							"vector": [7.23165, 22.88305, 19.44419]
						}
					}
				},
				"left_arm": {
					"rotation": {
						"0.0": {
							"vector": [60, 0, -40]
						},
						"0.25": {
							"vector": [38.42105, 0, -40]
						},
						"0.9167": {
							"vector": [-9.47633, -17.27832, -17.53516]
						}
					}
				},
				"right_leg": {
					"rotation": {
						"0.0": {
							"vector": [0, 0, 5]
						},
						"0.0833": {
							"vector": [25, 0, 5]
						},
						"0.25": {
							"vector": [12.5, 0, 5]
						},
						"0.4167": {
							"vector": [-17.5, 0, 5]
						},
						"0.5417": {
							"vector": [2.5, 0, 5]
						},
						"0.7083": {
							"vector": [12.5, 0, 5]
						},
						"0.8333": {
							"vector": [2.5, 0, 5]
						}
					},
					"position": {
						"0.0": {
							"vector": [0, 4, -4]
						},
						"0.0833": {
							"vector": [0, -1, 0]
						},
						"0.25": {
							"vector": [0, 4, -5]
						},
						"0.4167": {
							"vector": [0, -1, 0]
						},
						"0.5417": {
							"vector": [0, -1, 0]
						},
						"0.7083": {
							"vector": [0, 2, -4]
						},
						"0.8333": {
							"vector": [0, 0, -1]
						}
					}
				},
				"left_leg": {
					"rotation": {
						"0.0": {
							"vector": [0, 0, -2.5]
						},
						"0.0833": {
							"vector": [30, 0, -2.5]
						},
						"0.25": {
							"vector": [7.5, 0, -2.5]
						},
						"0.4167": {
							"vector": [-25, 0, -2.5]
						},
						"0.5417": {
							"vector": [-2.5, 0, -2.5]
						},
						"0.7083": {
							"vector": [15, 0, -2.5]
						},
						"0.8333": {
							"vector": [5, 0, -2.5]
						}
					},
					"position": {
						"0.0": {
							"vector": [0, 4, -4]
						},
						"0.0833": {
							"vector": [0, -1, 0]
						},
						"0.25": {
							"vector": [0, 5, -6]
						},
						"0.4167": {
							"vector": [0, -1, 0]
						},
						"0.5417": {
							"vector": [0, -1, 0]
						},
						"0.7083": {
							"vector": [0, 3, -4]
						},
						"0.8333": {
							"vector": [0, 0, -1]
						}
					}
				}
			}
		}
	}
}