{
	"format_version": "1.8.0",
	"animations": {
		"zushipose": {
			"animation_length": 5,
			"bones": {
				"body": {
					"rotation": [161.91109, -27.3797, -178.53737],
					"position": {
						"0.0": [0, 0, 0],
						"0.5": [0, 0, 0],
						"1.5": [0, 0, 0],
						"2.0": [0, 0, 0],
						"3.0": [0, 0, 0],
						"3.5": [0, 0, 0],
						"4.5": [0, 0, 0],
						"5.0": [0, 0, 0]
					}
				},
				"torso": {
					"position": {
						"0.0": [0, 0, 0],
						"0.5": [0, -0.25, 0],
						"1.0": [0, 0, 0],
						"1.5": [0, -0.25, 0],
						"2.0": [0, -0.25, 0],
						"2.5": [0, 0, 0],
						"3.0": [0, -0.25, 0],
						"3.5": [0, -0.25, 0],
						"4.0": [0, 0, 0],
						"4.5": [0, -0.25, 0],
						"5.0": [0, 0, 0]
					}
				},
				"head": {
					"rotation": [108.30917, 76.68209, 101.45075],
					"position": {
						"0.0": [0, 0, 0],
						"0.5": [0, -0.25, 0],
						"1.0": [0, 0, 0],
						"1.5": [0, -0.25, 0],
						"2.0": [0, -0.25, 0],
						"2.5": [0, 0, 0],
						"3.0": [0, -0.25, 0],
						"3.5": [0, -0.25, 0],
						"4.0": [0, 0, 0],
						"4.5": [0, -0.25, 0],
						"5.0": [0, 0, 0]
					}
				},
				"right_arm": {
					"rotation": [8.53297, 7.74736, 164.16169],
					"position": {
						"0.0": [-2, -3, -2],
						"0.5": [-2, -3.25, -2],
						"1.0": [-2, -3, -2],
						"1.5": [-2, -3.25, -2],
						"2.0": [-2, -3.25, -2],
						"2.5": [-2, -3, -2],
						"3.0": [-2, -3.25, -2],
						"3.5": [-2, -3.25, -2],
						"4.0": [-2, -3, -2],
						"4.5": [-2, -3.25, -2],
						"5.0": [-2, -3, -2]
					}
				},
				"left_arm": {
					"rotation": [-59.87373, 58.95768, 11.43596],
					"position": {
						"0.0": [0, 0, 0],
						"0.5": [0, -0.25, 0],
						"1.0": [0, 0, 0],
						"1.5": [0, -0.25, 0],
						"2.0": [0, -0.25, 0],
						"2.5": [0, 0, 0],
						"3.0": [0, -0.25, 0],
						"3.5": [0, -0.25, 0],
						"4.0": [0, 0, 0],
						"4.5": [0, -0.25, 0],
						"5.0": [0, 0, 0]
					}
				},
				"right_leg": {
					"rotation": [35, 0, 0]
				},
				"left_leg": {
					"rotation": [20, 0, 0],
					"position": [0, 0, -2]
				}
			}
		}
	}
}