{
	"format_version": "1.8.0",
	"animations": {
		"mamaragan": {
			"animation_length": 2,
			"bones": {
				"body": {
					"rotation": {
						"0.0": {
							"vector": [5, 0, 0]
						},
						"0.1667": {
							"vector": [4.17, 0, 0]
						},
						"0.5": {
							"vector": [-5, 0, 0]
						},
						"2.0": {
							"vector": [-2.5, 0, 0]
						}
					}
				},
				"head": {
					"rotation": {
						"0.0": {
							"vector": [17.5, 0, 0]
						},
						"0.1667": {
							"vector": [14.17, 0, 0]
						},
						"0.5": {
							"vector": [7.5, 0, 0]
						},
						"2.0": {
							"vector": [2.5, 0, 0]
						}
					}
				},
				"right_arm": {
					"rotation": {
						"0.0": {
							"vector": [-57.5, 0, 0]
						},
						"0.1667": {
							"vector": [-60.81943, -9.83348, -20.62792]
						},
						"0.25": {
							"vector": [-83.1164, 4.04312, -31.05797]
						},
						"0.5": {
							"vector": [-149.51189, 75.4534, -58.68934]
						},
						"0.7083": {
							"vector": [-217.7745, 72.86426, -130.16821]
						},
						"0.875": {
							"vector": [-213.30017, 71.95186, -128.1908]
						},
						"2.0": {
							"vector": [-129.51189, 75.4534, -58.68934]
						}
					}
				},
				"left_arm": {
					"rotation": {
						"0.0": {
							"vector": [-55, 0, 0]
						},
						"0.1667": {
							"vector": [-51.71764, 13.82759, 22.63855]
						},
						"0.25": {
							"vector": [-78.25438, -2.48638, 34.59291]
						},
						"0.5": {
							"vector": [-157.51161, -71.0069, 66.35564]
						},
						"0.7083": {
							"vector": [-203.05201, -70.79446, 116.19343]
						},
						"0.875": {
							"vector": [-201.60079, -70.03713, 116.85435]
						},
						"2.0": {
							"vector": [-140.01161, -71.0069, 66.35564]
						}
					}
				}
			}
		}
	}
}